Date,Team,Points
2019-08-09,Liverpool,3
2019-08-09,Norwich City,0
2019-08-10,Arsenal,0
2019-08-10,Aston Villa,0
2019-08-10,Bournemouth,1
2019-08-10,Brighton and Hove Albion,3
2019-08-10,Burnley,3
2019-08-10,Chelsea,0
2019-08-10,Crystal Palace,1
2019-08-10,Everton,1
2019-08-10,Leicester City,0
2019-08-10,Liverpool,3
2019-08-10,Manchester City,3
2019-08-10,Manchester United,0
2019-08-10,Newcastle United,0
2019-08-10,Norwich City,0
2019-08-10,Sheffield United,1
2019-08-10,Southampton,0
2019-08-10,Tottenham Hotspur,3
2019-08-10,Watford,0
2019-08-10,West Ham United,0
2019-08-10,Wolverhampton Wanderers,0
2019-08-11,Arsenal,3
2019-08-11,Aston Villa,0
2019-08-11,Bournemouth,1
2019-08-11,Brighton and Hove Albion,3
2019-08-11,Burnley,3
2019-08-11,Chelsea,0
2019-08-11,Crystal Palace,1
2019-08-11,Everton,1
2019-08-11,Leicester City,1
2019-08-11,Liverpool,3
2019-08-11,Manchester City,3
2019-08-11,Manchester United,3
2019-08-11,Newcastle United,0
2019-08-11,Norwich City,0
2019-08-11,Sheffield United,1
2019-08-11,Southampton,0
2019-08-11,Tottenham Hotspur,3
2019-08-11,Watford,0
2019-08-11,West Ham United,0
2019-08-11,Wolverhampton Wanderers,1
2019-08-17,Arsenal,6
2019-08-17,Aston Villa,0
2019-08-17,Bournemouth,4
2019-08-17,Brighton and Hove Albion,4
2019-08-17,Burnley,3
2019-08-17,Chelsea,0
2019-08-17,Crystal Palace,1
2019-08-17,Everton,4
2019-08-17,Leicester City,1
2019-08-17,Liverpool,6
2019-08-17,Manchester City,4
2019-08-17,Manchester United,3
2019-08-17,Newcastle United,0
2019-08-17,Norwich City,3
2019-08-17,Sheffield United,1
2019-08-17,Southampton,0
2019-08-17,Tottenham Hotspur,4
2019-08-17,Watford,0
2019-08-17,West Ham United,1
2019-08-17,Wolverhampton Wanderers,1
2019-08-18,Arsenal,6
2019-08-18,Aston Villa,0
2019-08-18,Bournemouth,4
2019-08-18,Brighton and Hove Albion,4
2019-08-18,Burnley,3
2019-08-18,Chelsea,1
2019-08-18,Crystal Palace,1
2019-08-18,Everton,4
2019-08-18,Leicester City,2
2019-08-18,Liverpool,6
2019-08-18,Manchester City,4
2019-08-18,Manchester United,3
2019-08-18,Newcastle United,0
2019-08-18,Norwich City,3
2019-08-18,Sheffield United,4
2019-08-18,Southampton,0
2019-08-18,Tottenham Hotspur,4
2019-08-18,Watford,0
2019-08-18,West Ham United,1
2019-08-18,Wolverhampton Wanderers,1
2019-08-19,Arsenal,6
2019-08-19,Aston Villa,0
2019-08-19,Bournemouth,4
2019-08-19,Brighton and Hove Albion,4
2019-08-19,Burnley,3
2019-08-19,Chelsea,1
2019-08-19,Crystal Palace,1
2019-08-19,Everton,4
2019-08-19,Leicester City,2
2019-08-19,Liverpool,6
2019-08-19,Manchester City,4
2019-08-19,Manchester United,4
2019-08-19,Newcastle United,0
2019-08-19,Norwich City,3
2019-08-19,Sheffield United,4
2019-08-19,Southampton,0
2019-08-19,Tottenham Hotspur,4
2019-08-19,Watford,0
2019-08-19,West Ham United,1
2019-08-19,Wolverhampton Wanderers,2
2019-08-23,Arsenal,6
2019-08-23,Aston Villa,3
2019-08-23,Bournemouth,4
2019-08-23,Brighton and Hove Albion,4
2019-08-23,Burnley,3
2019-08-23,Chelsea,1
2019-08-23,Crystal Palace,1
2019-08-23,Everton,4
2019-08-23,Leicester City,2
2019-08-23,Liverpool,6
2019-08-23,Manchester City,4
2019-08-23,Manchester United,4
2019-08-23,Newcastle United,0
2019-08-23,Norwich City,3
2019-08-23,Sheffield United,4
2019-08-23,Southampton,0
2019-08-23,Tottenham Hotspur,4
2019-08-23,Watford,0
2019-08-23,West Ham United,1
2019-08-23,Wolverhampton Wanderers,2
2019-08-24,Arsenal,6
2019-08-24,Aston Villa,3
2019-08-24,Bournemouth,4
2019-08-24,Brighton and Hove Albion,4
2019-08-24,Burnley,3
2019-08-24,Chelsea,4
2019-08-24,Crystal Palace,4
2019-08-24,Everton,4
2019-08-24,Leicester City,5
2019-08-24,Liverpool,9
2019-08-24,Manchester City,4
2019-08-24,Manchester United,4
2019-08-24,Newcastle United,0
2019-08-24,Norwich City,3
2019-08-24,Sheffield United,4
2019-08-24,Southampton,3
2019-08-24,Tottenham Hotspur,4
2019-08-24,Watford,0
2019-08-24,West Ham United,4
2019-08-24,Wolverhampton Wanderers,2
2019-08-25,Arsenal,6
2019-08-25,Aston Villa,3
2019-08-25,Bournemouth,4
2019-08-25,Brighton and Hove Albion,4
2019-08-25,Burnley,4
2019-08-25,Chelsea,4
2019-08-25,Crystal Palace,4
2019-08-25,Everton,4
2019-08-25,Leicester City,5
2019-08-25,Liverpool,9
2019-08-25,Manchester City,7
2019-08-25,Manchester United,4
2019-08-25,Newcastle United,3
2019-08-25,Norwich City,3
2019-08-25,Sheffield United,4
2019-08-25,Southampton,3
2019-08-25,Tottenham Hotspur,4
2019-08-25,Watford,0
2019-08-25,West Ham United,4
2019-08-25,Wolverhampton Wanderers,3
2019-08-31,Arsenal,6
2019-08-31,Aston Villa,3
2019-08-31,Bournemouth,4
2019-08-31,Brighton and Hove Albion,4
2019-08-31,Burnley,4
2019-08-31,Chelsea,5
2019-08-31,Crystal Palace,7
2019-08-31,Everton,4
2019-08-31,Leicester City,8
2019-08-31,Liverpool,12
2019-08-31,Manchester City,10
2019-08-31,Manchester United,5
2019-08-31,Newcastle United,4
2019-08-31,Norwich City,3
2019-08-31,Sheffield United,5
2019-08-31,Southampton,4
2019-08-31,Tottenham Hotspur,4
2019-08-31,Watford,1
2019-08-31,West Ham United,7
2019-08-31,Wolverhampton Wanderers,3
2019-09-01,Arsenal,7
2019-09-01,Aston Villa,3
2019-09-01,Bournemouth,4
2019-09-01,Brighton and Hove Albion,4
2019-09-01,Burnley,4
2019-09-01,Chelsea,5
2019-09-01,Crystal Palace,7
2019-09-01,Everton,7
2019-09-01,Leicester City,8
2019-09-01,Liverpool,12
2019-09-01,Manchester City,10
2019-09-01,Manchester United,5
2019-09-01,Newcastle United,4
2019-09-01,Norwich City,3
2019-09-01,Sheffield United,5
2019-09-01,Southampton,4
2019-09-01,Tottenham Hotspur,5
2019-09-01,Watford,1
2019-09-01,West Ham United,7
2019-09-01,Wolverhampton Wanderers,3
2019-09-14,Arsenal,7
2019-09-14,Aston Villa,3
2019-09-14,Bournemouth,4
2019-09-14,Brighton and Hove Albion,5
2019-09-14,Burnley,5
2019-09-14,Chelsea,8
2019-09-14,Crystal Palace,7
2019-09-14,Everton,7
2019-09-14,Leicester City,8
2019-09-14,Liverpool,15
2019-09-14,Manchester City,10
2019-09-14,Manchester United,8
2019-09-14,Newcastle United,4
2019-09-14,Norwich City,6
2019-09-14,Sheffield United,5
2019-09-14,Southampton,7
2019-09-14,Tottenham Hotspur,8
2019-09-14,Watford,1
2019-09-14,West Ham United,7
2019-09-14,Wolverhampton Wanderers,3
2019-09-15,Arsenal,8
2019-09-15,Aston Villa,3
2019-09-15,Bournemouth,7
2019-09-15,Brighton and Hove Albion,5
2019-09-15,Burnley,5
2019-09-15,Chelsea,8
2019-09-15,Crystal Palace,7
2019-09-15,Everton,7
2019-09-15,Leicester City,8
2019-09-15,Liverpool,15
2019-09-15,Manchester City,10
2019-09-15,Manchester United,8
2019-09-15,Newcastle United,4
2019-09-15,Norwich City,6
2019-09-15,Sheffield United,5
2019-09-15,Southampton,7
2019-09-15,Tottenham Hotspur,8
2019-09-15,Watford,2
2019-09-15,West Ham United,7
2019-09-15,Wolverhampton Wanderers,3
2019-09-16,Arsenal,8
2019-09-16,Aston Villa,4
2019-09-16,Bournemouth,7
2019-09-16,Brighton and Hove Albion,5
2019-09-16,Burnley,5
2019-09-16,Chelsea,8
2019-09-16,Crystal Palace,7
2019-09-16,Everton,7
2019-09-16,Leicester City,8
2019-09-16,Liverpool,15
2019-09-16,Manchester City,10
2019-09-16,Manchester United,8
2019-09-16,Newcastle United,4
2019-09-16,Norwich City,6
2019-09-16,Sheffield United,5
2019-09-16,Southampton,7
2019-09-16,Tottenham Hotspur,8
2019-09-16,Watford,2
2019-09-16,West Ham United,8
2019-09-16,Wolverhampton Wanderers,3
2019-09-20,Arsenal,8
2019-09-20,Aston Villa,4
2019-09-20,Bournemouth,10
2019-09-20,Brighton and Hove Albion,5
2019-09-20,Burnley,5
2019-09-20,Chelsea,8
2019-09-20,Crystal Palace,7
2019-09-20,Everton,7
2019-09-20,Leicester City,8
2019-09-20,Liverpool,15
2019-09-20,Manchester City,10
2019-09-20,Manchester United,8
2019-09-20,Newcastle United,4
2019-09-20,Norwich City,6
2019-09-20,Sheffield United,5
2019-09-20,Southampton,7
2019-09-20,Tottenham Hotspur,8
2019-09-20,Watford,2
2019-09-20,West Ham United,8
2019-09-20,Wolverhampton Wanderers,3
2019-09-21,Arsenal,8
2019-09-21,Aston Villa,4
2019-09-21,Bournemouth,10
2019-09-21,Brighton and Hove Albion,6
2019-09-21,Burnley,8
2019-09-21,Chelsea,8
2019-09-21,Crystal Palace,7
2019-09-21,Everton,7
2019-09-21,Leicester City,11
2019-09-21,Liverpool,15
2019-09-21,Manchester City,13
2019-09-21,Manchester United,8
2019-09-21,Newcastle United,5
2019-09-21,Norwich City,6
2019-09-21,Sheffield United,8
2019-09-21,Southampton,7
2019-09-21,Tottenham Hotspur,8
2019-09-21,Watford,2
2019-09-21,West Ham United,8
2019-09-21,Wolverhampton Wanderers,3
2019-09-22,Arsenal,11
2019-09-22,Aston Villa,4
2019-09-22,Bournemouth,10
2019-09-22,Brighton and Hove Albion,6
2019-09-22,Burnley,8
2019-09-22,Chelsea,8
2019-09-22,Crystal Palace,8
2019-09-22,Everton,7
2019-09-22,Leicester City,11
2019-09-22,Liverpool,18
2019-09-22,Manchester City,13
2019-09-22,Manchester United,8
2019-09-22,Newcastle United,5
2019-09-22,Norwich City,6
2019-09-22,Sheffield United,8
2019-09-22,Southampton,7
2019-09-22,Tottenham Hotspur,8
2019-09-22,Watford,2
2019-09-22,West Ham United,11
2019-09-22,Wolverhampton Wanderers,4
2019-09-28,Arsenal,11
2019-09-28,Aston Villa,5
2019-09-28,Bournemouth,11
2019-09-28,Brighton and Hove Albion,6
2019-09-28,Burnley,9
2019-09-28,Chelsea,11
2019-09-28,Crystal Palace,11
2019-09-28,Everton,7
2019-09-28,Leicester City,11
2019-09-28,Liverpool,21
2019-09-28,Manchester City,16
2019-09-28,Manchester United,8
2019-09-28,Newcastle United,5
2019-09-28,Norwich City,6
2019-09-28,Sheffield United,8
2019-09-28,Southampton,7
2019-09-28,Tottenham Hotspur,11
2019-09-28,Watford,2
2019-09-28,West Ham United,12
2019-09-28,Wolverhampton Wanderers,7
2019-09-29,Arsenal,11
2019-09-29,Aston Villa,5
2019-09-29,Bournemouth,11
2019-09-29,Brighton and Hove Albion,6
2019-09-29,Burnley,9
2019-09-29,Chelsea,11
2019-09-29,Crystal Palace,11
2019-09-29,Everton,7
2019-09-29,Leicester City,14
2019-09-29,Liverpool,21
2019-09-29,Manchester City,16
2019-09-29,Manchester United,8
2019-09-29,Newcastle United,5
2019-09-29,Norwich City,6
2019-09-29,Sheffield United,8
2019-09-29,Southampton,7
2019-09-29,Tottenham Hotspur,11
2019-09-29,Watford,2
2019-09-29,West Ham United,12
2019-09-29,Wolverhampton Wanderers,7
2019-09-30,Arsenal,12
2019-09-30,Aston Villa,5
2019-09-30,Bournemouth,11
2019-09-30,Brighton and Hove Albion,6
2019-09-30,Burnley,9
2019-09-30,Chelsea,11
2019-09-30,Crystal Palace,11
2019-09-30,Everton,7
2019-09-30,Leicester City,14
2019-09-30,Liverpool,21
2019-09-30,Manchester City,16
2019-09-30,Manchester United,9
2019-09-30,Newcastle United,5
2019-09-30,Norwich City,6
2019-09-30,Sheffield United,8
2019-09-30,Southampton,7
2019-09-30,Tottenham Hotspur,11
2019-09-30,Watford,2
2019-09-30,West Ham United,12
2019-09-30,Wolverhampton Wanderers,7
2019-10-05,Arsenal,12
2019-10-05,Aston Villa,8
2019-10-05,Bournemouth,11
2019-10-05,Brighton and Hove Albion,9
2019-10-05,Burnley,12
2019-10-05,Chelsea,11
2019-10-05,Crystal Palace,14
2019-10-05,Everton,7
2019-10-05,Leicester City,14
2019-10-05,Liverpool,24
2019-10-05,Manchester City,16
2019-10-05,Manchester United,9
2019-10-05,Newcastle United,5
2019-10-05,Norwich City,6
2019-10-05,Sheffield United,9
2019-10-05,Southampton,7
2019-10-05,Tottenham Hotspur,11
2019-10-05,Watford,3
2019-10-05,West Ham United,12
2019-10-05,Wolverhampton Wanderers,7
2019-10-06,Arsenal,15
2019-10-06,Aston Villa,8
2019-10-06,Bournemouth,11
2019-10-06,Brighton and Hove Albion,9
2019-10-06,Burnley,12
2019-10-06,Chelsea,14
2019-10-06,Crystal Palace,14
2019-10-06,Everton,7
2019-10-06,Leicester City,14
2019-10-06,Liverpool,24
2019-10-06,Manchester City,16
2019-10-06,Manchester United,9
2019-10-06,Newcastle United,8
2019-10-06,Norwich City,6
2019-10-06,Sheffield United,9
2019-10-06,Southampton,7
2019-10-06,Tottenham Hotspur,11
2019-10-06,Watford,3
2019-10-06,West Ham United,12
2019-10-06,Wolverhampton Wanderers,10
2019-10-19,Arsenal,15
2019-10-19,Aston Villa,11
2019-10-19,Bournemouth,12
2019-10-19,Brighton and Hove Albion,9
2019-10-19,Burnley,12
2019-10-19,Chelsea,17
2019-10-19,Crystal Palace,14
2019-10-19,Everton,10
2019-10-19,Leicester City,17
2019-10-19,Liverpool,24
2019-10-19,Manchester City,19
2019-10-19,Manchester United,9
2019-10-19,Newcastle United,8
2019-10-19,Norwich City,7
2019-10-19,Sheffield United,9
2019-10-19,Southampton,8
2019-10-19,Tottenham Hotspur,12
2019-10-19,Watford,4
2019-10-19,West Ham United,12
2019-10-19,Wolverhampton Wanderers,11
2019-10-20,Arsenal,15
2019-10-20,Aston Villa,11
2019-10-20,Bournemouth,12
2019-10-20,Brighton and Hove Albion,9
2019-10-20,Burnley,12
2019-10-20,Chelsea,17
2019-10-20,Crystal Palace,14
2019-10-20,Everton,10
2019-10-20,Leicester City,17
2019-10-20,Liverpool,25
2019-10-20,Manchester City,19
2019-10-20,Manchester United,10
2019-10-20,Newcastle United,8
2019-10-20,Norwich City,7
2019-10-20,Sheffield United,9
2019-10-20,Southampton,8
2019-10-20,Tottenham Hotspur,12
2019-10-20,Watford,4
2019-10-20,West Ham United,12
2019-10-20,Wolverhampton Wanderers,11
2019-10-21,Arsenal,15
2019-10-21,Aston Villa,11
2019-10-21,Bournemouth,12
2019-10-21,Brighton and Hove Albion,9
2019-10-21,Burnley,12
2019-10-21,Chelsea,17
2019-10-21,Crystal Palace,14
2019-10-21,Everton,10
2019-10-21,Leicester City,17
2019-10-21,Liverpool,25
2019-10-21,Manchester City,19
2019-10-21,Manchester United,10
2019-10-21,Newcastle United,8
2019-10-21,Norwich City,7
2019-10-21,Sheffield United,12
2019-10-21,Southampton,8
2019-10-21,Tottenham Hotspur,12
2019-10-21,Watford,4
2019-10-21,West Ham United,12
2019-10-21,Wolverhampton Wanderers,11
2019-10-25,Arsenal,15
2019-10-25,Aston Villa,11
2019-10-25,Bournemouth,12
2019-10-25,Brighton and Hove Albion,9
2019-10-25,Burnley,12
2019-10-25,Chelsea,17
2019-10-25,Crystal Palace,14
2019-10-25,Everton,10
2019-10-25,Leicester City,20
2019-10-25,Liverpool,25
2019-10-25,Manchester City,19
2019-10-25,Manchester United,10
2019-10-25,Newcastle United,8
2019-10-25,Norwich City,7
2019-10-25,Sheffield United,12
2019-10-25,Southampton,8
2019-10-25,Tottenham Hotspur,12
2019-10-25,Watford,4
2019-10-25,West Ham United,12
2019-10-25,Wolverhampton Wanderers,11
2019-10-26,Arsenal,15
2019-10-26,Aston Villa,11
2019-10-26,Bournemouth,13
2019-10-26,Brighton and Hove Albion,12
2019-10-26,Burnley,12
2019-10-26,Chelsea,20
2019-10-26,Crystal Palace,14
2019-10-26,Everton,10
2019-10-26,Leicester City,20
2019-10-26,Liverpool,25
2019-10-26,Manchester City,22
2019-10-26,Manchester United,10
2019-10-26,Newcastle United,8
2019-10-26,Norwich City,7
2019-10-26,Sheffield United,13
2019-10-26,Southampton,8
2019-10-26,Tottenham Hotspur,12
2019-10-26,Watford,5
2019-10-26,West Ham United,13
2019-10-26,Wolverhampton Wanderers,11
2019-10-27,Arsenal,16
2019-10-27,Aston Villa,11
2019-10-27,Bournemouth,13
2019-10-27,Brighton and Hove Albion,12
2019-10-27,Burnley,12
2019-10-27,Chelsea,20
2019-10-27,Crystal Palace,15
2019-10-27,Everton,10
2019-10-27,Leicester City,20
2019-10-27,Liverpool,28
2019-10-27,Manchester City,22
2019-10-27,Manchester United,13
2019-10-27,Newcastle United,9
2019-10-27,Norwich City,7
2019-10-27,Sheffield United,13
2019-10-27,Southampton,8
2019-10-27,Tottenham Hotspur,12
2019-10-27,Watford,5
2019-10-27,West Ham United,13
2019-10-27,Wolverhampton Wanderers,12
2019-11-02,Arsenal,17
2019-11-02,Aston Villa,11
2019-11-02,Bournemouth,16
2019-11-02,Brighton and Hove Albion,15
2019-11-02,Burnley,12
2019-11-02,Chelsea,23
2019-11-02,Crystal Palace,15
2019-11-02,Everton,10
2019-11-02,Leicester City,20
2019-11-02,Liverpool,31
2019-11-02,Manchester City,25
2019-11-02,Manchester United,13
2019-11-02,Newcastle United,12
2019-11-02,Norwich City,7
2019-11-02,Sheffield United,16
2019-11-02,Southampton,8
2019-11-02,Tottenham Hotspur,12
2019-11-02,Watford,5
2019-11-02,West Ham United,13
2019-11-02,Wolverhampton Wanderers,13
2019-11-03,Arsenal,17
2019-11-03,Aston Villa,11
2019-11-03,Bournemouth,16
2019-11-03,Brighton and Hove Albion,15
2019-11-03,Burnley,12
2019-11-03,Chelsea,23
2019-11-03,Crystal Palace,15
2019-11-03,Everton,11
2019-11-03,Leicester City,23
2019-11-03,Liverpool,31
2019-11-03,Manchester City,25
2019-11-03,Manchester United,13
2019-11-03,Newcastle United,12
2019-11-03,Norwich City,7
2019-11-03,Sheffield United,16
2019-11-03,Southampton,8
2019-11-03,Tottenham Hotspur,13
2019-11-03,Watford,5
2019-11-03,West Ham United,13
2019-11-03,Wolverhampton Wanderers,13
2019-11-08,Arsenal,17
2019-11-08,Aston Villa,11
2019-11-08,Bournemouth,16
2019-11-08,Brighton and Hove Albion,15
2019-11-08,Burnley,12
2019-11-08,Chelsea,23
2019-11-08,Crystal Palace,15
2019-11-08,Everton,11
2019-11-08,Leicester City,23
2019-11-08,Liverpool,31
2019-11-08,Manchester City,25
2019-11-08,Manchester United,13
2019-11-08,Newcastle United,12
2019-11-08,Norwich City,7
2019-11-08,Sheffield United,16
2019-11-08,Southampton,8
2019-11-08,Tottenham Hotspur,13
2019-11-08,Watford,8
2019-11-08,West Ham United,13
2019-11-08,Wolverhampton Wanderers,13
2019-11-09,Arsenal,17
2019-11-09,Aston Villa,11
2019-11-09,Bournemouth,16
2019-11-09,Brighton and Hove Albion,15
2019-11-09,Burnley,15
2019-11-09,Chelsea,26
2019-11-09,Crystal Palace,15
2019-11-09,Everton,14
2019-11-09,Leicester City,26
2019-11-09,Liverpool,31
2019-11-09,Manchester City,25
2019-11-09,Manchester United,13
2019-11-09,Newcastle United,15
2019-11-09,Norwich City,7
2019-11-09,Sheffield United,17
2019-11-09,Southampton,8
2019-11-09,Tottenham Hotspur,14
2019-11-09,Watford,8
2019-11-09,West Ham United,13
2019-11-09,Wolverhampton Wanderers,13
2019-11-10,Arsenal,17
2019-11-10,Aston Villa,11
2019-11-10,Bournemouth,16
2019-11-10,Brighton and Hove Albion,15
2019-11-10,Burnley,15
2019-11-10,Chelsea,26
2019-11-10,Crystal Palace,15
2019-11-10,Everton,14
2019-11-10,Leicester City,26
2019-11-10,Liverpool,34
2019-11-10,Manchester City,25
2019-11-10,Manchester United,16
2019-11-10,Newcastle United,15
2019-11-10,Norwich City,7
2019-11-10,Sheffield United,17
2019-11-10,Southampton,8
2019-11-10,Tottenham Hotspur,14
2019-11-10,Watford,8
2019-11-10,West Ham United,13
2019-11-10,Wolverhampton Wanderers,16
2019-11-23,Arsenal,18
2019-11-23,Aston Villa,11
2019-11-23,Bournemouth,16
2019-11-23,Brighton and Hove Albion,15
2019-11-23,Burnley,18
2019-11-23,Chelsea,26
2019-11-23,Crystal Palace,15
2019-11-23,Everton,14
2019-11-23,Leicester City,29
2019-11-23,Liverpool,37
2019-11-23,Manchester City,28
2019-11-23,Manchester United,16
2019-11-23,Newcastle United,15
2019-11-23,Norwich City,10
2019-11-23,Sheffield United,17
2019-11-23,Southampton,9
2019-11-23,Tottenham Hotspur,17
2019-11-23,Watford,8
2019-11-23,West Ham United,13
2019-11-23,Wolverhampton Wanderers,19
2019-11-24,Arsenal,18
2019-11-24,Aston Villa,11
2019-11-24,Bournemouth,16
2019-11-24,Brighton and Hove Albion,15
2019-11-24,Burnley,18
2019-11-24,Chelsea,26
2019-11-24,Crystal Palace,15
2019-11-24,Everton,14
2019-11-24,Leicester City,29
2019-11-24,Liverpool,37
2019-11-24,Manchester City,28
2019-11-24,Manchester United,17
2019-11-24,Newcastle United,15
2019-11-24,Norwich City,10
2019-11-24,Sheffield United,18
2019-11-24,Southampton,9
2019-11-24,Tottenham Hotspur,17
2019-11-24,Watford,8
2019-11-24,West Ham United,13
2019-11-24,Wolverhampton Wanderers,19
2019-11-25,Arsenal,18
2019-11-25,Aston Villa,14
2019-11-25,Bournemouth,16
2019-11-25,Brighton and Hove Albion,15
2019-11-25,Burnley,18
2019-11-25,Chelsea,26
2019-11-25,Crystal Palace,15
2019-11-25,Everton,14
2019-11-25,Leicester City,29
2019-11-25,Liverpool,37
2019-11-25,Manchester City,28
2019-11-25,Manchester United,17
2019-11-25,Newcastle United,15
2019-11-25,Norwich City,10
2019-11-25,Sheffield United,18
2019-11-25,Southampton,9
2019-11-25,Tottenham Hotspur,17
2019-11-25,Watford,8
2019-11-25,West Ham United,13
2019-11-25,Wolverhampton Wanderers,19
2019-11-30,Arsenal,18
2019-11-30,Aston Villa,14
2019-11-30,Bournemouth,16
2019-11-30,Brighton and Hove Albion,15
2019-11-30,Burnley,18
2019-11-30,Chelsea,26
2019-11-30,Crystal Palace,18
2019-11-30,Everton,14
2019-11-30,Leicester City,29
2019-11-30,Liverpool,40
2019-11-30,Manchester City,29
2019-11-30,Manchester United,17
2019-11-30,Newcastle United,16
2019-11-30,Norwich City,10
2019-11-30,Sheffield United,18
2019-11-30,Southampton,12
2019-11-30,Tottenham Hotspur,20
2019-11-30,Watford,8
2019-11-30,West Ham United,16
2019-11-30,Wolverhampton Wanderers,19
2019-12-01,Arsenal,19
2019-12-01,Aston Villa,15
2019-12-01,Bournemouth,16
2019-12-01,Brighton and Hove Albion,15
2019-12-01,Burnley,18
2019-12-01,Chelsea,26
2019-12-01,Crystal Palace,18
2019-12-01,Everton,14
2019-12-01,Leicester City,32
2019-12-01,Liverpool,40
2019-12-01,Manchester City,29
2019-12-01,Manchester United,18
2019-12-01,Newcastle United,16
2019-12-01,Norwich City,11
2019-12-01,Sheffield United,19
2019-12-01,Southampton,12
2019-12-01,Tottenham Hotspur,20
2019-12-01,Watford,8
2019-12-01,West Ham United,16
2019-12-01,Wolverhampton Wanderers,20
2019-12-03,Arsenal,19
2019-12-03,Aston Villa,15
2019-12-03,Bournemouth,16
2019-12-03,Brighton and Hove Albion,15
2019-12-03,Burnley,18
2019-12-03,Chelsea,26
2019-12-03,Crystal Palace,21
2019-12-03,Everton,14
2019-12-03,Leicester City,32
2019-12-03,Liverpool,40
2019-12-03,Manchester City,32
2019-12-03,Manchester United,18
2019-12-03,Newcastle United,16
2019-12-03,Norwich City,11
2019-12-03,Sheffield United,19
2019-12-03,Southampton,12
2019-12-03,Tottenham Hotspur,20
2019-12-03,Watford,8
2019-12-03,West Ham United,16
2019-12-03,Wolverhampton Wanderers,20
2019-12-04,Arsenal,19
2019-12-04,Aston Villa,15
2019-12-04,Bournemouth,16
2019-12-04,Brighton and Hove Albion,15
2019-12-04,Burnley,18
2019-12-04,Chelsea,29
2019-12-04,Crystal Palace,21
2019-12-04,Everton,14
2019-12-04,Leicester City,35
2019-12-04,Liverpool,43
2019-12-04,Manchester City,32
2019-12-04,Manchester United,21
2019-12-04,Newcastle United,16
2019-12-04,Norwich City,11
2019-12-04,Sheffield United,19
2019-12-04,Southampton,15
2019-12-04,Tottenham Hotspur,20
2019-12-04,Watford,8
2019-12-04,West Ham United,16
2019-12-04,Wolverhampton Wanderers,23
2019-12-05,Arsenal,19
2019-12-05,Aston Villa,15
2019-12-05,Bournemouth,16
2019-12-05,Brighton and Hove Albion,18
2019-12-05,Burnley,18
2019-12-05,Chelsea,29
2019-12-05,Crystal Palace,21
2019-12-05,Everton,14
2019-12-05,Leicester City,35
2019-12-05,Liverpool,43
2019-12-05,Manchester City,32
2019-12-05,Manchester United,21
2019-12-05,Newcastle United,19
2019-12-05,Norwich City,11
2019-12-05,Sheffield United,19
2019-12-05,Southampton,15
2019-12-05,Tottenham Hotspur,20
2019-12-05,Watford,8
2019-12-05,West Ham United,16
2019-12-05,Wolverhampton Wanderers,23
2019-12-07,Arsenal,19
2019-12-07,Aston Villa,15
2019-12-07,Bournemouth,16
2019-12-07,Brighton and Hove Albion,18
2019-12-07,Burnley,18
2019-12-07,Chelsea,29
2019-12-07,Crystal Palace,22
2019-12-07,Everton,17
2019-12-07,Leicester City,35
2019-12-07,Liverpool,46
2019-12-07,Manchester City,32
2019-12-07,Manchester United,24
2019-12-07,Newcastle United,19
2019-12-07,Norwich City,11
2019-12-07,Sheffield United,19
2019-12-07,Southampton,15
2019-12-07,Tottenham Hotspur,23
2019-12-07,Watford,9
2019-12-07,West Ham United,16
2019-12-07,Wolverhampton Wanderers,23
2019-12-08,Arsenal,19
2019-12-08,Aston Villa,15
2019-12-08,Bournemouth,16
2019-12-08,Brighton and Hove Albion,19
2019-12-08,Burnley,18
2019-12-08,Chelsea,29
2019-12-08,Crystal Palace,22
2019-12-08,Everton,17
2019-12-08,Leicester City,38
2019-12-08,Liverpool,46
2019-12-08,Manchester City,32
2019-12-08,Manchester United,24
2019-12-08,Newcastle United,22
2019-12-08,Norwich City,11
2019-12-08,Sheffield United,22
2019-12-08,Southampton,15
2019-12-08,Tottenham Hotspur,23
2019-12-08,Watford,9
2019-12-08,West Ham United,16
2019-12-08,Wolverhampton Wanderers,24
2019-12-09,Arsenal,22
2019-12-09,Aston Villa,15
2019-12-09,Bournemouth,16
2019-12-09,Brighton and Hove Albion,19
2019-12-09,Burnley,18
2019-12-09,Chelsea,29
2019-12-09,Crystal Palace,22
2019-12-09,Everton,17
2019-12-09,Leicester City,38
2019-12-09,Liverpool,46
2019-12-09,Manchester City,32
2019-12-09,Manchester United,24
2019-12-09,Newcastle United,22
2019-12-09,Norwich City,11
2019-12-09,Sheffield United,22
2019-12-09,Southampton,15
2019-12-09,Tottenham Hotspur,23
2019-12-09,Watford,9
2019-12-09,West Ham United,16
2019-12-09,Wolverhampton Wanderers,24
2019-12-14,Arsenal,22
2019-12-14,Aston Villa,15
2019-12-14,Bournemouth,19
2019-12-14,Brighton and Hove Albion,19
2019-12-14,Burnley,21
2019-12-14,Chelsea,29
2019-12-14,Crystal Palace,22
2019-12-14,Everton,17
2019-12-14,Leicester City,39
2019-12-14,Liverpool,49
2019-12-14,Manchester City,32
2019-12-14,Manchester United,24
2019-12-14,Newcastle United,22
2019-12-14,Norwich City,12
2019-12-14,Sheffield United,25
2019-12-14,Southampton,15
2019-12-14,Tottenham Hotspur,23
2019-12-14,Watford,9
2019-12-14,West Ham United,19
2019-12-14,Wolverhampton Wanderers,24
2019-12-15,Arsenal,22
2019-12-15,Aston Villa,15
2019-12-15,Bournemouth,19
2019-12-15,Brighton and Hove Albion,19
2019-12-15,Burnley,21
2019-12-15,Chelsea,29
2019-12-15,Crystal Palace,22
2019-12-15,Everton,18
2019-12-15,Leicester City,39
2019-12-15,Liverpool,49
2019-12-15,Manchester City,35
2019-12-15,Manchester United,25
2019-12-15,Newcastle United,22
2019-12-15,Norwich City,12
2019-12-15,Sheffield United,25
2019-12-15,Southampton,15
2019-12-15,Tottenham Hotspur,26
2019-12-15,Watford,9
2019-12-15,West Ham United,19
2019-12-15,Wolverhampton Wanderers,24
2019-12-16,Arsenal,22
2019-12-16,Aston Villa,15
2019-12-16,Bournemouth,19
2019-12-16,Brighton and Hove Albion,20
2019-12-16,Burnley,21
2019-12-16,Chelsea,29
2019-12-16,Crystal Palace,23
2019-12-16,Everton,18
2019-12-16,Leicester City,39
2019-12-16,Liverpool,49
2019-12-16,Manchester City,35
2019-12-16,Manchester United,25
2019-12-16,Newcastle United,22
2019-12-16,Norwich City,12
2019-12-16,Sheffield United,25
2019-12-16,Southampton,15
2019-12-16,Tottenham Hotspur,26
2019-12-16,Watford,9
2019-12-16,West Ham United,19
2019-12-16,Wolverhampton Wanderers,24
2019-12-21,Arsenal,23
2019-12-21,Aston Villa,15
2019-12-21,Bournemouth,19
2019-12-21,Brighton and Hove Albion,20
2019-12-21,Burnley,24
2019-12-21,Chelsea,29
2019-12-21,Crystal Palace,23
2019-12-21,Everton,19
2019-12-21,Leicester City,39
2019-12-21,Liverpool,49
2019-12-21,Manchester City,38
2019-12-21,Manchester United,25
2019-12-21,Newcastle United,25
2019-12-21,Norwich City,12
2019-12-21,Sheffield United,28
2019-12-21,Southampton,18
2019-12-21,Tottenham Hotspur,26
2019-12-21,Watford,9
2019-12-21,West Ham United,19
2019-12-21,Wolverhampton Wanderers,27
2019-12-22,Arsenal,23
2019-12-22,Aston Villa,15
2019-12-22,Bournemouth,19
2019-12-22,Brighton and Hove Albion,20
2019-12-22,Burnley,24
2019-12-22,Chelsea,32
2019-12-22,Crystal Palace,23
2019-12-22,Everton,19
2019-12-22,Leicester City,39
2019-12-22,Liverpool,49
2019-12-22,Manchester City,38
2019-12-22,Manchester United,25
2019-12-22,Newcastle United,25
2019-12-22,Norwich City,12
2019-12-22,Sheffield United,28
2019-12-22,Southampton,18
2019-12-22,Tottenham Hotspur,26
2019-12-22,Watford,12
2019-12-22,West Ham United,19
2019-12-22,Wolverhampton Wanderers,27
2019-12-26,Arsenal,24
2019-12-26,Aston Villa,18
2019-12-26,Bournemouth,20
2019-12-26,Brighton and Hove Albion,20
2019-12-26,Burnley,24
2019-12-26,Chelsea,32
2019-12-26,Crystal Palace,26
2019-12-26,Everton,22
2019-12-26,Leicester City,39
2019-12-26,Liverpool,52
2019-12-26,Manchester City,38
2019-12-26,Manchester United,28
2019-12-26,Newcastle United,25
2019-12-26,Norwich City,12
2019-12-26,Sheffield United,29
2019-12-26,Southampton,21
2019-12-26,Tottenham Hotspur,29
2019-12-26,Watford,13
2019-12-26,West Ham United,19
2019-12-26,Wolverhampton Wanderers,27
2019-12-27,Arsenal,24
2019-12-27,Aston Villa,18
2019-12-27,Bournemouth,20
2019-12-27,Brighton and Hove Albion,20
2019-12-27,Burnley,24
2019-12-27,Chelsea,32
2019-12-27,Crystal Palace,26
2019-12-27,Everton,22
2019-12-27,Leicester City,39
2019-12-27,Liverpool,52
2019-12-27,Manchester City,38
2019-12-27,Manchester United,28
2019-12-27,Newcastle United,25
2019-12-27,Norwich City,12
2019-12-27,Sheffield United,29
2019-12-27,Southampton,21
2019-12-27,Tottenham Hotspur,29
2019-12-27,Watford,13
2019-12-27,West Ham United,19
2019-12-27,Wolverhampton Wanderers,30
2019-12-28,Arsenal,24
2019-12-28,Aston Villa,18
2019-12-28,Bournemouth,20
2019-12-28,Brighton and Hove Albion,23
2019-12-28,Burnley,24
2019-12-28,Chelsea,32
2019-12-28,Crystal Palace,27
2019-12-28,Everton,25
2019-12-28,Leicester City,42
2019-12-28,Liverpool,52
2019-12-28,Manchester City,38
2019-12-28,Manchester United,31
2019-12-28,Newcastle United,25
2019-12-28,Norwich City,13
2019-12-28,Sheffield United,29
2019-12-28,Southampton,22
2019-12-28,Tottenham Hotspur,30
2019-12-28,Watford,16
2019-12-28,West Ham United,19
2019-12-28,Wolverhampton Wanderers,30
2019-12-29,Arsenal,24
2019-12-29,Aston Villa,18
2019-12-29,Bournemouth,20
2019-12-29,Brighton and Hove Albion,23
2019-12-29,Burnley,24
2019-12-29,Chelsea,35
2019-12-29,Crystal Palace,27
2019-12-29,Everton,25
2019-12-29,Leicester City,42
2019-12-29,Liverpool,55
2019-12-29,Manchester City,41
2019-12-29,Manchester United,31
2019-12-29,Newcastle United,25
2019-12-29,Norwich City,13
2019-12-29,Sheffield United,29
2019-12-29,Southampton,22
2019-12-29,Tottenham Hotspur,30
2019-12-29,Watford,16
2019-12-29,West Ham United,19
2019-12-29,Wolverhampton Wanderers,30
2020-01-01,Arsenal,27
2020-01-01,Aston Villa,21
2020-01-01,Bournemouth,20
2020-01-01,Brighton and Hove Albion,24
2020-01-01,Burnley,24
2020-01-01,Chelsea,36
2020-01-01,Crystal Palace,28
2020-01-01,Everton,25
2020-01-01,Leicester City,45
2020-01-01,Liverpool,55
2020-01-01,Manchester City,44
2020-01-01,Manchester United,31
2020-01-01,Newcastle United,25
2020-01-01,Norwich City,14
2020-01-01,Sheffield United,29
2020-01-01,Southampton,25
2020-01-01,Tottenham Hotspur,30
2020-01-01,Watford,19
2020-01-01,West Ham United,22
2020-01-01,Wolverhampton Wanderers,30
2020-01-02,Arsenal,27
2020-01-02,Aston Villa,21
2020-01-02,Bournemouth,20
2020-01-02,Brighton and Hove Albion,24
2020-01-02,Burnley,24
2020-01-02,Chelsea,36
2020-01-02,Crystal Palace,28
2020-01-02,Everton,25
2020-01-02,Leicester City,45
2020-01-02,Liverpool,58
2020-01-02,Manchester City,44
2020-01-02,Manchester United,31
2020-01-02,Newcastle United,25
2020-01-02,Norwich City,14
2020-01-02,Sheffield United,29
2020-01-02,Southampton,25
2020-01-02,Tottenham Hotspur,30
2020-01-02,Watford,19
2020-01-02,West Ham United,22
2020-01-02,Wolverhampton Wanderers,30
2020-01-10,Arsenal,27
2020-01-10,Aston Villa,21
2020-01-10,Bournemouth,20
2020-01-10,Brighton and Hove Albion,24
2020-01-10,Burnley,24
2020-01-10,Chelsea,36
2020-01-10,Crystal Palace,28
2020-01-10,Everton,25
2020-01-10,Leicester City,45
2020-01-10,Liverpool,58
2020-01-10,Manchester City,44
2020-01-10,Manchester United,31
2020-01-10,Newcastle United,25
2020-01-10,Norwich City,14
2020-01-10,Sheffield United,32
2020-01-10,Southampton,25
2020-01-10,Tottenham Hotspur,30
2020-01-10,Watford,19
2020-01-10,West Ham United,22
2020-01-10,Wolverhampton Wanderers,30
2020-01-11,Arsenal,28
2020-01-11,Aston Villa,21
2020-01-11,Bournemouth,20
2020-01-11,Brighton and Hove Albion,24
2020-01-11,Burnley,24
2020-01-11,Chelsea,39
2020-01-11,Crystal Palace,29
2020-01-11,Everton,28
2020-01-11,Leicester City,45
2020-01-11,Liverpool,61
2020-01-11,Manchester City,44
2020-01-11,Manchester United,34
2020-01-11,Newcastle United,26
2020-01-11,Norwich City,14
2020-01-11,Sheffield United,32
2020-01-11,Southampton,28
2020-01-11,Tottenham Hotspur,30
2020-01-11,Watford,19
2020-01-11,West Ham United,22
2020-01-11,Wolverhampton Wanderers,31
2020-01-12,Arsenal,28
2020-01-12,Aston Villa,21
2020-01-12,Bournemouth,20
2020-01-12,Brighton and Hove Albion,24
2020-01-12,Burnley,24
2020-01-12,Chelsea,39
2020-01-12,Crystal Palace,29
2020-01-12,Everton,28
2020-01-12,Leicester City,45
2020-01-12,Liverpool,61
2020-01-12,Manchester City,47
2020-01-12,Manchester United,34
2020-01-12,Newcastle United,26
2020-01-12,Norwich City,14
2020-01-12,Sheffield United,32
2020-01-12,Southampton,28
2020-01-12,Tottenham Hotspur,30
2020-01-12,Watford,22
2020-01-12,West Ham United,22
2020-01-12,Wolverhampton Wanderers,31
2020-01-18,Arsenal,29
2020-01-18,Aston Villa,22
2020-01-18,Bournemouth,20
2020-01-18,Brighton and Hove Albion,25
2020-01-18,Burnley,24
2020-01-18,Chelsea,39
2020-01-18,Crystal Palace,30
2020-01-18,Everton,29
2020-01-18,Leicester City,45
2020-01-18,Liverpool,61
2020-01-18,Manchester City,48
2020-01-18,Manchester United,34
2020-01-18,Newcastle United,29
2020-01-18,Norwich City,17
2020-01-18,Sheffield United,33
2020-01-18,Southampton,28
2020-01-18,Tottenham Hotspur,31
2020-01-18,Watford,23
2020-01-18,West Ham United,23
2020-01-18,Wolverhampton Wanderers,34
2020-01-19,Arsenal,29
2020-01-19,Aston Villa,22
2020-01-19,Bournemouth,20
2020-01-19,Brighton and Hove Albion,25
2020-01-19,Burnley,27
2020-01-19,Chelsea,39
2020-01-19,Crystal Palace,30
2020-01-19,Everton,29
2020-01-19,Leicester City,45
2020-01-19,Liverpool,64
2020-01-19,Manchester City,48
2020-01-19,Manchester United,34
2020-01-19,Newcastle United,29
2020-01-19,Norwich City,17
2020-01-19,Sheffield United,33
2020-01-19,Southampton,28
2020-01-19,Tottenham Hotspur,31
2020-01-19,Watford,23
2020-01-19,West Ham United,23
2020-01-19,Wolverhampton Wanderers,34
2020-01-21,Arsenal,30
2020-01-21,Aston Villa,25
2020-01-21,Bournemouth,23
2020-01-21,Brighton and Hove Albion,25
2020-01-21,Burnley,27
2020-01-21,Chelsea,40
2020-01-21,Crystal Palace,30
2020-01-21,Everton,30
2020-01-21,Leicester City,45
2020-01-21,Liverpool,64
2020-01-21,Manchester City,51
2020-01-21,Manchester United,34
2020-01-21,Newcastle United,30
2020-01-21,Norwich City,17
2020-01-21,Sheffield United,33
2020-01-21,Southampton,31
2020-01-21,Tottenham Hotspur,31
2020-01-21,Watford,23
2020-01-21,West Ham United,23
2020-01-21,Wolverhampton Wanderers,34
2020-01-22,Arsenal,30
2020-01-22,Aston Villa,25
2020-01-22,Bournemouth,23
2020-01-22,Brighton and Hove Albion,25
2020-01-22,Burnley,30
2020-01-22,Chelsea,40
2020-01-22,Crystal Palace,30
2020-01-22,Everton,30
2020-01-22,Leicester City,48
2020-01-22,Liverpool,64
2020-01-22,Manchester City,51
2020-01-22,Manchester United,34
2020-01-22,Newcastle United,30
2020-01-22,Norwich City,17
2020-01-22,Sheffield United,33
2020-01-22,Southampton,31
2020-01-22,Tottenham Hotspur,34
2020-01-22,Watford,23
2020-01-22,West Ham United,23
2020-01-22,Wolverhampton Wanderers,34
2020-01-23,Arsenal,30
2020-01-23,Aston Villa,25
2020-01-23,Bournemouth,23
2020-01-23,Brighton and Hove Albion,25
2020-01-23,Burnley,30
2020-01-23,Chelsea,40
2020-01-23,Crystal Palace,30
2020-01-23,Everton,30
2020-01-23,Leicester City,48
2020-01-23,Liverpool,67
2020-01-23,Manchester City,51
2020-01-23,Manchester United,34
2020-01-23,Newcastle United,30
2020-01-23,Norwich City,17
2020-01-23,Sheffield United,33
2020-01-23,Southampton,31
2020-01-23,Tottenham Hotspur,34
2020-01-23,Watford,23
2020-01-23,West Ham United,23
2020-01-23,Wolverhampton Wanderers,34
2020-01-29,Arsenal,30
2020-01-29,Aston Villa,25
2020-01-29,Bournemouth,23
2020-01-29,Brighton and Hove Albion,25
2020-01-29,Burnley,30
2020-01-29,Chelsea,40
2020-01-29,Crystal Palace,30
2020-01-29,Everton,30
2020-01-29,Leicester City,48
2020-01-29,Liverpool,70
2020-01-29,Manchester City,51
2020-01-29,Manchester United,34
2020-01-29,Newcastle United,30
2020-01-29,Norwich City,17
2020-01-29,Sheffield United,33
2020-01-29,Southampton,31
2020-01-29,Tottenham Hotspur,34
2020-01-29,Watford,23
2020-01-29,West Ham United,23
2020-01-29,Wolverhampton Wanderers,34
2020-02-01,Arsenal,30
2020-02-01,Aston Villa,25
2020-02-01,Bournemouth,26
2020-02-01,Brighton and Hove Albion,26
2020-02-01,Burnley,30
2020-02-01,Chelsea,41
2020-02-01,Crystal Palace,30
2020-02-01,Everton,33
2020-02-01,Leicester City,49
2020-02-01,Liverpool,73
2020-02-01,Manchester City,51
2020-02-01,Manchester United,35
2020-02-01,Newcastle United,31
2020-02-01,Norwich City,18
2020-02-01,Sheffield United,36
2020-02-01,Southampton,31
2020-02-01,Tottenham Hotspur,34
2020-02-01,Watford,23
2020-02-01,West Ham United,24
2020-02-01,Wolverhampton Wanderers,35
2020-02-02,Arsenal,31
2020-02-02,Aston Villa,25
2020-02-02,Bournemouth,26
2020-02-02,Brighton and Hove Albion,26
2020-02-02,Burnley,31
2020-02-02,Chelsea,41
2020-02-02,Crystal Palace,30
2020-02-02,Everton,33
2020-02-02,Leicester City,49
2020-02-02,Liverpool,73
2020-02-02,Manchester City,51
2020-02-02,Manchester United,35
2020-02-02,Newcastle United,31
2020-02-02,Norwich City,18
2020-02-02,Sheffield United,36
2020-02-02,Southampton,31
2020-02-02,Tottenham Hotspur,37
2020-02-02,Watford,23
2020-02-02,West Ham United,24
2020-02-02,Wolverhampton Wanderers,35
2020-02-08,Arsenal,31
2020-02-08,Aston Villa,25
2020-02-08,Bournemouth,26
2020-02-08,Brighton and Hove Albion,27
2020-02-08,Burnley,31
2020-02-08,Chelsea,41
2020-02-08,Crystal Palace,30
2020-02-08,Everton,36
2020-02-08,Leicester City,49
2020-02-08,Liverpool,73
2020-02-08,Manchester City,51
2020-02-08,Manchester United,35
2020-02-08,Newcastle United,31
2020-02-08,Norwich City,18
2020-02-08,Sheffield United,36
2020-02-08,Southampton,31
2020-02-08,Tottenham Hotspur,37
2020-02-08,Watford,24
2020-02-08,West Ham United,24
2020-02-08,Wolverhampton Wanderers,35
2020-02-09,Arsenal,31
2020-02-09,Aston Villa,25
2020-02-09,Bournemouth,26
2020-02-09,Brighton and Hove Albion,27
2020-02-09,Burnley,31
2020-02-09,Chelsea,41
2020-02-09,Crystal Palace,30
2020-02-09,Everton,36
2020-02-09,Leicester City,49
2020-02-09,Liverpool,73
2020-02-09,Manchester City,51
2020-02-09,Manchester United,35
2020-02-09,Newcastle United,31
2020-02-09,Norwich City,18
2020-02-09,Sheffield United,39
2020-02-09,Southampton,31
2020-02-09,Tottenham Hotspur,37
2020-02-09,Watford,24
2020-02-09,West Ham United,24
2020-02-09,Wolverhampton Wanderers,35
2020-02-14,Arsenal,31
2020-02-14,Aston Villa,25
2020-02-14,Bournemouth,26
2020-02-14,Brighton and Hove Albion,27
2020-02-14,Burnley,31
2020-02-14,Chelsea,41
2020-02-14,Crystal Palace,30
2020-02-14,Everton,36
2020-02-14,Leicester City,50
2020-02-14,Liverpool,73
2020-02-14,Manchester City,51
2020-02-14,Manchester United,35
2020-02-14,Newcastle United,31
2020-02-14,Norwich City,18
2020-02-14,Sheffield United,39
2020-02-14,Southampton,31
2020-02-14,Tottenham Hotspur,37
2020-02-14,Watford,24
2020-02-14,West Ham United,24
2020-02-14,Wolverhampton Wanderers,36
2020-02-15,Arsenal,31
2020-02-15,Aston Villa,25
2020-02-15,Bournemouth,26
2020-02-15,Brighton and Hove Albion,27
2020-02-15,Burnley,34
2020-02-15,Chelsea,41
2020-02-15,Crystal Palace,30
2020-02-15,Everton,36
2020-02-15,Leicester City,50
2020-02-15,Liverpool,76
2020-02-15,Manchester City,51
2020-02-15,Manchester United,35
2020-02-15,Newcastle United,31
2020-02-15,Norwich City,18
2020-02-15,Sheffield United,39
2020-02-15,Southampton,31
2020-02-15,Tottenham Hotspur,37
2020-02-15,Watford,24
2020-02-15,West Ham United,24
2020-02-15,Wolverhampton Wanderers,36
2020-02-16,Arsenal,34
2020-02-16,Aston Villa,25
2020-02-16,Bournemouth,26
2020-02-16,Brighton and Hove Albion,27
2020-02-16,Burnley,34
2020-02-16,Chelsea,41
2020-02-16,Crystal Palace,30
2020-02-16,Everton,36
2020-02-16,Leicester City,50
2020-02-16,Liverpool,76
2020-02-16,Manchester City,51
2020-02-16,Manchester United,35
2020-02-16,Newcastle United,31
2020-02-16,Norwich City,18
2020-02-16,Sheffield United,39
2020-02-16,Southampton,31
2020-02-16,Tottenham Hotspur,40
2020-02-16,Watford,24
2020-02-16,West Ham United,24
2020-02-16,Wolverhampton Wanderers,36
2020-02-17,Arsenal,34
2020-02-17,Aston Villa,25
2020-02-17,Bournemouth,26
2020-02-17,Brighton and Hove Albion,27
2020-02-17,Burnley,34
2020-02-17,Chelsea,41
2020-02-17,Crystal Palace,30
2020-02-17,Everton,36
2020-02-17,Leicester City,50
2020-02-17,Liverpool,76
2020-02-17,Manchester City,51
2020-02-17,Manchester United,38
2020-02-17,Newcastle United,31
2020-02-17,Norwich City,18
2020-02-17,Sheffield United,39
2020-02-17,Southampton,31
2020-02-17,Tottenham Hotspur,40
2020-02-17,Watford,24
2020-02-17,West Ham United,24
2020-02-17,Wolverhampton Wanderers,36
2020-02-19,Arsenal,34
2020-02-19,Aston Villa,25
2020-02-19,Bournemouth,26
2020-02-19,Brighton and Hove Albion,27
2020-02-19,Burnley,34
2020-02-19,Chelsea,41
2020-02-19,Crystal Palace,30
2020-02-19,Everton,36
2020-02-19,Leicester City,50
2020-02-19,Liverpool,76
2020-02-19,Manchester City,54
2020-02-19,Manchester United,38
2020-02-19,Newcastle United,31
2020-02-19,Norwich City,18
2020-02-19,Sheffield United,39
2020-02-19,Southampton,31
2020-02-19,Tottenham Hotspur,40
2020-02-19,Watford,24
2020-02-19,West Ham United,24
2020-02-19,Wolverhampton Wanderers,36
2020-02-22,Arsenal,34
2020-02-22,Aston Villa,25
2020-02-22,Bournemouth,26
2020-02-22,Brighton and Hove Albion,28
2020-02-22,Burnley,37
2020-02-22,Chelsea,44
2020-02-22,Crystal Palace,33
2020-02-22,Everton,36
2020-02-22,Leicester City,50
2020-02-22,Liverpool,76
2020-02-22,Manchester City,57
2020-02-22,Manchester United,38
2020-02-22,Newcastle United,31
2020-02-22,Norwich City,18
2020-02-22,Sheffield United,40
2020-02-22,Southampton,34
2020-02-22,Tottenham Hotspur,40
2020-02-22,Watford,24
2020-02-22,West Ham United,24
2020-02-22,Wolverhampton Wanderers,36
2020-02-23,Arsenal,37
2020-02-23,Aston Villa,25
2020-02-23,Bournemouth,26
2020-02-23,Brighton and Hove Albion,28
2020-02-23,Burnley,37
2020-02-23,Chelsea,44
2020-02-23,Crystal Palace,33
2020-02-23,Everton,36
2020-02-23,Leicester City,50
2020-02-23,Liverpool,76
2020-02-23,Manchester City,57
2020-02-23,Manchester United,41
2020-02-23,Newcastle United,31
2020-02-23,Norwich City,18
2020-02-23,Sheffield United,40
2020-02-23,Southampton,34
2020-02-23,Tottenham Hotspur,40
2020-02-23,Watford,24
2020-02-23,West Ham United,24
2020-02-23,Wolverhampton Wanderers,39
2020-02-24,Arsenal,37
2020-02-24,Aston Villa,25
2020-02-24,Bournemouth,26
2020-02-24,Brighton and Hove Albion,28
2020-02-24,Burnley,37
2020-02-24,Chelsea,44
2020-02-24,Crystal Palace,33
2020-02-24,Everton,36
2020-02-24,Leicester City,50
2020-02-24,Liverpool,79
2020-02-24,Manchester City,57
2020-02-24,Manchester United,41
2020-02-24,Newcastle United,31
2020-02-24,Norwich City,18
2020-02-24,Sheffield United,40
2020-02-24,Southampton,34
2020-02-24,Tottenham Hotspur,40
2020-02-24,Watford,24
2020-02-24,West Ham United,24
2020-02-24,Wolverhampton Wanderers,39
2020-02-28,Arsenal,37
2020-02-28,Aston Villa,25
2020-02-28,Bournemouth,26
2020-02-28,Brighton and Hove Albion,28
2020-02-28,Burnley,37
2020-02-28,Chelsea,44
2020-02-28,Crystal Palace,33
2020-02-28,Everton,36
2020-02-28,Leicester City,50
2020-02-28,Liverpool,79
2020-02-28,Manchester City,57
2020-02-28,Manchester United,41
2020-02-28,Newcastle United,31
2020-02-28,Norwich City,21
2020-02-28,Sheffield United,40
2020-02-28,Southampton,34
2020-02-28,Tottenham Hotspur,40
2020-02-28,Watford,24
2020-02-28,West Ham United,24
2020-02-28,Wolverhampton Wanderers,39
2020-02-29,Arsenal,37
2020-02-29,Aston Villa,25
2020-02-29,Bournemouth,27
2020-02-29,Brighton and Hove Albion,28
2020-02-29,Burnley,38
2020-02-29,Chelsea,45
2020-02-29,Crystal Palace,36
2020-02-29,Everton,36
2020-02-29,Leicester City,50
2020-02-29,Liverpool,79
2020-02-29,Manchester City,57
2020-02-29,Manchester United,41
2020-02-29,Newcastle United,32
2020-02-29,Norwich City,21
2020-02-29,Sheffield United,40
2020-02-29,Southampton,34
2020-02-29,Tottenham Hotspur,40
2020-02-29,Watford,27
2020-02-29,West Ham United,27
2020-02-29,Wolverhampton Wanderers,39
2020-03-01,Arsenal,37
2020-03-01,Aston Villa,25
2020-03-01,Bournemouth,27
2020-03-01,Brighton and Hove Albion,28
2020-03-01,Burnley,38
2020-03-01,Chelsea,45
2020-03-01,Crystal Palace,36
2020-03-01,Everton,37
2020-03-01,Leicester City,50
2020-03-01,Liverpool,79
2020-03-01,Manchester City,57
2020-03-01,Manchester United,42
2020-03-01,Newcastle United,32
2020-03-01,Norwich City,21
2020-03-01,Sheffield United,40
2020-03-01,Southampton,34
2020-03-01,Tottenham Hotspur,40
2020-03-01,Watford,27
2020-03-01,West Ham United,27
2020-03-01,Wolverhampton Wanderers,42
2020-03-07,Arsenal,40
2020-03-07,Aston Villa,25
2020-03-07,Bournemouth,27
2020-03-07,Brighton and Hove Albion,29
2020-03-07,Burnley,39
2020-03-07,Chelsea,45
2020-03-07,Crystal Palace,39
2020-03-07,Everton,37
2020-03-07,Leicester City,50
2020-03-07,Liverpool,82
2020-03-07,Manchester City,57
2020-03-07,Manchester United,42
2020-03-07,Newcastle United,35
2020-03-07,Norwich City,21
2020-03-07,Sheffield United,43
2020-03-07,Southampton,34
2020-03-07,Tottenham Hotspur,41
2020-03-07,Watford,27
2020-03-07,West Ham United,27
2020-03-07,Wolverhampton Wanderers,43
2020-03-08,Arsenal,40
2020-03-08,Aston Villa,25
2020-03-08,Bournemouth,27
2020-03-08,Brighton and Hove Albion,29
2020-03-08,Burnley,39
2020-03-08,Chelsea,48
2020-03-08,Crystal Palace,39
2020-03-08,Everton,37
2020-03-08,Leicester City,50
2020-03-08,Liverpool,82
2020-03-08,Manchester City,57
2020-03-08,Manchester United,45
2020-03-08,Newcastle United,35
2020-03-08,Norwich City,21
2020-03-08,Sheffield United,43
2020-03-08,Southampton,34
2020-03-08,Tottenham Hotspur,41
2020-03-08,Watford,27
2020-03-08,West Ham United,27
2020-03-08,Wolverhampton Wanderers,43
2020-03-09,Arsenal,40
2020-03-09,Aston Villa,25
2020-03-09,Bournemouth,27
2020-03-09,Brighton and Hove Albion,29
2020-03-09,Burnley,39
2020-03-09,Chelsea,48
2020-03-09,Crystal Palace,39
2020-03-09,Everton,37
2020-03-09,Leicester City,53
2020-03-09,Liverpool,82
2020-03-09,Manchester City,57
2020-03-09,Manchester United,45
2020-03-09,Newcastle United,35
2020-03-09,Norwich City,21
2020-03-09,Sheffield United,43
2020-03-09,Southampton,34
2020-03-09,Tottenham Hotspur,41
2020-03-09,Watford,27
2020-03-09,West Ham United,27
2020-03-09,Wolverhampton Wanderers,43
2020-06-17,Arsenal,40
2020-06-17,Aston Villa,26
2020-06-17,Bournemouth,27
2020-06-17,Brighton and Hove Albion,29
2020-06-17,Burnley,39
2020-06-17,Chelsea,48
2020-06-17,Crystal Palace,39
2020-06-17,Everton,37
2020-06-17,Leicester City,53
2020-06-17,Liverpool,82
2020-06-17,Manchester City,60
2020-06-17,Manchester United,45
2020-06-17,Newcastle United,35
2020-06-17,Norwich City,21
2020-06-17,Sheffield United,44
2020-06-17,Southampton,34
2020-06-17,Tottenham Hotspur,41
2020-06-17,Watford,27
2020-06-17,West Ham United,27
2020-06-17,Wolverhampton Wanderers,43
2020-06-19,Arsenal,40
2020-06-19,Aston Villa,26
2020-06-19,Bournemouth,27
2020-06-19,Brighton and Hove Albion,29
2020-06-19,Burnley,39
2020-06-19,Chelsea,48
2020-06-19,Crystal Palace,39
2020-06-19,Everton,37
2020-06-19,Leicester City,53
2020-06-19,Liverpool,82
2020-06-19,Manchester City,60
2020-06-19,Manchester United,46
2020-06-19,Newcastle United,35
2020-06-19,Norwich City,21
2020-06-19,Sheffield United,44
2020-06-19,Southampton,37
2020-06-19,Tottenham Hotspur,42
2020-06-19,Watford,27
2020-06-19,West Ham United,27
2020-06-19,Wolverhampton Wanderers,43
2020-06-20,Arsenal,40
2020-06-20,Aston Villa,26
2020-06-20,Bournemouth,27
2020-06-20,Brighton and Hove Albion,32
2020-06-20,Burnley,39
2020-06-20,Chelsea,48
2020-06-20,Crystal Palace,42
2020-06-20,Everton,37
2020-06-20,Leicester City,54
2020-06-20,Liverpool,82
2020-06-20,Manchester City,60
2020-06-20,Manchester United,46
2020-06-20,Newcastle United,35
2020-06-20,Norwich City,21
2020-06-20,Sheffield United,44
2020-06-20,Southampton,37
2020-06-20,Tottenham Hotspur,42
2020-06-20,Watford,28
2020-06-20,West Ham United,27
2020-06-20,Wolverhampton Wanderers,46
2020-06-21,Arsenal,40
2020-06-21,Aston Villa,26
2020-06-21,Bournemouth,27
2020-06-21,Brighton and Hove Albion,32
2020-06-21,Burnley,39
2020-06-21,Chelsea,51
2020-06-21,Crystal Palace,42
2020-06-21,Everton,38
2020-06-21,Leicester City,54
2020-06-21,Liverpool,83
2020-06-21,Manchester City,60
2020-06-21,Manchester United,46
2020-06-21,Newcastle United,38
2020-06-21,Norwich City,21
2020-06-21,Sheffield United,44
2020-06-21,Southampton,37
2020-06-21,Tottenham Hotspur,42
2020-06-21,Watford,28
2020-06-21,West Ham United,27
2020-06-21,Wolverhampton Wanderers,46
2020-06-22,Arsenal,40
2020-06-22,Aston Villa,26
2020-06-22,Bournemouth,27
2020-06-22,Brighton and Hove Albion,32
2020-06-22,Burnley,39
2020-06-22,Chelsea,51
2020-06-22,Crystal Palace,42
2020-06-22,Everton,38
2020-06-22,Leicester City,54
2020-06-22,Liverpool,83
2020-06-22,Manchester City,63
2020-06-22,Manchester United,46
2020-06-22,Newcastle United,38
2020-06-22,Norwich City,21
2020-06-22,Sheffield United,44
2020-06-22,Southampton,37
2020-06-22,Tottenham Hotspur,42
2020-06-22,Watford,28
2020-06-22,West Ham United,27
2020-06-22,Wolverhampton Wanderers,46
2020-06-23,Arsenal,40
2020-06-23,Aston Villa,26
2020-06-23,Bournemouth,27
2020-06-23,Brighton and Hove Albion,33
2020-06-23,Burnley,39
2020-06-23,Chelsea,51
2020-06-23,Crystal Palace,42
2020-06-23,Everton,38
2020-06-23,Leicester City,55
2020-06-23,Liverpool,83
2020-06-23,Manchester City,63
2020-06-23,Manchester United,46
2020-06-23,Newcastle United,38
2020-06-23,Norwich City,21
2020-06-23,Sheffield United,44
2020-06-23,Southampton,37
2020-06-23,Tottenham Hotspur,45
2020-06-23,Watford,28
2020-06-23,West Ham United,27
2020-06-23,Wolverhampton Wanderers,46
2020-06-24,Arsenal,40
2020-06-24,Aston Villa,27
2020-06-24,Bournemouth,27
2020-06-24,Brighton and Hove Albion,33
2020-06-24,Burnley,39
2020-06-24,Chelsea,51
2020-06-24,Crystal Palace,42
2020-06-24,Everton,41
2020-06-24,Leicester City,55
2020-06-24,Liverpool,86
2020-06-24,Manchester City,63
2020-06-24,Manchester United,49
2020-06-24,Newcastle United,39
2020-06-24,Norwich City,21
2020-06-24,Sheffield United,44
2020-06-24,Southampton,37
2020-06-24,Tottenham Hotspur,45
2020-06-24,Watford,28
2020-06-24,West Ham United,27
2020-06-24,Wolverhampton Wanderers,49
2020-06-25,Arsenal,43
2020-06-25,Aston Villa,27
2020-06-25,Bournemouth,27
2020-06-25,Brighton and Hove Albion,33
2020-06-25,Burnley,42
2020-06-25,Chelsea,54
2020-06-25,Crystal Palace,42
2020-06-25,Everton,41
2020-06-25,Leicester City,55
2020-06-25,Liverpool,86
2020-06-25,Manchester City,63
2020-06-25,Manchester United,49
2020-06-25,Newcastle United,39
2020-06-25,Norwich City,21
2020-06-25,Sheffield United,44
2020-06-25,Southampton,37
2020-06-25,Tottenham Hotspur,45
2020-06-25,Watford,28
2020-06-25,West Ham United,27
2020-06-25,Wolverhampton Wanderers,49
2020-06-27,Arsenal,43
2020-06-27,Aston Villa,27
2020-06-27,Bournemouth,27
2020-06-27,Brighton and Hove Albion,33
2020-06-27,Burnley,42
2020-06-27,Chelsea,54
2020-06-27,Crystal Palace,42
2020-06-27,Everton,41
2020-06-27,Leicester City,55
2020-06-27,Liverpool,86
2020-06-27,Manchester City,63
2020-06-27,Manchester United,49
2020-06-27,Newcastle United,39
2020-06-27,Norwich City,21
2020-06-27,Sheffield United,44
2020-06-27,Southampton,37
2020-06-27,Tottenham Hotspur,45
2020-06-27,Watford,28
2020-06-27,West Ham United,27
2020-06-27,Wolverhampton Wanderers,52
2020-06-28,Arsenal,43
2020-06-28,Aston Villa,27
2020-06-28,Bournemouth,27
2020-06-28,Brighton and Hove Albion,33
2020-06-28,Burnley,42
2020-06-28,Chelsea,54
2020-06-28,Crystal Palace,42
2020-06-28,Everton,41
2020-06-28,Leicester City,55
2020-06-28,Liverpool,86
2020-06-28,Manchester City,63
2020-06-28,Manchester United,49
2020-06-28,Newcastle United,39
2020-06-28,Norwich City,21
2020-06-28,Sheffield United,44
2020-06-28,Southampton,40
2020-06-28,Tottenham Hotspur,45
2020-06-28,Watford,28
2020-06-28,West Ham United,27
2020-06-28,Wolverhampton Wanderers,52
2020-06-29,Arsenal,43
2020-06-29,Aston Villa,27
2020-06-29,Bournemouth,27
2020-06-29,Brighton and Hove Albion,33
2020-06-29,Burnley,45
2020-06-29,Chelsea,54
2020-06-29,Crystal Palace,42
2020-06-29,Everton,41
2020-06-29,Leicester City,55
2020-06-29,Liverpool,86
2020-06-29,Manchester City,63
2020-06-29,Manchester United,49
2020-06-29,Newcastle United,39
2020-06-29,Norwich City,21
2020-06-29,Sheffield United,44
2020-06-29,Southampton,40
2020-06-29,Tottenham Hotspur,45
2020-06-29,Watford,28
2020-06-29,West Ham United,27
2020-06-29,Wolverhampton Wanderers,52
2020-06-30,Arsenal,43
2020-06-30,Aston Villa,27
2020-06-30,Bournemouth,27
2020-06-30,Brighton and Hove Albion,33
2020-06-30,Burnley,45
2020-06-30,Chelsea,54
2020-06-30,Crystal Palace,42
2020-06-30,Everton,41
2020-06-30,Leicester City,55
2020-06-30,Liverpool,86
2020-06-30,Manchester City,63
2020-06-30,Manchester United,52
2020-06-30,Newcastle United,39
2020-06-30,Norwich City,21
2020-06-30,Sheffield United,44
2020-06-30,Southampton,40
2020-06-30,Tottenham Hotspur,45
2020-06-30,Watford,28
2020-06-30,West Ham United,27
2020-06-30,Wolverhampton Wanderers,52
2020-07-01,Arsenal,46
2020-07-01,Aston Villa,27
2020-07-01,Bournemouth,27
2020-07-01,Brighton and Hove Albion,33
2020-07-01,Burnley,45
2020-07-01,Chelsea,54
2020-07-01,Crystal Palace,42
2020-07-01,Everton,44
2020-07-01,Leicester City,55
2020-07-01,Liverpool,86
2020-07-01,Manchester City,63
2020-07-01,Manchester United,52
2020-07-01,Newcastle United,42
2020-07-01,Norwich City,21
2020-07-01,Sheffield United,44
2020-07-01,Southampton,40
2020-07-01,Tottenham Hotspur,45
2020-07-01,Watford,28
2020-07-01,West Ham United,30
2020-07-01,Wolverhampton Wanderers,52
2020-07-02,Arsenal,46
2020-07-02,Aston Villa,27
2020-07-02,Bournemouth,27
2020-07-02,Brighton and Hove Albion,33
2020-07-02,Burnley,45
2020-07-02,Chelsea,54
2020-07-02,Crystal Palace,42
2020-07-02,Everton,44
2020-07-02,Leicester City,55
2020-07-02,Liverpool,86
2020-07-02,Manchester City,66
2020-07-02,Manchester United,52
2020-07-02,Newcastle United,42
2020-07-02,Norwich City,21
2020-07-02,Sheffield United,47
2020-07-02,Southampton,40
2020-07-02,Tottenham Hotspur,45
2020-07-02,Watford,28
2020-07-02,West Ham United,30
2020-07-02,Wolverhampton Wanderers,52
2020-07-04,Arsenal,49
2020-07-04,Aston Villa,27
2020-07-04,Bournemouth,27
2020-07-04,Brighton and Hove Albion,36
2020-07-04,Burnley,45
2020-07-04,Chelsea,57
2020-07-04,Crystal Palace,42
2020-07-04,Everton,44
2020-07-04,Leicester City,58
2020-07-04,Liverpool,86
2020-07-04,Manchester City,66
2020-07-04,Manchester United,55
2020-07-04,Newcastle United,42
2020-07-04,Norwich City,21
2020-07-04,Sheffield United,47
2020-07-04,Southampton,40
2020-07-04,Tottenham Hotspur,45
2020-07-04,Watford,28
2020-07-04,West Ham United,30
2020-07-04,Wolverhampton Wanderers,52
2020-07-05,Arsenal,49
2020-07-05,Aston Villa,27
2020-07-05,Bournemouth,27
2020-07-05,Brighton and Hove Albion,36
2020-07-05,Burnley,46
2020-07-05,Chelsea,57
2020-07-05,Crystal Palace,42
2020-07-05,Everton,44
2020-07-05,Leicester City,58
2020-07-05,Liverpool,89
2020-07-05,Manchester City,66
2020-07-05,Manchester United,55
2020-07-05,Newcastle United,43
2020-07-05,Norwich City,21
2020-07-05,Sheffield United,48
2020-07-05,Southampton,43
2020-07-05,Tottenham Hotspur,45
2020-07-05,Watford,28
2020-07-05,West Ham United,31
2020-07-05,Wolverhampton Wanderers,52
2020-07-06,Arsenal,49
2020-07-06,Aston Villa,27
2020-07-06,Bournemouth,27
2020-07-06,Brighton and Hove Albion,36
2020-07-06,Burnley,46
2020-07-06,Chelsea,57
2020-07-06,Crystal Palace,42
2020-07-06,Everton,44
2020-07-06,Leicester City,58
2020-07-06,Liverpool,89
2020-07-06,Manchester City,66
2020-07-06,Manchester United,55
2020-07-06,Newcastle United,43
2020-07-06,Norwich City,21
2020-07-06,Sheffield United,48
2020-07-06,Southampton,43
2020-07-06,Tottenham Hotspur,48
2020-07-06,Watford,28
2020-07-06,West Ham United,31
2020-07-06,Wolverhampton Wanderers,52
2020-07-07,Arsenal,50
2020-07-07,Aston Villa,27
2020-07-07,Bournemouth,27
2020-07-07,Brighton and Hove Albion,36
2020-07-07,Burnley,46
2020-07-07,Chelsea,60
2020-07-07,Crystal Palace,42
2020-07-07,Everton,44
2020-07-07,Leicester City,59
2020-07-07,Liverpool,89
2020-07-07,Manchester City,66
2020-07-07,Manchester United,55
2020-07-07,Newcastle United,43
2020-07-07,Norwich City,21
2020-07-07,Sheffield United,48
2020-07-07,Southampton,43
2020-07-07,Tottenham Hotspur,48
2020-07-07,Watford,31
2020-07-07,West Ham United,31
2020-07-07,Wolverhampton Wanderers,52
2020-07-08,Arsenal,50
2020-07-08,Aston Villa,27
2020-07-08,Bournemouth,27
2020-07-08,Brighton and Hove Albion,36
2020-07-08,Burnley,49
2020-07-08,Chelsea,60
2020-07-08,Crystal Palace,42
2020-07-08,Everton,44
2020-07-08,Leicester City,59
2020-07-08,Liverpool,92
2020-07-08,Manchester City,69
2020-07-08,Manchester United,55
2020-07-08,Newcastle United,43
2020-07-08,Norwich City,21
2020-07-08,Sheffield United,51
2020-07-08,Southampton,43
2020-07-08,Tottenham Hotspur,48
2020-07-08,Watford,31
2020-07-08,West Ham United,31
2020-07-08,Wolverhampton Wanderers,52
2020-07-09,Arsenal,50
2020-07-09,Aston Villa,27
2020-07-09,Bournemouth,28
2020-07-09,Brighton and Hove Albion,36
2020-07-09,Burnley,49
2020-07-09,Chelsea,60
2020-07-09,Crystal Palace,42
2020-07-09,Everton,45
2020-07-09,Leicester City,59
2020-07-09,Liverpool,92
2020-07-09,Manchester City,69
2020-07-09,Manchester United,58
2020-07-09,Newcastle United,43
2020-07-09,Norwich City,21
2020-07-09,Sheffield United,51
2020-07-09,Southampton,44
2020-07-09,Tottenham Hotspur,49
2020-07-09,Watford,31
2020-07-09,West Ham United,31
2020-07-09,Wolverhampton Wanderers,52
2020-07-11,Arsenal,50
2020-07-11,Aston Villa,27
2020-07-11,Bournemouth,28
2020-07-11,Brighton and Hove Albion,36
2020-07-11,Burnley,50
2020-07-11,Chelsea,60
2020-07-11,Crystal Palace,42
2020-07-11,Everton,45
2020-07-11,Leicester City,59
2020-07-11,Liverpool,93
2020-07-11,Manchester City,72
2020-07-11,Manchester United,58
2020-07-11,Newcastle United,43
2020-07-11,Norwich City,21
2020-07-11,Sheffield United,54
2020-07-11,Southampton,44
2020-07-11,Tottenham Hotspur,49
2020-07-11,Watford,34
2020-07-11,West Ham United,34
2020-07-11,Wolverhampton Wanderers,52
2020-07-12,Arsenal,50
2020-07-12,Aston Villa,30
2020-07-12,Bournemouth,31
2020-07-12,Brighton and Hove Albion,36
2020-07-12,Burnley,50
2020-07-12,Chelsea,60
2020-07-12,Crystal Palace,42
2020-07-12,Everton,45
2020-07-12,Leicester City,59
2020-07-12,Liverpool,93
2020-07-12,Manchester City,72
2020-07-12,Manchester United,58
2020-07-12,Newcastle United,43
2020-07-12,Norwich City,21
2020-07-12,Sheffield United,54
2020-07-12,Southampton,44
2020-07-12,Tottenham Hotspur,52
2020-07-12,Watford,34
2020-07-12,West Ham United,34
2020-07-12,Wolverhampton Wanderers,55
2020-07-13,Arsenal,50
2020-07-13,Aston Villa,30
2020-07-13,Bournemouth,31
2020-07-13,Brighton and Hove Albion,36
2020-07-13,Burnley,50
2020-07-13,Chelsea,60
2020-07-13,Crystal Palace,42
2020-07-13,Everton,45
2020-07-13,Leicester City,59
2020-07-13,Liverpool,93
2020-07-13,Manchester City,72
2020-07-13,Manchester United,59
2020-07-13,Newcastle United,43
2020-07-13,Norwich City,21
2020-07-13,Sheffield United,54
2020-07-13,Southampton,45
2020-07-13,Tottenham Hotspur,52
2020-07-13,Watford,34
2020-07-13,West Ham United,34
2020-07-13,Wolverhampton Wanderers,55
2020-07-14,Arsenal,50
2020-07-14,Aston Villa,30
2020-07-14,Bournemouth,31
2020-07-14,Brighton and Hove Albion,36
2020-07-14,Burnley,50
2020-07-14,Chelsea,63
2020-07-14,Crystal Palace,42
2020-07-14,Everton,45
2020-07-14,Leicester City,59
2020-07-14,Liverpool,93
2020-07-14,Manchester City,72
2020-07-14,Manchester United,59
2020-07-14,Newcastle United,43
2020-07-14,Norwich City,21
2020-07-14,Sheffield United,54
2020-07-14,Southampton,45
2020-07-14,Tottenham Hotspur,52
2020-07-14,Watford,34
2020-07-14,West Ham United,34
2020-07-14,Wolverhampton Wanderers,55
2020-07-15,Arsenal,53
2020-07-15,Aston Villa,30
2020-07-15,Bournemouth,31
2020-07-15,Brighton and Hove Albion,36
2020-07-15,Burnley,51
2020-07-15,Chelsea,63
2020-07-15,Crystal Palace,42
2020-07-15,Everton,45
2020-07-15,Leicester City,59
2020-07-15,Liverpool,93
2020-07-15,Manchester City,75
2020-07-15,Manchester United,59
2020-07-15,Newcastle United,43
2020-07-15,Norwich City,21
2020-07-15,Sheffield United,54
2020-07-15,Southampton,45
2020-07-15,Tottenham Hotspur,55
2020-07-15,Watford,34
2020-07-15,West Ham United,34
2020-07-15,Wolverhampton Wanderers,56
2020-07-16,Arsenal,53
2020-07-16,Aston Villa,31
2020-07-16,Bournemouth,31
2020-07-16,Brighton and Hove Albion,37
2020-07-16,Burnley,51
2020-07-16,Chelsea,63
2020-07-16,Crystal Palace,42
2020-07-16,Everton,46
2020-07-16,Leicester City,62
2020-07-16,Liverpool,93
2020-07-16,Manchester City,75
2020-07-16,Manchester United,62
2020-07-16,Newcastle United,43
2020-07-16,Norwich City,21
2020-07-16,Sheffield United,54
2020-07-16,Southampton,46
2020-07-16,Tottenham Hotspur,55
2020-07-16,Watford,34
2020-07-16,West Ham United,34
2020-07-16,Wolverhampton Wanderers,56
2020-07-17,Arsenal,53
2020-07-17,Aston Villa,31
2020-07-17,Bournemouth,31
2020-07-17,Brighton and Hove Albion,37
2020-07-17,Burnley,51
2020-07-17,Chelsea,63
2020-07-17,Crystal Palace,42
2020-07-17,Everton,46
2020-07-17,Leicester City,62
2020-07-17,Liverpool,93
2020-07-17,Manchester City,75
2020-07-17,Manchester United,62
2020-07-17,Newcastle United,43
2020-07-17,Norwich City,21
2020-07-17,Sheffield United,54
2020-07-17,Southampton,46
2020-07-17,Tottenham Hotspur,55
2020-07-17,Watford,34
2020-07-17,West Ham United,37
2020-07-17,Wolverhampton Wanderers,56
2020-07-18,Arsenal,53
2020-07-18,Aston Villa,31
2020-07-18,Bournemouth,31
2020-07-18,Brighton and Hove Albion,37
2020-07-18,Burnley,54
2020-07-18,Chelsea,63
2020-07-18,Crystal Palace,42
2020-07-18,Everton,46
2020-07-18,Leicester City,62
2020-07-18,Liverpool,93
2020-07-18,Manchester City,75
2020-07-18,Manchester United,62
2020-07-18,Newcastle United,43
2020-07-18,Norwich City,21
2020-07-18,Sheffield United,54
2020-07-18,Southampton,46
2020-07-18,Tottenham Hotspur,55
2020-07-18,Watford,34
2020-07-18,West Ham United,37
2020-07-18,Wolverhampton Wanderers,56
2020-07-19,Arsenal,53
2020-07-19,Aston Villa,31
2020-07-19,Bournemouth,31
2020-07-19,Brighton and Hove Albion,37
2020-07-19,Burnley,54
2020-07-19,Chelsea,63
2020-07-19,Crystal Palace,42
2020-07-19,Everton,46
2020-07-19,Leicester City,62
2020-07-19,Liverpool,93
2020-07-19,Manchester City,75
2020-07-19,Manchester United,62
2020-07-19,Newcastle United,43
2020-07-19,Norwich City,21
2020-07-19,Sheffield United,54
2020-07-19,Southampton,49
2020-07-19,Tottenham Hotspur,58
2020-07-19,Watford,34
2020-07-19,West Ham United,37
2020-07-19,Wolverhampton Wanderers,56
2020-07-20,Arsenal,53
2020-07-20,Aston Villa,31
2020-07-20,Bournemouth,31
2020-07-20,Brighton and Hove Albion,38
2020-07-20,Burnley,54
2020-07-20,Chelsea,63
2020-07-20,Crystal Palace,42
2020-07-20,Everton,49
2020-07-20,Leicester City,62
2020-07-20,Liverpool,93
2020-07-20,Manchester City,75
2020-07-20,Manchester United,62
2020-07-20,Newcastle United,44
2020-07-20,Norwich City,21
2020-07-20,Sheffield United,54
2020-07-20,Southampton,49
2020-07-20,Tottenham Hotspur,58
2020-07-20,Watford,34
2020-07-20,West Ham United,37
2020-07-20,Wolverhampton Wanderers,59
2020-07-21,Arsenal,53
2020-07-21,Aston Villa,34
2020-07-21,Bournemouth,31
2020-07-21,Brighton and Hove Albion,38
2020-07-21,Burnley,54
2020-07-21,Chelsea,63
2020-07-21,Crystal Palace,42
2020-07-21,Everton,49
2020-07-21,Leicester City,62
2020-07-21,Liverpool,93
2020-07-21,Manchester City,78
2020-07-21,Manchester United,62
2020-07-21,Newcastle United,44
2020-07-21,Norwich City,21
2020-07-21,Sheffield United,54
2020-07-21,Southampton,49
2020-07-21,Tottenham Hotspur,58
2020-07-21,Watford,34
2020-07-21,West Ham United,37
2020-07-21,Wolverhampton Wanderers,59
2020-07-22,Arsenal,53
2020-07-22,Aston Villa,34
2020-07-22,Bournemouth,31
2020-07-22,Brighton and Hove Albion,38
2020-07-22,Burnley,54
2020-07-22,Chelsea,63
2020-07-22,Crystal Palace,42
2020-07-22,Everton,49
2020-07-22,Leicester City,62
2020-07-22,Liverpool,96
2020-07-22,Manchester City,78
2020-07-22,Manchester United,63
2020-07-22,Newcastle United,44
2020-07-22,Norwich City,21
2020-07-22,Sheffield United,54
2020-07-22,Southampton,49
2020-07-22,Tottenham Hotspur,58
2020-07-22,Watford,34
2020-07-22,West Ham United,38
2020-07-22,Wolverhampton Wanderers,59
2020-07-26,Arsenal,56
2020-07-26,Aston Villa,35
2020-07-26,Bournemouth,34
2020-07-26,Brighton and Hove Albion,41
2020-07-26,Burnley,54
2020-07-26,Chelsea,66
2020-07-26,Crystal Palace,43
2020-07-26,Everton,49
2020-07-26,Leicester City,62
2020-07-26,Liverpool,99
2020-07-26,Manchester City,81
2020-07-26,Manchester United,66
2020-07-26,Newcastle United,44
2020-07-26,Norwich City,21
2020-07-26,Sheffield United,54
2020-07-26,Southampton,52
2020-07-26,Tottenham Hotspur,59
2020-07-26,Watford,34
2020-07-26,West Ham United,39
2020-07-26,Wolverhampton Wanderers,59