Team1,Team2,Winner,Loser,Margin,Ground,Date,Scorecard,MatchCount,Country,,,
Australia,England,Australia,England,5 wickets,Melbourne,1/5/1971,ODI # 1,1,Australia,,,
England,Australia,England,Australia,6 wickets,Manchester,8/24/1972,ODI # 2,2,England,,,
England,Australia,Australia,England,5 wickets,Lord's,8/26/1972,ODI # 3,3,England,,,
England,Australia,England,Australia,2 wickets,Birmingham,8/28/1972,ODI # 4,4,England,,,
New Zealand,Australia,Australia,New Zealand,7 wickets,Dunedin,3/30/1974,ODI # 10,10,New Zealand,,,
New Zealand,Australia,Australia,New Zealand,31 runs,Christchurch,3/31/1974,ODI # 11,11,New Zealand,,,
Australia,England,England,Australia,3 wickets,Melbourne,1/1/1975,ODI # 16,16,Australia,,, 
Australia,Pakistan,Australia,Pakistan,73 runs,Leeds,6/7/1975,ODI # 21,21,England,,,
Australia,Sri Lanka,Australia,Sri Lanka,52 runs,The Oval,6/11/1975,ODI # 25,25,England,,,
Australia,West Indies,West Indies,Australia,7 wickets,The Oval,6/14/1975,ODI # 29,29,England,,,
England,Australia,Australia,England,4 wickets,Leeds,6/18/1975,ODI # 31,31,England,,,
Australia,West Indies,West Indies,Australia,17 runs,Lord's,6/21/1975,ODI # 33,33,England,,,
Australia,West Indies,Australia,West Indies,5 wickets,Adelaide,12/20/1975,ODI # 34,34,Australia,,,
England,Australia,England,Australia,2 wickets,Manchester,6/2/1977,ODI # 42,42,England,,,
England,Australia,England,Australia,101 runs,Birmingham,6/4/1977,ODI # 43,43,England,,,
England,Australia,Australia,England,2 wickets,The Oval,6/6/1977,ODI # 44,44,England,,,
West Indies,Australia,West Indies,Australia,44 runs,St John's,2/22/1978,ODI # 48,48,West Indies,,,
West Indies,Australia,Australia,West Indies,2 wickets,Castries,4/12/1978,ODI # 49,49,West Indies,,,
Australia,England,no result,Australia,,Sydney,1/13/1979,ODI # 57,57,Australia,,,
Australia,England,England,Australia,7 wickets,Melbourne,1/24/1979,ODI # 58,58,Australia,,,
Australia,England,Australia,England,4 wickets,Melbourne,2/4/1979,ODI # 59,59,Australia,,,
Australia,England,Australia,England,6 wickets,Melbourne,2/7/1979,ODI # 60,60,Australia,,,
England,Australia,England,Australia,6 wickets,Lord's,6/9/1979,ODI # 63,63,England,,,
Australia,Pakistan,Pakistan,Australia,89 runs,Nottingham,6/13/1979,ODI # 66,66,England,,,
Australia,Canada,Australia,Canada,7 wickets,Birmingham,6/16/1979,ODI # 70,70,England,,,
Australia,West Indies,Australia,West Indies,5 wickets,Sydney,11/27/1979,ODI # 75,75,Australia,,,
Australia,England,England,Australia,3 wickets,Melbourne,12/8/1979,ODI # 77,77,Australia,,,
Australia,West Indies,West Indies,Australia,80 runs,Melbourne,12/9/1979,ODI # 78,78,Australia,,,
Australia,England,England,Australia,72 runs,Sydney,12/11/1979,ODI # 79,79,Australia,,,
Australia,West Indies,Australia,West Indies,7 runs,Sydney,12/21/1979,ODI # 80,80,Australia,,,
Australia,England,England,Australia,4 wickets,Sydney,12/26/1979,ODI # 82,82,Australia,,,
Australia,England,England,Australia,2 wickets,Sydney,1/14/1980,ODI # 83,83,Australia,,,
Australia,West Indies,Australia,West Indies,9 runs,Sydney,1/18/1980,ODI # 85,85,Australia,,,
England,Australia,England,Australia,23 runs,The Oval,8/20/1980,ODI # 91,91,England,,,
England,Australia,England,Australia,47 runs,Birmingham,8/22/1980,ODI # 92,92,England,,,
Australia,New Zealand,New Zealand,Australia,3 wickets,Adelaide,11/23/1980,ODI # 94,94,Australia,,,
Australia,New Zealand,Australia,New Zealand,94 runs,Sydney,11/25/1980,ODI # 95,95,Australia,,,
Australia,India,India,Australia,66 runs,Melbourne,12/6/1980,ODI # 97,97,Australia,,,
Australia,New Zealand,Australia,New Zealand,4 wickets,Melbourne,12/7/1980,ODI # 98,98,Australia,,,
Australia,India,Australia,India,9 wickets,Sydney,12/18/1980,ODI # 100,100,Australia,,,
Australia,India,Australia,India,9 wickets,Sydney,1/8/1981,ODI # 104,104,Australia,,,
Australia,India,Australia,India,7 wickets,Melbourne,1/11/1981,ODI # 106,106,Australia,,,
Australia,New Zealand,New Zealand,Australia,1 run,Sydney,1/13/1981,ODI # 107,107,Australia,,,
Australia,India,Australia,India,27 runs,Sydney,1/15/1981,ODI # 108,108,Australia,,,
Australia,New Zealand,no result,Australia,,Sydney,1/21/1981,ODI # 110,110,Australia,,,
Australia,New Zealand,New Zealand,Australia,78 runs,Sydney,1/29/1981,ODI # 111,111,Australia,,,
Australia,New Zealand,Australia,New Zealand,7 wickets,Melbourne,1/31/1981,ODI # 112,112,Australia,,,
Australia,New Zealand,Australia,New Zealand,6 runs,Melbourne,2/1/1981,ODI # 113,113,Australia,,,
Australia,New Zealand,Australia,New Zealand,6 wickets,Sydney,2/3/1981,ODI # 114,114,Australia,,,
England,Australia,England,Australia,6 wickets,Lord's,6/4/1981,ODI # 119,119,England,,,
England,Australia,Australia,England,2 runs,Birmingham,6/6/1981,ODI # 120,120,England,,,
England,Australia,Australia,England,71 runs,Leeds,6/8/1981,ODI # 121,121,England,,,
Australia,Pakistan,Pakistan,Australia,4 wickets,Melbourne,11/22/1981,ODI # 123,123,Australia,,,
Australia,West Indies,Australia,West Indies,7 wickets,Sydney,11/24/1981,ODI # 124,124,Australia,,,
Australia,Pakistan,Australia,Pakistan,38 runs,Adelaide,12/6/1981,ODI # 127,127,Australia,,,
Australia,Pakistan,Pakistan,Australia,6 wickets,Sydney,12/17/1981,ODI # 128,128,Australia,,,
Australia,West Indies,West Indies,Australia,8 wickets,Perth,12/20/1981,ODI # 130,130,Australia,,,
Australia,Pakistan,Pakistan,Australia,25 runs,Melbourne,1/9/1982,ODI # 132,132,Australia,,,
Australia,West Indies,West Indies,Australia,5 wickets,Melbourne,1/10/1982,ODI # 133,133,Australia,,,
Australia,Pakistan,Australia,Pakistan,76 runs,Sydney,1/14/1982,ODI # 135,135,Australia,,,
Australia,West Indies,West Indies,Australia,5 wickets,Brisbane,1/17/1982,ODI # 137,137,Australia,,,
Australia,West Indies,Australia,West Indies,5 runs,Sydney,1/19/1982,ODI # 138,138,Australia,,,
Australia,West Indies,West Indies,Australia,86 runs,Melbourne,1/23/1982,ODI # 139,139,Australia,,,
Australia,West Indies,West Indies,Australia,128 runs,Melbourne,1/24/1982,ODI # 140,140,Australia,,,
Australia,West Indies,Australia,West Indies,46 runs,Sydney,1/26/1982,ODI # 141,141,Australia,,,
Australia,West Indies,West Indies,Australia,18 runs,Sydney,1/27/1982,ODI # 142,142,Australia,,,
New Zealand,Australia,New Zealand,Australia,46 runs,Auckland,2/13/1982,ODI # 144,144,New Zealand,,,
New Zealand,Australia,Australia,New Zealand,6 wickets,Dunedin,2/17/1982,ODI # 147,147,New Zealand,,,
New Zealand,Australia,Australia,New Zealand,8 wickets,Wellington,2/20/1982,ODI # 148,148,New Zealand,,,
Pakistan,Australia,Pakistan,Australia,59 runs,Hyderabad (Sind),9/20/1982,ODI # 158,158,India,,,
Pakistan,Australia,Pakistan,Australia,28 runs,Lahore,10/8/1982,ODI # 160,160,Pakistan,,,
Pakistan,Australia,no result,Pakistan,,Karachi,10/22/1982,ODI # 161,161,Pakistan,,,
Australia,New Zealand,Australia,New Zealand,8 wickets,Melbourne,1/9/1983,ODI # 165,165,Australia,,,
Australia,England,Australia,England,31 runs,Sydney,1/11/1983,ODI # 166,166,Australia,,,
Australia,England,Australia,England,7 wickets,Brisbane,1/16/1983,ODI # 169,169,Australia,,,
Australia,New Zealand,New Zealand,Australia,47 runs,Sydney,1/18/1983,ODI # 170,170,Australia,,,
Australia,New Zealand,New Zealand,Australia,58 runs,Melbourne,1/22/1983,ODI # 173,173,Australia,,,
Australia,England,Australia,England,5 wickets,Melbourne,1/23/1983,ODI # 174,174,Australia,,,
Australia,England,England,Australia,98 runs,Sydney,1/26/1983,ODI # 175,175,Australia,,,
Australia,England,England,Australia,14 runs,Adelaide,1/30/1983,ODI # 177,177,Australia,,,
Australia,New Zealand,New Zealand,Australia,47 runs,Adelaide,1/31/1983,ODI # 178,178,Australia,,,
Australia,New Zealand,Australia,New Zealand,27 runs,Perth,2/6/1983,ODI # 180,180,Australia,,,
Australia,New Zealand,Australia,New Zealand,6 wickets,Sydney,2/9/1983,ODI # 181,181,Australia,,,
Australia,New Zealand,Australia,New Zealand,149 runs,Melbourne,2/13/1983,ODI # 182,182,Australia,,,
Australia,New Zealand,New Zealand,Australia,14 runs,Sydney,3/17/1983,ODI # 188,188,Australia,,,
Sri Lanka,Australia,Sri Lanka,Australia,2 wickets,Colombo (PSS),4/13/1983,ODI # 193,193,Sri Lanka,,,
Sri Lanka,Australia,Sri Lanka,Australia,4 wickets,Colombo (PSS),4/16/1983,ODI # 194,194,Sri Lanka,,,
Sri Lanka,Australia,no result,Sri Lanka,,Colombo (SSC),4/29/1983,ODI # 195,195,Sri Lanka,,,
Sri Lanka,Australia,no result,Sri Lanka,,Colombo (SSC),4/30/1983,ODI # 196,196,Sri Lanka,,,
Australia,Zimbabwe,Zimbabwe,Australia,13 runs,Nottingham,6/9/1983,ODI # 199,199,England,,,
Australia,West Indies,West Indies,Australia,101 runs,Leeds,6/11/1983,ODI # 203,203,England,,,
Australia,India,Australia,India,162 runs,Nottingham,6/13/1983,ODI # 207,207,England,,,
Australia,Zimbabwe,Australia,Zimbabwe,32 runs,Southampton,6/16/1983,ODI # 212,212,England,,,
Australia,West Indies,West Indies,Australia,7 wickets,Lord's,6/18/1983,ODI # 215,215,England,,,
Australia,India,India,Australia,118 runs,Chelmsford,6/20/1983,ODI # 219,219,England,,,
Australia,West Indies,West Indies,Australia,27 runs,Melbourne,1/8/1984,ODI # 231,231,Australia,,,
Australia,Pakistan,Australia,Pakistan,34 runs,Sydney,1/10/1984,ODI # 232,232,Australia,,,
Australia,Pakistan,no result,Australia,,Brisbane,1/15/1984,ODI # 235,235,Australia,,,
Australia,West Indies,West Indies,Australia,28 runs,Sydney,1/17/1984,ODI # 236,236,Australia,,,
Australia,Pakistan,Australia,Pakistan,43 runs,Melbourne,1/21/1984,ODI # 238,238,Australia,,,
Australia,West Indies,West Indies,Australia,26 runs,Melbourne,1/22/1984,ODI # 239,239,Australia,,,
Australia,Pakistan,Australia,Pakistan,87 runs,Sydney,1/25/1984,ODI # 240,240,Australia,,,
Australia,West Indies,West Indies,Australia,6 wickets,Adelaide,1/29/1984,ODI # 242,242,Australia,,,
Australia,Pakistan,Australia,Pakistan,70 runs,Adelaide,1/30/1984,ODI # 243,243,Australia,,,
Australia,West Indies,Australia,West Indies,14 runs,Perth,2/5/1984,ODI # 245,245,Australia,,,
Australia,West Indies,West Indies,Australia,9 wickets,Sydney,2/8/1984,ODI # 246,246,Australia,,,
Australia,West Indies,tied,Australia,,Melbourne,2/11/1984,ODI # 247,247,Australia,,,
Australia,West Indies,West Indies,Australia,6 wickets,Melbourne,2/12/1984,ODI # 248,248,Australia,,,
West Indies,Australia,West Indies,Australia,8 wickets,Albion,2/29/1984,ODI # 252,252,West Indies,,,
West Indies,Australia,Australia,West Indies,4 wickets,Port of Spain,3/14/1984,ODI # 255,255,West Indies,,,
West Indies,Australia,West Indies,Australia,7 wickets,Castries,4/19/1984,ODI # 262,262,West Indies,,,
West Indies,Australia,West Indies,Australia,9 wickets,Kingston,4/26/1984,ODI # 263,263,West Indies,,,
India,Australia,Australia,India,48 runs,New Delhi,9/28/1984,ODI # 267,267,India,,,
India,Australia,no result,India,,Thiruvananthapuram,10/1/1984,ODI # 268,268,India,,,
India,Australia,no result,India,,Jamshedpur,10/3/1984,ODI # 269,269,India,,,
India,Australia,Australia,India,7 wickets,Ahmedabad,10/5/1984,ODI # 270,270,India,,,
India,Australia,Australia,India,6 wickets,Indore,10/6/1984,ODI # 271,271,India,,,
Australia,West Indies,West Indies,Australia,7 wickets,Melbourne,1/6/1985,ODI # 282,282,Australia,,,
Australia,Sri Lanka,Australia,Sri Lanka,6 wickets,Sydney,1/8/1985,ODI # 283,283,Australia,,,
Australia,West Indies,West Indies,Australia,5 wickets,Brisbane,1/13/1985,ODI # 287,287,Australia,,,
Australia,West Indies,West Indies,Australia,5 wickets,Sydney,1/15/1985,ODI # 289,289,Australia,,,
Australia,Sri Lanka,Sri Lanka,Australia,4 wickets,Melbourne,1/19/1985,ODI # 291,291,Australia,,,
Australia,West Indies,West Indies,Australia,65 runs,Melbourne,1/20/1985,ODI # 292,292,Australia,,,
Australia,Sri Lanka,Australia,Sri Lanka,3 wickets,Sydney,1/23/1985,ODI # 294,294,Australia,,,
Australia,West Indies,West Indies,Australia,6 wickets,Adelaide,1/27/1985,ODI # 297,297,Australia,,,
Australia,Sri Lanka,Australia,Sri Lanka,232 runs,Adelaide,1/28/1985,ODI # 299,299,Australia,,,
Australia,Sri Lanka,Australia,Sri Lanka,9 wickets,Perth,2/3/1985,ODI # 301,301,Australia,,,
Australia,West Indies,Australia,West Indies,26 runs,Sydney,2/6/1985,ODI # 303,303,Australia,,,
Australia,West Indies,West Indies,Australia,4 wickets,Melbourne,2/10/1985,ODI # 304,304,Australia,,,
Australia,West Indies,West Indies,Australia,7 wickets,Sydney,2/12/1985,ODI # 305,305,Australia,,,
Australia,England,Australia,England,7 wickets,Melbourne,2/17/1985,ODI # 307,307,Australia,,,
Australia,Pakistan,Pakistan,Australia,62 runs,Melbourne,2/24/1985,ODI # 311,311,Australia,,,
Australia,India,India,Australia,8 wickets,Melbourne,3/3/1985,ODI # 315,315,Australia,,,
Australia,England,Australia,England,2 wickets,Sharjah,3/24/1985,ODI # 322,322,United Arab Emirates,,,
Australia,India,India,Australia,3 wickets,Sharjah,3/29/1985,ODI # 325,325,United Arab Emirates,,,
England,Australia,Australia,England,3 wickets,Manchester,5/30/1985,ODI # 329,329,England,,,
England,Australia,Australia,England,4 wickets,Birmingham,6/1/1985,ODI # 330,330,England,,,
England,Australia,England,Australia,8 wickets,Lord's,6/3/1985,ODI # 331,331,England,,,
Australia,New Zealand,no result,Australia,,Melbourne,1/9/1986,ODI # 347,347,Australia,,,
Australia,India,Australia,India,4 wickets,Brisbane,1/12/1986,ODI # 349,349,Australia,,,
Australia,New Zealand,Australia,New Zealand,4 wickets,Sydney,1/14/1986,ODI # 350,350,Australia,,,
Australia,India,India,Australia,8 wickets,Melbourne,1/16/1986,ODI # 351,351,Australia,,,
Australia,New Zealand,Australia,New Zealand,4 wickets,Perth,1/19/1986,ODI # 353,353,Australia,,,
Australia,India,Australia,India,100 runs,Sydney,1/21/1986,ODI # 354,354,Australia,,,
Australia,India,Australia,India,36 runs,Adelaide,1/26/1986,ODI # 357,357,Australia,,,
Australia,New Zealand,New Zealand,Australia,206 runs,Adelaide,1/27/1986,ODI # 358,358,Australia,,,
Australia,New Zealand,Australia,New Zealand,99 runs,Sydney,1/29/1986,ODI # 359,359,Australia,,,
Australia,India,India,Australia,6 wickets,Melbourne,1/31/1986,ODI # 360,360,Australia,,,
Australia,India,Australia,India,11 runs,Sydney,2/5/1986,ODI # 362,362,Australia,,,
Australia,India,Australia,India,7 wickets,Melbourne,2/9/1986,ODI # 363,363,Australia,,,
New Zealand,Australia,New Zealand,Australia,30 runs,Dunedin,3/19/1986,ODI # 369,369,New Zealand,,,
New Zealand,Australia,New Zealand,Australia,53 runs,Christchurch,3/22/1986,ODI # 371,371,New Zealand,,,
New Zealand,Australia,Australia,New Zealand,3 wickets,Wellington,3/26/1986,ODI # 372,372,New Zealand,,,
New Zealand,Australia,Australia,New Zealand,44 runs,Auckland,3/29/1986,ODI # 373,373,New Zealand,,,
Australia,Pakistan,Pakistan,Australia,8 wickets,Sharjah,4/11/1986,ODI # 382,382,United Arab Emirates,,,
India,Australia,India,Australia,7 wickets,Jaipur,9/7/1986,ODI # 390,390,India,,,
India,Australia,Australia,India,3 wickets,Srinagar,9/9/1986,ODI # 391,391,India,,,
India,Australia,no result,India,,Hyderabad (Deccan),9/24/1986,ODI # 392,392,India,,,
India,Australia,India,Australia,3 wickets,Delhi,10/2/1986,ODI # 393,393,India,,,
India,Australia,India,Australia,52 runs,Ahmedabad,10/5/1986,ODI # 394,394,India,,,
India,Australia,Australia,India,7 wickets,Rajkot,10/7/1986,ODI # 395,395,India,,,
Australia,England,England,Australia,37 runs,Perth,1/1/1987,ODI # 409,409,Australia,,,
Australia,Pakistan,Pakistan,Australia,1 wicket,Perth,1/2/1987,ODI # 410,410,Australia,,,
Australia,West Indies,West Indies,Australia,164 runs,Perth,1/4/1987,ODI # 412,412,Australia,,,
Australia,England,Australia,England,11 runs,Brisbane,1/18/1987,ODI # 420,420,Australia,,,
Australia,West Indies,West Indies,Australia,7 wickets,Melbourne,1/20/1987,ODI # 421,421,Australia,,,
Australia,England,England,Australia,3 wickets,Sydney,1/22/1987,ODI # 422,422,Australia,,,
Australia,West Indies,West Indies,Australia,16 runs,Adelaide,1/25/1987,ODI # 424,424,Australia,,,
Australia,England,Australia,England,33 runs,Adelaide,1/26/1987,ODI # 425,425,Australia,,,
Australia,West Indies,Australia,West Indies,36 runs,Sydney,1/28/1987,ODI # 427,427,Australia,,,
Australia,England,Australia,England,109 runs,Melbourne,2/1/1987,ODI # 429,429,Australia,,,
Australia,West Indies,Australia,West Indies,2 wickets,Sydney,2/6/1987,ODI # 431,431,Australia,,,
Australia,England,England,Australia,6 wickets,Melbourne,2/8/1987,ODI # 432,432,Australia,,,
Australia,England,England,Australia,8 runs,Sydney,2/11/1987,ODI # 433,433,Australia,,,
Australia,Pakistan,Pakistan,Australia,6 wickets,Sharjah,4/3/1987,ODI # 443,443,United Arab Emirates,,,
Australia,India,India,Australia,7 wickets,Sharjah,4/5/1987,ODI # 444,444,United Arab Emirates,,,
Australia,England,England,Australia,11 runs,Sharjah,4/9/1987,ODI # 446,446,United Arab Emirates,,,
India,Australia,Australia,India,1 run,Chennai,10/9/1987,ODI # 453,453,India,,,
Australia,Zimbabwe,Australia,Zimbabwe,96 runs,Chennai,10/13/1987,ODI # 456,456,India,,,
Australia,New Zealand,Australia,New Zealand,3 runs,Indore,10/18/1987,ODI # 462,462,India,,,
India,Australia,India,Australia,56 runs,Delhi,10/22/1987,ODI # 465,465,India,,,
Australia,New Zealand,Australia,New Zealand,17 runs,Chandigarh,10/27/1987,ODI # 470,470,India,,,
Australia,Zimbabwe,Australia,Zimbabwe,70 runs,Cuttack,10/30/1987,ODI # 471,471,India,,,
Pakistan,Australia,Australia,Pakistan,18 runs,Lahore,11/4/1987,ODI # 475,475,Pakistan,,,
Australia,England,Australia,England,7 runs,Eden Gardens,11/8/1987,ODI # 477,477,India,,,
Australia,Sri Lanka,Australia,Sri Lanka,81 runs,Perth,1/2/1988,ODI # 484,484,Australia,,,
Australia,New Zealand,New Zealand,Australia,1 run,Perth,1/3/1988,ODI # 485,485,Australia,,,
Australia,New Zealand,Australia,New Zealand,6 runs,Melbourne,1/7/1988,ODI # 488,488,Australia,,,
Australia,Sri Lanka,Australia,Sri Lanka,81 runs,Adelaide,1/10/1988,ODI # 491,491,Australia,,,
Australia,Sri Lanka,Australia,Sri Lanka,38 runs,Melbourne,1/14/1988,ODI # 493,493,Australia,,,
Australia,New Zealand,Australia,New Zealand,5 wickets,Brisbane,1/17/1988,ODI # 495,495,Australia,,,
Australia,Sri Lanka,Australia,Sri Lanka,3 wickets,Sydney,1/19/1988,ODI # 496,496,Australia,,,
Australia,New Zealand,Australia,New Zealand,78 runs,Sydney,1/20/1988,ODI # 498,498,Australia,,,
Australia,New Zealand,Australia,New Zealand,8 wickets,Melbourne,1/22/1988,ODI # 499,499,Australia,,,
Australia,New Zealand,Australia,New Zealand,6 wickets,Sydney,1/24/1988,ODI # 501,501,Australia,,,
Australia,England,Australia,England,22 runs,Melbourne,2/4/1988,ODI # 503,503,Australia,,,
Pakistan,Australia,Pakistan,Australia,,Lahore,10/14/1988,ODI # 522,522,Pakistan,,,
Australia,Pakistan,Australia,Pakistan,9 wickets,Adelaide,12/11/1988,ODI # 537,537,Australia,,,
Australia,West Indies,West Indies,Australia,1 run,Sydney,12/13/1988,ODI # 539,539,Australia,,,
Australia,West Indies,West Indies,Australia,34 runs,Melbourne,12/15/1988,ODI # 540,540,Australia,,,
Australia,Pakistan,Pakistan,Australia,38 runs,Perth,1/2/1989,ODI # 545,545,Australia,,,
Australia,West Indies,Australia,West Indies,8 runs,Melbourne,1/5/1989,ODI # 546,546,Australia,,,
Australia,Pakistan,Australia,Pakistan,5 wickets,Brisbane,1/8/1989,ODI # 548,548,Australia,,,
Australia,Pakistan,Australia,Pakistan,6 runs,Melbourne,1/10/1989,ODI # 549,549,Australia,,,
Australia,West Indies,Australia,West Indies,61 runs,Sydney,1/12/1989,ODI # 550,550,Australia,,,
Australia,West Indies,Australia,West Indies,2 runs,Melbourne,1/14/1989,ODI # 551,551,Australia,,,
Australia,West Indies,West Indies,Australia,92 runs,Sydney,1/16/1989,ODI # 552,552,Australia,,,
Australia,West Indies,West Indies,Australia,8 wickets,Sydney,1/18/1989,ODI # 553,553,Australia,,,
England,Australia,England,Australia,95 runs,Manchester,5/25/1989,ODI # 566,566,England,,,
England,Australia,tied,England,,Nottingham,5/27/1989,ODI # 567,567,England,,,
England,Australia,Australia,England,6 wickets,Lord's,5/29/1989,ODI # 568,568,England,,,
Australia,England,England,Australia,7 wickets,Hyderabad (Deccan),10/19/1989,ODI # 575,575,India,,,
Australia,West Indies,Australia,West Indies,99 runs,Chennai,10/21/1989,ODI # 578,578,India,,,
Australia,Pakistan,Pakistan,Australia,66 runs,Brabourne,10/23/1989,ODI # 581,581,India,,,
Australia,Sri Lanka,Australia,Sri Lanka,28 runs,Margao,10/25/1989,ODI # 585,585,India,,,
India,Australia,India,Australia,3 wickets,Bengaluru,10/27/1989,ODI # 587,587,India,,,
Australia,Sri Lanka,Australia,Sri Lanka,30 runs,Melbourne,12/26/1989,ODI # 596,596,Australia,,,
Australia,Sri Lanka,Australia,Sri Lanka,9 wickets,Perth,12/30/1989,ODI # 597,597,Australia,,,
Australia,Pakistan,Australia,Pakistan,7 wickets,Melbourne,1/3/1990,ODI # 599,599,Australia,,,
Australia,Sri Lanka,Australia,Sri Lanka,73 runs,Melbourne,1/4/1990,ODI # 600,600,Australia,,,
Australia,Pakistan,Australia,Pakistan,67 runs,Brisbane,2/11/1990,ODI # 602,602,Australia,,,
Australia,Pakistan,Pakistan,Australia,5 wickets,Sydney,2/13/1990,ODI # 603,603,Australia,,,
Australia,Sri Lanka,Australia,Sri Lanka,7 wickets,Adelaide,2/18/1990,ODI # 608,608,Australia,,,
Australia,Pakistan,Pakistan,Australia,2 runs,Sydney,2/20/1990,ODI # 609,609,Australia,,,
Australia,Pakistan,Australia,Pakistan,7 wickets,Melbourne,2/23/1990,ODI # 610,610,Australia,,,
Australia,Pakistan,Australia,Pakistan,69 runs,Sydney,2/25/1990,ODI # 611,611,Australia,,,
Australia,India,Australia,India,18 runs,Christchurch,3/3/1990,ODI # 613,613,New Zealand,,,
New Zealand,Australia,Australia,New Zealand,150 runs,Christchurch,3/4/1990,ODI # 615,615,New Zealand,,,
Australia,India,Australia,India,7 wickets,Hamilton,3/8/1990,ODI # 618,618,New Zealand,,,
New Zealand,Australia,Australia,New Zealand,10 runs,Auckland,3/10/1990,ODI # 619,619,New Zealand,,,
New Zealand,Australia,Australia,New Zealand,8 wickets,Auckland,3/11/1990,ODI # 620,620,New Zealand,,,
Australia,New Zealand,Australia,New Zealand,63 runs,Sharjah,4/26/1990,ODI # 624,624,United Arab Emirates,,,
Australia,Bangladesh,Australia,Bangladesh,7 wickets,Sharjah,4/30/1990,ODI # 628,628,United Arab Emirates,,,
Australia,Sri Lanka,Australia,Sri Lanka,114 runs,Sharjah,5/2/1990,ODI # 630,630,United Arab Emirates,,,
Australia,Pakistan,Pakistan,Australia,36 runs,Sharjah,5/4/1990,ODI # 631,631,United Arab Emirates,,,
Australia,New Zealand,Australia,New Zealand,61 runs,Sydney,11/29/1990,ODI # 642,642,Australia,,,
Australia,New Zealand,Australia,New Zealand,6 wickets,Adelaide,12/2/1990,ODI # 645,645,Australia,,,
Australia,England,Australia,England,6 wickets,Perth,12/9/1990,ODI # 649,649,Australia,,,
Australia,New Zealand,Australia,New Zealand,39 runs,Melbourne,12/11/1990,ODI # 650,650,Australia,,,
Australia,England,Australia,England,37 runs,Brisbane,12/16/1990,ODI # 653,653,Australia,,,
Australia,New Zealand,New Zealand,Australia,1 run,Hobart,12/18/1990,ODI # 654,654,Australia,,,
Australia,England,Australia,England,68 runs,Sydney,1/1/1991,ODI # 660,660,Australia,,,
Australia,England,Australia,England,3 runs,Melbourne,1/10/1991,ODI # 662,662,Australia,,,
Australia,New Zealand,Australia,New Zealand,6 wickets,Sydney,1/13/1991,ODI # 663,663,Australia,,,
Australia,New Zealand,Australia,New Zealand,7 wickets,Melbourne,1/15/1991,ODI # 664,664,Australia,,,
West Indies,Australia,Australia,West Indies,35 runs,Kingston,2/26/1991,ODI # 671,671,West Indies,,,
West Indies,Australia,Australia,West Indies,45 runs,Port of Spain,3/9/1991,ODI # 672,672,West Indies,,,
West Indies,Australia,West Indies,Australia,7 wickets,Port of Spain,3/10/1991,ODI # 673,673,West Indies,,,
West Indies,Australia,Australia,West Indies,37 runs,Bridgetown,3/13/1991,ODI # 674,674,West Indies,,,
West Indies,Australia,Australia,West Indies,6 wickets,Georgetown,3/20/1991,ODI # 675,675,West Indies,,,
Australia,India,India,Australia,107 runs,Perth,12/8/1991,ODI # 693,693,Australia,,,
Australia,India,Australia,India,8 wickets,Hobart,12/10/1991,ODI # 694,694,Australia,,,
Australia,West Indies,Australia,West Indies,9 runs,Melbourne,12/12/1991,ODI # 695,695,Australia,,,
Australia,India,Australia,India,6 wickets,Adelaide,12/15/1991,ODI # 697,697,Australia,,,
Australia,West Indies,Australia,West Indies,51 runs,Sydney,12/18/1991,ODI # 698,698,Australia,,,
Australia,West Indies,no result,Australia,,Melbourne,1/9/1992,ODI # 699,699,Australia,,,
Australia,West Indies,West Indies,Australia,12 runs,Brisbane,1/12/1992,ODI # 703,703,Australia,,,
Australia,India,Australia,India,9 wickets,Sydney,1/14/1992,ODI # 705,705,Australia,,,
Australia,India,Australia,India,88 runs,Melbourne,1/18/1992,ODI # 709,709,Australia,,,
Australia,India,Australia,India,6 runs,Sydney,1/20/1992,ODI # 711,711,Australia,,,
New Zealand,Australia,New Zealand,Australia,37 runs,Auckland,2/22/1992,ODI # 714,714,New Zealand,,,
Australia,South Africa,South Africa,Australia,9 wickets,Sydney,2/26/1992,ODI # 719,719,Australia,,,
Australia,India,Australia,India,1 run,Brisbane,3/1/1992,ODI # 725,725,Australia,,,
Australia,England,England,Australia,8 wickets,Sydney,3/5/1992,ODI # 731,731,Australia,,,
Australia,Sri Lanka,Australia,Sri Lanka,7 wickets,Adelaide,3/7/1992,ODI # 733,733,Australia,,,
Australia,Pakistan,Pakistan,Australia,48 runs,Perth,3/11/1992,ODI # 739,739,Australia,,,
Australia,Zimbabwe,Australia,Zimbabwe,128 runs,Hobart,3/14/1992,ODI # 743,743,Australia,,,
Australia,West Indies,Australia,West Indies,57 runs,Melbourne,3/18/1992,ODI # 749,749,Australia,,,
Sri Lanka,Australia,Sri Lanka,Australia,4 wickets,Colombo (PSS),8/15/1992,ODI # 758,758,Sri Lanka,,,
Sri Lanka,Australia,Sri Lanka,Australia,5 wickets,Colombo (RPS),9/4/1992,ODI # 762,762,Sri Lanka,,,
Sri Lanka,Australia,Australia,Sri Lanka,5 wickets,Colombo (RPS),9/5/1992,ODI # 763,763,Sri Lanka,,,
Australia,West Indies,West Indies,Australia,9 wickets,Perth,12/6/1992,ODI # 769,769,Australia,,,
Australia,West Indies,Australia,West Indies,14 runs,Sydney,12/8/1992,ODI # 771,771,Australia,,,
Australia,Pakistan,tied,Australia,,Hobart,12/10/1992,ODI # 773,773,Australia,,,
Australia,Pakistan,Australia,Pakistan,8 wickets,Adelaide,12/13/1992,ODI # 777,777,Australia,,,
Australia,West Indies,Australia,West Indies,4 runs,Melbourne,12/15/1992,ODI # 780,780,Australia,,,
Australia,West Indies,West Indies,Australia,7 runs,Brisbane,1/10/1993,ODI # 789,789,Australia,,,
Australia,Pakistan,Australia,Pakistan,32 runs,Melbourne,1/12/1993,ODI # 790,790,Australia,,,
Australia,Pakistan,Australia,Pakistan,23 runs,Sydney,1/14/1993,ODI # 791,791,Australia,,,
Australia,West Indies,West Indies,Australia,25 runs,Sydney,1/16/1993,ODI # 792,792,Australia,,,
Australia,West Indies,West Indies,Australia,4 wickets,Melbourne,1/18/1993,ODI # 793,793,Australia,,,
New Zealand,Australia,Australia,New Zealand,129 runs,Dunedin,3/19/1993,ODI # 816,816,New Zealand,,,
New Zealand,Australia,Australia,New Zealand,1 wicket,Christchurch,3/21/1993,ODI # 819,819,New Zealand,,,
New Zealand,Australia,New Zealand,Australia,88 runs,Wellington,3/24/1993,ODI # 822,822,New Zealand,,,
New Zealand,Australia,New Zealand,Australia,3 wickets,Hamilton,3/27/1993,ODI # 825,825,New Zealand,,,
New Zealand,Australia,Australia,New Zealand,3 runs,Auckland,3/28/1993,ODI # 827,827,New Zealand,,,
England,Australia,Australia,England,4 runs,Manchester,5/19/1993,ODI # 830,830,England,,,
England,Australia,Australia,England,6 wickets,Birmingham,5/21/1993,ODI # 831,831,England,,,
England,Australia,Australia,England,19 runs,Lord's,5/23/1993,ODI # 832,832,England,,,
Australia,South Africa,South Africa,Australia,7 wickets,Melbourne,12/9/1993,ODI # 860,860,Australia,,,
Australia,New Zealand,Australia,New Zealand,8 wickets,Adelaide,12/12/1993,ODI # 861,861,Australia,,,
Australia,South Africa,Australia,South Africa,103 runs,Sydney,12/14/1993,ODI # 862,862,Australia,,,
Australia,New Zealand,Australia,New Zealand,3 runs,Melbourne,12/16/1993,ODI # 863,863,Australia,,,
Australia,South Africa,Australia,South Africa,48 runs,Brisbane,1/9/1994,ODI # 871,871,Australia,,,
Australia,New Zealand,New Zealand,Australia,13 runs,Sydney,1/11/1994,ODI # 872,872,Australia,,,
Australia,South Africa,South Africa,Australia,82 runs,Perth,1/16/1994,ODI # 874,874,Australia,,,
Australia,New Zealand,Australia,New Zealand,51 runs,Melbourne,1/19/1994,ODI # 875,875,Australia,,,
Australia,South Africa,South Africa,Australia,28 runs,Melbourne,1/21/1994,ODI # 876,876,Australia,,,
Australia,South Africa,Australia,South Africa,69 runs,Sydney,1/23/1994,ODI # 877,877,Australia,,,
Australia,South Africa,Australia,South Africa,35 runs,Sydney,1/25/1994,ODI # 878,878,Australia,,,
South Africa,Australia,South Africa,Australia,5 runs,Johannesburg,2/19/1994,ODI # 882,882,South Africa,,,
South Africa,Australia,South Africa,Australia,56 runs,Centurion,2/20/1994,ODI # 884,884,South Africa,,,
South Africa,Australia,Australia,South Africa,88 runs,Gqeberha,2/22/1994,ODI # 885,885,South Africa,,,
South Africa,Australia,South Africa,Australia,7 wickets,Durban,2/24/1994,ODI # 886,886,South Africa,,,
South Africa,Australia,Australia,South Africa,7 wickets,East London,4/2/1994,ODI # 900,900,South Africa,,,
South Africa,Australia,South Africa,Australia,26 runs,Gqeberha,4/4/1994,ODI # 901,901,South Africa,,,
South Africa,Australia,Australia,South Africa,36 runs,Cape Town,4/6/1994,ODI # 902,902,South Africa,,,
South Africa,Australia,Australia,South Africa,1 run,Bloemfontein,4/8/1994,ODI # 903,903,South Africa,,,
Australia,Sri Lanka,Australia,Sri Lanka,9 wickets,Sharjah,4/14/1994,ODI # 905,905,United Arab Emirates,,,
Australia,New Zealand,Australia,New Zealand,7 wickets,Sharjah,4/16/1994,ODI # 907,907,United Arab Emirates,,,
Australia,India,India,Australia,7 wickets,Sharjah,4/19/1994,ODI # 910,910,United Arab Emirates,,,
Australia,Pakistan,Australia,Pakistan,28 runs,Colombo (SSC),9/7/1994,ODI # 923,923,Sri Lanka,,,
Australia,India,India,Australia,31 runs,Colombo (RPS),9/9/1994,ODI # 924,924,Sri Lanka,,,
Sri Lanka,Australia,Sri Lanka,Australia,6 wickets,Colombo (PSS),9/13/1994,ODI # 926,926,Sri Lanka,,,
Australia,South Africa,Australia,South Africa,6 runs,Lahore,10/12/1994,ODI # 928,928,Pakistan,,,
Pakistan,Australia,Australia,Pakistan,7 wickets,Multan,10/14/1994,ODI # 929,929,Pakistan,,,
Australia,South Africa,Australia,South Africa,22 runs,Faisalabad,10/18/1994,ODI # 932,932,Pakistan,,,
Pakistan,Australia,Pakistan,Australia,9 wickets,Rawalpindi,10/22/1994,ODI # 935,935,Pakistan,,,
Australia,South Africa,Australia,South Africa,3 wickets,Peshawar,10/24/1994,ODI # 937,937,Pakistan,,,
Pakistan,Australia,Australia,Pakistan,64 runs,Lahore,10/30/1994,ODI # 942,942,Pakistan,,,
Australia,Zimbabwe,Australia,Zimbabwe,2 wickets,Perth,12/2/1994,ODI # 952,952,Australia,,,
Australia,England,Australia,England,28 runs,Sydney,12/6/1994,ODI # 955,955,Australia,,,
Australia,Zimbabwe,Australia,Zimbabwe,84 runs,Hobart,12/8/1994,ODI # 957,957,Australia,,,
Australia,England,England,Australia,37 runs,Melbourne,1/10/1995,ODI # 969,969,Australia,,,
Australia,South Africa,Australia,South Africa,3 wickets,Wellington,2/15/1995,ODI # 975,975,New Zealand,,,
New Zealand,Australia,Australia,New Zealand,27 runs,Auckland,2/19/1995,ODI # 978,978,New Zealand,,,
Australia,India,India,Australia,5 wickets,Dunedin,2/22/1995,ODI # 979,979,New Zealand,,,
New Zealand,Australia,Australia,New Zealand,6 wickets,Auckland,2/26/1995,ODI # 983,983,New Zealand,,,
West Indies,Australia,West Indies,Australia,6 runs,Bridgetown,3/8/1995,ODI # 985,985,West Indies,,,
West Indies,Australia,Australia,West Indies,26 runs,Port of Spain,3/11/1995,ODI # 986,986,West Indies,,,
West Indies,Australia,West Indies,Australia,133 runs,Port of Spain,3/12/1995,ODI # 987,987,West Indies,,,
West Indies,Australia,West Indies,Australia,7 wickets,Kingstown,3/15/1995,ODI # 988,988,West Indies,,,
West Indies,Australia,West Indies,Australia,5 wickets,Georgetown,3/18/1995,ODI # 989,989,West Indies,,,
Australia,West Indies,Australia,West Indies,121 runs,Adelaide,12/17/1995,ODI # 1023,1023,Australia,,,
Australia,West Indies,Australia,West Indies,24 runs,Melbourne,12/19/1995,ODI # 1024,1024,Australia,,,
Australia,Sri Lanka,Australia,Sri Lanka,5 wickets,Sydney,12/21/1995,ODI # 1026,1026,Australia,,,
Australia,West Indies,Australia,West Indies,1 wicket,Sydney,1/1/1996,ODI # 1028,1028,Australia,,,
Australia,West Indies,West Indies,Australia,14 runs,Brisbane,1/7/1996,ODI # 1031,1031,Australia,,,
Australia,Sri Lanka,Sri Lanka,Australia,3 wickets,Melbourne,1/9/1996,ODI # 1032,1032,Australia,,,
Australia,Sri Lanka,Australia,Sri Lanka,83 runs,Perth,1/12/1996,ODI # 1035,1035,Australia,,,
Australia,Sri Lanka,Sri Lanka,Australia,3 wickets,Melbourne,1/16/1996,ODI # 1039,1039,Australia,,,
Australia,Sri Lanka,Australia,Sri Lanka,18 runs,Melbourne,1/18/1996,ODI # 1041,1041,Australia,,,
Australia,Sri Lanka,Australia,Sri Lanka,9 runs,Sydney,1/20/1996,ODI # 1043,1043,Australia,,,
Australia,Kenya,Australia,Kenya,97 runs,Visakhapatnam,2/23/1996,ODI # 1058,1058,India,,,
India,Australia,Australia,India,16 runs,Wankhede,2/27/1996,ODI # 1065,1065,India,,,
Australia,Zimbabwe,Australia,Zimbabwe,8 wickets,Nagpur,3/1/1996,ODI # 1068,1068,India,,,
Australia,West Indies,West Indies,Australia,4 wickets,Jaipur,3/4/1996,ODI # 1072,1072,India,,,
Australia,New Zealand,Australia,New Zealand,6 wickets,Chennai,3/11/1996,ODI # 1080,1080,India,,,
Australia,West Indies,Australia,West Indies,5 runs,Mohali,3/14/1996,ODI # 1082,1082,India,,,
Australia,Sri Lanka,Sri Lanka,Australia,7 wickets,Lahore,3/17/1996,ODI # 1083,1083,Pakistan,,,
Australia,Zimbabwe,Australia,Zimbabwe,125 runs,Colombo (RPS),8/26/1996,ODI # 1105,1105,Sri Lanka,,,
Sri Lanka,Australia,Sri Lanka,Australia,4 wickets,Colombo (RPS),8/30/1996,ODI # 1108,1108,Sri Lanka,,,
Australia,India,Australia,India,3 wickets,Colombo (SSC),9/6/1996,ODI # 1113,1113,Sri Lanka,,,
Sri Lanka,Australia,Sri Lanka,Australia,50 runs,Colombo (RPS),9/7/1996,ODI # 1114,1114,Sri Lanka,,,
Australia,South Africa,South Africa,Australia,7 wickets,Indore,10/19/1996,ODI # 1128,1128,India,,,
India,Australia,India,Australia,2 wickets,Bengaluru,10/21/1996,ODI # 1129,1129,India,,,
Australia,South Africa,South Africa,Australia,2 wickets,Faridabad,10/25/1996,ODI # 1131,1131,India,,,
Australia,South Africa,South Africa,Australia,8 wickets,Guwahati,11/1/1996,ODI # 1134,1134,India,,,
India,Australia,India,Australia,5 runs,Mohali,11/3/1996,ODI # 1137,1137,India,,,
Australia,West Indies,Australia,West Indies,5 wickets,Melbourne,12/6/1996,ODI # 1147,1147,Australia,,,
Australia,West Indies,Australia,West Indies,8 wickets,Sydney,12/8/1996,ODI # 1149,1149,Australia,,,
Australia,Pakistan,Pakistan,Australia,12 runs,Adelaide,12/15/1996,ODI # 1152,1152,Australia,,,
Australia,Pakistan,Pakistan,Australia,4 wickets,Sydney,1/1/1997,ODI # 1155,1155,Australia,,,
Australia,West Indies,West Indies,Australia,7 wickets,Brisbane,1/5/1997,ODI # 1159,1159,Australia,,,
Australia,Pakistan,Pakistan,Australia,29 runs,Hobart,1/7/1997,ODI # 1160,1160,Australia,,,
Australia,West Indies,West Indies,Australia,4 wickets,Perth,1/12/1997,ODI # 1162,1162,Australia,,,
Australia,Pakistan,Australia,Pakistan,3 wickets,Melbourne,1/16/1997,ODI # 1164,1164,Australia,,,
South Africa,Australia,South Africa,Australia,6 wickets,East London,3/29/1997,ODI # 1186,1186,South Africa,,,
South Africa,Australia,Australia,South Africa,7 wickets,Gqeberha,3/31/1997,ODI # 1187,1187,South Africa,,,
South Africa,Australia,South Africa,Australia,46 runs,Cape Town,4/2/1997,ODI # 1188,1188,South Africa,,,
South Africa,Australia,Australia,South Africa,15 runs,Durban,4/5/1997,ODI # 1191,1191,South Africa,,,
South Africa,Australia,Australia,South Africa,8 runs,Johannesburg,4/8/1997,ODI # 1195,1195,South Africa,,,
South Africa,Australia,Australia,South Africa,5 wickets,Centurion,4/10/1997,ODI # 1197,1197,South Africa,,,
South Africa,Australia,South Africa,Australia,109 runs,Bloemfontein,4/13/1997,ODI # 1199,1199,South Africa,,,
England,Australia,England,Australia,6 wickets,Leeds,5/22/1997,ODI # 1210,1210,England,,,
England,Australia,England,Australia,6 wickets,The Oval,5/24/1997,ODI # 1211,1211,England,,,
England,Australia,England,Australia,6 wickets,Lord's,5/25/1997,ODI # 1213,1213,England,,,
Australia,South Africa,South Africa,Australia,67 runs,Sydney,12/4/1997,ODI # 1254,1254,Australia,,,
Australia,New Zealand,Australia,New Zealand,3 wickets,Adelaide,12/7/1997,ODI # 1256,1256,Australia,,,
Australia,South Africa,South Africa,Australia,45 runs,Melbourne,12/9/1997,ODI # 1257,1257,Australia,,,
Australia,New Zealand,Australia,New Zealand,6 wickets,Melbourne,12/17/1997,ODI # 1265,1265,Australia,,,
Australia,South Africa,South Africa,Australia,5 wickets,Brisbane,1/11/1998,ODI # 1272,1272,Australia,,,
Australia,New Zealand,Australia,New Zealand,131 runs,Sydney,1/14/1998,ODI # 1275,1275,Australia,,,
Australia,South Africa,South Africa,Australia,7 wickets,Perth,1/18/1998,ODI # 1280,1280,Australia,,,
Australia,New Zealand,New Zealand,Australia,4 wickets,Melbourne,1/21/1998,ODI # 1281,1281,Australia,,,
Australia,South Africa,South Africa,Australia,6 runs,Melbourne,1/23/1998,ODI # 1283,1283,Australia,,,
Australia,South Africa,Australia,South Africa,7 wickets,Sydney,1/26/1998,ODI # 1285,1285,Australia,,,
Australia,South Africa,Australia,South Africa,14 runs,Sydney,1/27/1998,ODI # 1287,1287,Australia,,,
New Zealand,Australia,Australia,New Zealand,7 wickets,Christchurch,2/8/1998,ODI # 1290,1290,New Zealand,,,
New Zealand,Australia,Australia,New Zealand,66 runs,Wellington,2/10/1998,ODI # 1291,1291,New Zealand,,,
New Zealand,Australia,New Zealand,Australia,7 wickets,Napier,2/12/1998,ODI # 1292,1292,New Zealand,,,
New Zealand,Australia,New Zealand,Australia,30 runs,Auckland,2/14/1998,ODI # 1293,1293,New Zealand,,,
India,Australia,India,Australia,41 runs,Kochi,4/1/1998,ODI # 1300,1300,India,,,
Australia,Zimbabwe,Australia,Zimbabwe,13 runs,Ahmedabad,4/3/1998,ODI # 1302,1302,India,,,
India,Australia,India,Australia,6 wickets,Kanpur,4/7/1998,ODI # 1308,1308,India,,,
Australia,Zimbabwe,Australia,Zimbabwe,16 runs,Delhi,4/11/1998,ODI # 1313,1313,India,,,
India,Australia,Australia,India,4 wickets,Delhi,4/14/1998,ODI # 1316,1316,India,,,
Australia,New Zealand,Australia,New Zealand,6 wickets,Sharjah,4/18/1998,ODI # 1320,1320,United Arab Emirates,,,
Australia,India,Australia,India,58 runs,Sharjah,4/19/1998,ODI # 1322,1322,United Arab Emirates,,,
Australia,New Zealand,Australia,New Zealand,5 wickets,Sharjah,4/21/1998,ODI # 1324,1324,United Arab Emirates,,,
Australia,India,Australia,India,26 runs,Sharjah,4/22/1998,ODI # 1325,1325,United Arab Emirates,,,
Australia,India,India,Australia,6 wickets,Sharjah,4/24/1998,ODI # 1327,1327,United Arab Emirates,,,
Australia,India,India,Australia,44 runs,Dhaka,10/28/1998,ODI # 1360,1360,Bangladesh,,,
Pakistan,Australia,Australia,Pakistan,86 runs,Karachi,11/6/1998,ODI # 1365,1365,Pakistan,,,
Pakistan,Australia,Australia,Pakistan,5 wickets,Peshawar,11/8/1998,ODI # 1368,1368,Pakistan,,,
Pakistan,Australia,Australia,Pakistan,6 wickets,Lahore,11/10/1998,ODI # 1371,1371,Pakistan,,,
Australia,England,England,Australia,7 runs,Brisbane,1/10/1999,ODI # 1379,1379,Australia,,,
Australia,Sri Lanka,Australia,Sri Lanka,8 wickets,Sydney,1/13/1999,ODI # 1382,1382,Australia,,,
Australia,England,Australia,England,9 wickets,Melbourne,1/15/1999,ODI # 1384,1384,Australia,,,
Australia,England,England,Australia,7 runs,Sydney,1/17/1999,ODI # 1386,1386,Australia,,,
Australia,Sri Lanka,Sri Lanka,Australia,3 wickets,Hobart,1/21/1999,ODI # 1389,1389,Australia,,,
Australia,Sri Lanka,Australia,Sri Lanka,80 runs,Adelaide,1/24/1999,ODI # 1392,1392,Australia,,,
Australia,England,Australia,England,16 runs,Adelaide,1/26/1999,ODI # 1394,1394,Australia,,,
Australia,Sri Lanka,Australia,Sri Lanka,45 runs,Perth,1/31/1999,ODI # 1398,1398,Australia,,,
Australia,England,Australia,England,4 wickets,Sydney,2/5/1999,ODI # 1401,1401,Australia,,,
Australia,Sri Lanka,Australia,Sri Lanka,43 runs,Melbourne,2/7/1999,ODI # 1403,1403,Australia,,,
Australia,England,Australia,England,10 runs,Sydney,2/10/1999,ODI # 1405,1405,Australia,,,
Australia,England,Australia,England,162 runs,Melbourne,2/13/1999,ODI # 1406,1406,Australia,,,
West Indies,Australia,West Indies,Australia,44 runs,Kingstown,4/11/1999,ODI # 1433,1433,West Indies,,,
West Indies,Australia,Australia,West Indies,46 runs,St George's,4/14/1999,ODI # 1436,1436,West Indies,,,
West Indies,Australia,West Indies,Australia,5 wickets,Port of Spain,4/17/1999,ODI # 1438,1438,West Indies,,,
West Indies,Australia,Australia,West Indies,20 runs,Port of Spain,4/18/1999,ODI # 1439,1439,West Indies,,,
West Indies,Australia,tied,West Indies,,Georgetown,4/21/1999,ODI # 1440,1440,West Indies,,,
West Indies,Australia,Australia,West Indies,4 wickets,Bridgetown,4/24/1999,ODI # 1441,1441,West Indies,,,
West Indies,Australia,West Indies,Australia,8 wickets,Bridgetown,4/25/1999,ODI # 1442,1442,West Indies,,,
Australia,Scotland,Australia,Scotland,6 wickets,Worcester,5/16/1999,ODI # 1446,1446,England,,,
Australia,New Zealand,New Zealand,Australia,5 wickets,Cardiff,5/20/1999,ODI # 1452,1452,Wales,,,
Australia,Pakistan,Pakistan,Australia,10 runs,Leeds,5/23/1999,ODI # 1458,1458,England,,,
Australia,Bangladesh,Australia,Bangladesh,7 wickets,Chester-le-Street,5/27/1999,ODI # 1464,1464,England,,,
Australia,West Indies,Australia,West Indies,6 wickets,Manchester,5/30/1999,ODI # 1470,1470,England,,,
Australia,India,Australia,India,77 runs,The Oval,6/4/1999,ODI # 1473,1473,England,,,
Australia,Zimbabwe,Australia,Zimbabwe,44 runs,Lord's,6/9/1999,ODI # 1477,1477,England,,,
Australia,South Africa,Australia,South Africa,5 wickets,Leeds,6/13/1999,ODI # 1481,1481,England,,,
Australia,South Africa,tied,Australia,,Birmingham,6/17/1999,ODI # 1483,1483,England,,,
Australia,Pakistan,Australia,Pakistan,8 wickets,Lord's,6/20/1999,ODI # 1484,1484,England,,,
Sri Lanka,Australia,Australia,Sri Lanka,50 runs,Galle,8/22/1999,ODI # 1485,1485,Sri Lanka,,,
Australia,India,Australia,India,8 wickets,Galle,8/23/1999,ODI # 1486,1486,Sri Lanka,,,
Sri Lanka,Australia,Australia,Sri Lanka,27 runs,Colombo (RPS),8/26/1999,ODI # 1488,1488,Sri Lanka,,,
Australia,India,Australia,India,41 runs,Colombo (SSC),8/28/1999,ODI # 1489,1489,Sri Lanka,,,
Sri Lanka,Australia,Sri Lanka,Australia,8 wickets,Colombo (RPS),8/31/1999,ODI # 1491,1491,Sri Lanka,,,
Zimbabwe,Australia,Australia,Zimbabwe,83 runs,Bulawayo,10/21/1999,ODI # 1518,1518,Zimbabwe,,,
Zimbabwe,Australia,Australia,Zimbabwe,9 wickets,Harare,10/23/1999,ODI # 1520,1520,Zimbabwe,,,
Zimbabwe,Australia,Australia,Zimbabwe,9 wickets,Harare,10/24/1999,ODI # 1521,1521,Zimbabwe,,,
Australia,Pakistan,Pakistan,Australia,45 runs,Brisbane,1/9/2000,ODI # 1536,1536,Australia,,,
Australia,India,Australia,India,28 runs,Melbourne,1/12/2000,ODI # 1539,1539,Australia,,,
Australia,India,Australia,India,5 wickets,Sydney,1/14/2000,ODI # 1540,1540,Australia,,,
Australia,Pakistan,Australia,Pakistan,6 wickets,Melbourne,1/16/2000,ODI # 1541,1541,Australia,,,
Australia,Pakistan,Australia,Pakistan,81 runs,Sydney,1/19/2000,ODI # 1542,1542,Australia,,,
Australia,Pakistan,Australia,Pakistan,15 runs,Melbourne,1/23/2000,ODI # 1545,1545,Australia,,,
Australia,India,Australia,India,152 runs,Adelaide,1/26/2000,ODI # 1548,1548,Australia,,,
Australia,India,Australia,India,4 wickets,Perth,1/30/2000,ODI # 1552,1552,Australia,,,
Australia,Pakistan,Australia,Pakistan,6 wickets,Melbourne,2/2/2000,ODI # 1554,1554,Australia,,,
Australia,Pakistan,Australia,Pakistan,152 runs,Sydney,2/4/2000,ODI # 1556,1556,Australia,,,
New Zealand,Australia,no result,New Zealand,,Wellington,2/17/2000,ODI # 1563,1563,New Zealand,,,
New Zealand,Australia,Australia,New Zealand,5 wickets,Auckland,2/19/2000,ODI # 1565,1565,New Zealand,,,
New Zealand,Australia,Australia,New Zealand,50 runs,Dunedin,2/23/2000,ODI # 1568,1568,New Zealand,,,
New Zealand,Australia,Australia,New Zealand,48 runs,Christchurch,2/26/2000,ODI # 1569,1569,New Zealand,,,
New Zealand,Australia,Australia,New Zealand,5 wickets,Napier,3/1/2000,ODI # 1570,1570,New Zealand,,,
New Zealand,Australia,New Zealand,Australia,7 wickets,Auckland,3/3/2000,ODI # 1571,1571,New Zealand,,,
South Africa,Australia,South Africa,Australia,6 wickets,Durban,4/12/2000,ODI # 1587,1587,South Africa,,,
South Africa,Australia,Australia,South Africa,5 wickets,Cape Town,4/14/2000,ODI # 1589,1589,South Africa,,,
South Africa,Australia,South Africa,Australia,4 wickets,Johannesburg,4/16/2000,ODI # 1591,1591,South Africa,,,
Australia,South Africa,Australia,South Africa,94 runs,Melbourne (Docklands),8/16/2000,ODI # 1620,1620,Australia,,,
Australia,South Africa,tied,Australia,,Melbourne (Docklands),8/18/2000,ODI # 1621,1621,Australia,,,
Australia,South Africa,South Africa,Australia,8 runs,Melbourne (Docklands),8/20/2000,ODI # 1622,1622,Australia,,,
Australia,India,India,Australia,20 runs,Nairobi (Gym),10/7/2000,ODI # 1633,1633,Kenya,,,
Australia,West Indies,Australia,West Indies,74 runs,Melbourne,1/11/2001,ODI # 1667,1667,Australia,,,
Australia,West Indies,Australia,West Indies,9 wickets,Brisbane,1/14/2001,ODI # 1670,1670,Australia,,,
Australia,West Indies,Australia,West Indies,28 runs,Sydney,1/17/2001,ODI # 1672,1672,Australia,,,
Australia,Zimbabwe,Australia,Zimbabwe,8 wickets,Melbourne,1/21/2001,ODI # 1674,1674,Australia,,,
Australia,West Indies,Australia,West Indies,10 wickets,Adelaide,1/26/2001,ODI # 1677,1677,Australia,,,
Australia,Zimbabwe,Australia,Zimbabwe,86 runs,Sydney,1/28/2001,ODI # 1678,1678,Australia,,,
Australia,Zimbabwe,Australia,Zimbabwe,6 wickets,Hobart,1/30/2001,ODI # 1679,1679,Australia,,,
Australia,Zimbabwe,Australia,Zimbabwe,1 run,Perth,2/4/2001,ODI # 1683,1683,Australia,,,
Australia,West Indies,Australia,West Indies,134 runs,Sydney,2/7/2001,ODI # 1685,1685,Australia,,,
Australia,West Indies,Australia,West Indies,39 runs,Melbourne,2/9/2001,ODI # 1687,1687,Australia,,,
India,Australia,India,Australia,60 runs,Bengaluru,3/25/2001,ODI # 1696,1696,India,,,
India,Australia,Australia,India,8 wickets,Pune,3/28/2001,ODI # 1698,1698,India,,,
India,Australia,India,Australia,118 runs,Indore,3/31/2001,ODI # 1699,1699,India,,,
India,Australia,Australia,India,93 runs,Visakhapatnam,4/3/2001,ODI # 1700,1700,India,,,
India,Australia,Australia,India,4 wickets,Margao,4/6/2001,ODI # 1701,1701,India,,,
Australia,Pakistan,Australia,Pakistan,7 wickets,Cardiff,6/9/2001,ODI # 1720,1720,Wales,,,
England,Australia,Australia,England,5 wickets,Bristol,6/10/2001,ODI # 1721,1721,England,,,
England,Australia,Australia,England,125 runs,Manchester,6/14/2001,ODI # 1723,1723,England,,,
Australia,Pakistan,Pakistan,Australia,36 runs,Nottingham,6/19/2001,ODI # 1725,1725,England,,,
England,Australia,Australia,England,8 wickets,The Oval,6/21/2001,ODI # 1726,1726,England,,,
Australia,Pakistan,Australia,Pakistan,9 wickets,Lord's,6/23/2001,ODI # 1728,1728,England,,,
Australia,New Zealand,New Zealand,Australia,23 runs,Melbourne,1/11/2002,ODI # 1783,1783,Australia,,,
Australia,South Africa,South Africa,Australia,4 wickets,Melbourne,1/13/2002,ODI # 1784,1784,Australia,,,
Australia,New Zealand,New Zealand,Australia,23 runs,Sydney,1/17/2002,ODI # 1786,1786,Australia,,,
Australia,South Africa,Australia,South Africa,27 runs,Brisbane,1/20/2002,ODI # 1789,1789,Australia,,,
Australia,South Africa,Australia,South Africa,8 wickets,Sydney,1/22/2002,ODI # 1791,1791,Australia,,,
Australia,New Zealand,New Zealand,Australia,77 runs,Adelaide,1/26/2002,ODI # 1796,1796,Australia,,,
Australia,New Zealand,Australia,New Zealand,2 wickets,Melbourne,1/29/2002,ODI # 1799,1799,Australia,,,
Australia,South Africa,Australia,South Africa,33 runs,Perth,2/3/2002,ODI # 1802,1802,Australia,,,
South Africa,Australia,Australia,South Africa,19 runs,Johannesburg,3/22/2002,ODI # 1819,1819,South Africa,,,
South Africa,Australia,Australia,South Africa,45 runs,Centurion,3/24/2002,ODI # 1820,1820,South Africa,,,
South Africa,Australia,tied,South Africa,,Potchefstroom,3/27/2002,ODI # 1821,1821,South Africa,,,
South Africa,Australia,Australia,South Africa,37 runs,Bloemfontein,3/30/2002,ODI # 1822,1822,South Africa,,,
South Africa,Australia,Australia,South Africa,8 wickets,Durban,4/3/2002,ODI # 1823,1823,South Africa,,,
South Africa,Australia,Australia,South Africa,3 wickets,Gqeberha,4/6/2002,ODI # 1824,1824,South Africa,,,
South Africa,Australia,South Africa,Australia,65 runs,Cape Town,4/9/2002,ODI # 1827,1827,South Africa,,,
Australia,Pakistan,Australia,Pakistan,7 wickets,Melbourne (Docklands),6/12/2002,ODI # 1842,1842,Australia,,,
Australia,Pakistan,Pakistan,Australia,2 wickets,Melbourne (Docklands),6/15/2002,ODI # 1844,1844,Australia,,,
Australia,Pakistan,Pakistan,Australia,91 runs,Brisbane,6/19/2002,ODI # 1846,1846,Australia,,,
Australia,Pakistan,Australia,Pakistan,224 runs,Nairobi (Gym),8/30/2002,ODI # 1868,1868,Kenya,,,
Kenya,Australia,Australia,Kenya,8 wickets,Nairobi (Gym),9/2/2002,ODI # 1870,1870,Kenya,,,
Australia,Pakistan,Australia,Pakistan,9 wickets,Nairobi (Gym),9/4/2002,ODI # 1871,1871,Kenya,,,
Kenya,Australia,Australia,Kenya,5 wickets,Nairobi (Gym),9/5/2002,ODI # 1872,1872,Kenya,,,
Australia,Pakistan,no result,Australia,,Nairobi (Gym),9/7/2002,ODI # 1873,1873,Kenya,,,
Australia,New Zealand,Australia,New Zealand,164 runs,Colombo (SSC),9/15/2002,ODI # 1877,1877,Sri Lanka,,,
Australia,Bangladesh,Australia,Bangladesh,9 wickets,Colombo (SSC),9/19/2002,ODI # 1881,1881,Sri Lanka,,,
Sri Lanka,Australia,Sri Lanka,Australia,7 wickets,Colombo (RPS),9/27/2002,ODI # 1887,1887,Sri Lanka,,,
Australia,England,Australia,England,7 wickets,Sydney,12/13/2002,ODI # 1917,1917,Australia,,,
Australia,England,Australia,England,89 runs,Melbourne,12/15/2002,ODI # 1919,1919,Australia,,,
Australia,Sri Lanka,Australia,Sri Lanka,142 runs,Perth,12/22/2002,ODI # 1925,1925,Australia,,,
Australia,Sri Lanka,Sri Lanka,Australia,79 runs,Sydney,1/9/2003,ODI # 1931,1931,Australia,,,
Australia,England,Australia,England,7 runs,Hobart,1/11/2003,ODI # 1932,1932,Australia,,,
Australia,Sri Lanka,Australia,Sri Lanka,4 wickets,Brisbane,1/15/2003,ODI # 1936,1936,Australia,,,
Australia,England,Australia,England,4 wickets,Adelaide,1/19/2003,ODI # 1938,1938,Australia,,,
Australia,Sri Lanka,Australia,Sri Lanka,9 wickets,Melbourne,1/21/2003,ODI # 1939,1939,Australia,,,
Australia,England,Australia,England,10 wickets,Sydney,1/23/2003,ODI # 1940,1940,Australia,,,
Australia,England,Australia,England,5 runs,Melbourne,1/25/2003,ODI # 1941,1941,Australia,,,
Australia,Pakistan,Australia,Pakistan,82 runs,Johannesburg,2/11/2003,ODI # 1945,1945,South Africa,,,
Australia,India,Australia,India,9 wickets,Centurion,2/15/2003,ODI # 1951,1951,South Africa,,,
Australia,Netherlands,Australia,Netherlands,75 runs,Potchefstroom,2/20/2003,ODI # 1960,1960,South Africa,,,
Zimbabwe,Australia,Australia,Zimbabwe,7 wickets,Bulawayo,2/24/2003,ODI # 1966,1966,Zimbabwe,,,
Australia,Namibia,Australia,Namibia,256 runs,Potchefstroom,2/27/2003,ODI # 1970,1970,South Africa,,,
Australia,England,Australia,England,2 wickets,Gqeberha,3/2/2003,ODI # 1976,1976,South Africa,,,
Australia,Sri Lanka,Australia,Sri Lanka,96 runs,Centurion,3/7/2003,ODI # 1982,1982,South Africa,,,
Australia,New Zealand,Australia,New Zealand,96 runs,Gqeberha,3/11/2003,ODI # 1986,1986,South Africa,,,
Australia,Kenya,Australia,Kenya,5 wickets,Durban,3/15/2003,ODI # 1990,1990,South Africa,,,
Australia,Sri Lanka,Australia,Sri Lanka,48 runs,Gqeberha,3/18/2003,ODI # 1991,1991,South Africa,,,
Australia,India,Australia,India,125 runs,Johannesburg,3/23/2003,ODI # 1993,1993,South Africa,,,
West Indies,Australia,Australia,West Indies,2 runs,Kingston,5/17/2003,ODI # 2011,2011,West Indies,,,
West Indies,Australia,Australia,West Indies,8 wickets,Kingston,5/18/2003,ODI # 2013,2013,West Indies,,,
West Indies,Australia,Australia,West Indies,25 runs,Gros Islet,5/21/2003,ODI # 2016,2016,West Indies,,,
West Indies,Australia,Australia,West Indies,67 runs,Port of Spain,5/24/2003,ODI # 2018,2018,West Indies,,,
West Indies,Australia,West Indies,Australia,39 runs,Port of Spain,5/25/2003,ODI # 2019,2019,West Indies,,,
West Indies,Australia,West Indies,Australia,3 wickets,St George's,5/30/2003,ODI # 2020,2020,West Indies,,,
West Indies,Australia,West Indies,Australia,9 wickets,St George's,6/1/2003,ODI # 2021,2021,West Indies,,,
Australia,Bangladesh,Australia,Bangladesh,8 wickets,Cairns,8/2/2003,ODI # 2038,2038,Australia,,,
Australia,Bangladesh,Australia,Bangladesh,9 wickets,Cairns,8/3/2003,ODI # 2039,2039,Australia,,,
Australia,Bangladesh,Australia,Bangladesh,112 runs,Darwin,8/6/2003,ODI # 2040,2040,Australia,,,
India,Australia,India,Australia,37 runs,Gwalior,10/26/2003,ODI # 2052,2052,India,,,
Australia,New Zealand,Australia,New Zealand,8 wickets,Faridabad,10/29/2003,ODI # 2053,2053,India,,,
India,Australia,Australia,India,77 runs,Wankhede,11/1/2003,ODI # 2054,2054,India,,,
Australia,New Zealand,Australia,New Zealand,2 wickets,Pune,11/3/2003,ODI # 2055,2055,India,,,
Australia,New Zealand,Australia,New Zealand,44 runs,Guwahati,11/9/2003,ODI # 2058,2058,India,,,
India,Australia,Australia,India,61 runs,Bengaluru,11/12/2003,ODI # 2061,2061,India,,,
India,Australia,Australia,India,37 runs,Eden Gardens,11/18/2003,ODI # 2064,2064,India,,,
Australia,India,Australia,India,18 runs,Melbourne,1/9/2004,ODI # 2077,2077,Australia,,,
Australia,Zimbabwe,Australia,Zimbabwe,99 runs,Sydney,1/11/2004,ODI # 2079,2079,Australia,,,
Australia,Zimbabwe,Australia,Zimbabwe,148 runs,Hobart,1/16/2004,ODI # 2082,2082,Australia,,,
Australia,India,India,Australia,19 runs,Brisbane,1/18/2004,ODI # 2084,2084,Australia,,,
Australia,India,Australia,India,2 wickets,Sydney,1/22/2004,ODI # 2086,2086,Australia,,,
Australia,Zimbabwe,Australia,Zimbabwe,13 runs,Adelaide,1/26/2004,ODI # 2089,2089,Australia,,,
Australia,Zimbabwe,no result,Australia,,Melbourne,1/29/2004,ODI # 2091,2091,Australia,,,
Australia,India,Australia,India,5 wickets,Perth,2/1/2004,ODI # 2093,2093,Australia,,,
Australia,India,Australia,India,7 wickets,Melbourne,2/6/2004,ODI # 2097,2097,Australia,,,
Australia,India,Australia,India,208 runs,Sydney,2/8/2004,ODI # 2098,2098,Australia,,,
Sri Lanka,Australia,Australia,Sri Lanka,84 runs,Dambulla,2/20/2004,ODI # 2102,2102,Sri Lanka,,,
Sri Lanka,Australia,Sri Lanka,Australia,1 run,Dambulla,2/22/2004,ODI # 2103,2103,Sri Lanka,,,
Sri Lanka,Australia,Australia,Sri Lanka,5 wickets,Colombo (RPS),2/25/2004,ODI # 2105,2105,Sri Lanka,,,
Sri Lanka,Australia,Australia,Sri Lanka,40 runs,Colombo (RPS),2/27/2004,ODI # 2106,2106,Sri Lanka,,,
Sri Lanka,Australia,Sri Lanka,Australia,3 wickets,Colombo (SSC),2/29/2004,ODI # 2108,2108,Sri Lanka,,,
Zimbabwe,Australia,Australia,Zimbabwe,7 wickets,Harare,5/25/2004,ODI # 2131,2131,Zimbabwe,,,
Zimbabwe,Australia,Australia,Zimbabwe,139 runs,Harare,5/27/2004,ODI # 2132,2132,Zimbabwe,,,
Zimbabwe,Australia,Australia,Zimbabwe,8 wickets,Harare,5/29/2004,ODI # 2133,2133,Zimbabwe,,,
Australia,India,no result,Australia,,Amstelveen,8/23/2004,ODI # 2159,2159,Netherlands,,,
Australia,Pakistan,Australia,Pakistan,17 runs,Amstelveen,8/28/2004,ODI # 2162,2162,Netherlands,,,
Australia,Pakistan,Australia,Pakistan,10 runs,Lord's,9/4/2004,ODI # 2166,2166,England,,,
Australia,U.S.A.,Australia,U.S.A.,9 wickets,Southampton,9/13/2004,ODI # 2172,2172,England,,,
Australia,New Zealand,Australia,New Zealand,7 wickets,The Oval,9/16/2004,ODI # 2176,2176,England,,,
England,Australia,England,Australia,6 wickets,Birmingham,9/21/2004,ODI # 2180,2180,England,,,
Australia,New Zealand,New Zealand,Australia,4 wickets,Melbourne (Docklands),12/5/2004,ODI # 2196,2196,Australia,,,
Australia,New Zealand,Australia,New Zealand,17 runs,Sydney,12/8/2004,ODI # 2198,2198,Australia,,,
Australia,West Indies,Australia,West Indies,116 runs,Melbourne,1/14/2005,ODI # 2204,2204,Australia,,,
Australia,Pakistan,Australia,Pakistan,4 wickets,Hobart,1/16/2005,ODI # 2205,2205,Australia,,,
Australia,West Indies,no result,Australia,,Brisbane,1/21/2005,ODI # 2208,2208,Australia,,,
Australia,Pakistan,Australia,Pakistan,9 wickets,Sydney,1/23/2005,ODI # 2209,2209,Australia,,,
Australia,West Indies,Australia,West Indies,73 runs,Adelaide,1/26/2005,ODI # 2212,2212,Australia,,,
Australia,Pakistan,Pakistan,Australia,3 wickets,Perth,1/30/2005,ODI # 2215,2215,Australia,,,
Australia,Pakistan,Australia,Pakistan,18 runs,Melbourne,2/4/2005,ODI # 2220,2220,Australia,,,
Australia,Pakistan,Australia,Pakistan,31 runs,Sydney,2/6/2005,ODI # 2222,2222,Australia,,,
New Zealand,Australia,Australia,New Zealand,10 runs,Wellington,2/19/2005,ODI # 2227,2227,New Zealand,,,
New Zealand,Australia,Australia,New Zealand,106 runs,Christchurch,2/22/2005,ODI # 2228,2228,New Zealand,,,
New Zealand,Australia,Australia,New Zealand,86 runs,Auckland,2/26/2005,ODI # 2230,2230,New Zealand,,,
New Zealand,Australia,Australia,New Zealand,7 wickets,Wellington,3/1/2005,ODI # 2232,2232,New Zealand,,,
New Zealand,Australia,Australia,New Zealand,122 runs,Napier,3/5/2005,ODI # 2234,2234,New Zealand,,,
Australia,Bangladesh,Bangladesh,Australia,5 wickets,Cardiff,6/18/2005,ODI # 2250,2250,Wales,,,
England,Australia,England,Australia,3 wickets,Bristol,6/19/2005,ODI # 2251,2251,England,,,
England,Australia,Australia,England,57 runs,Chester-le-Street,6/23/2005,ODI # 2253,2253,England,,,
Australia,Bangladesh,Australia,Bangladesh,10 wickets,Manchester,6/25/2005,ODI # 2254,2254,England,,,
England,Australia,no result,England,,Birmingham,6/28/2005,ODI # 2256,2256,England,,,
Australia,Bangladesh,Australia,Bangladesh,6 wickets,Canterbury,6/30/2005,ODI # 2257,2257,England,,,
England,Australia,tied,England,,Lord's,7/2/2005,ODI # 2258,2258,England,,,
England,Australia,England,Australia,9 wickets,Leeds,7/7/2005,ODI # 2259,2259,England,,,
England,Australia,Australia,England,7 wickets,Lord's,7/10/2005,ODI # 2260,2260,England,,,
England,Australia,Australia,England,8 wickets,The Oval,7/12/2005,ODI # 2261,2261,England,,,
Australia,ICC World XI,Australia,ICC World XI,93 runs,Melbourne (Docklands),10/5/2005,ODI # 2282,2282,Australia,,,
Australia,ICC World XI,Australia,ICC World XI,55 runs,Melbourne (Docklands),10/7/2005,ODI # 2283,2283,Australia,,,
Australia,ICC World XI,Australia,ICC World XI,156 runs,Melbourne (Docklands),10/9/2005,ODI # 2284,2284,Australia,,,
New Zealand,Australia,Australia,New Zealand,147 runs,Auckland,12/3/2005,ODI # 2301,2301,New Zealand,,,
New Zealand,Australia,Australia,New Zealand,2 runs,Wellington,12/7/2005,ODI # 2302,2302,New Zealand,,,
New Zealand,Australia,New Zealand,Australia,2 wickets,Christchurch,12/10/2005,ODI # 2303,2303,New Zealand,,,
Australia,Sri Lanka,Australia,Sri Lanka,116 runs,Melbourne (Docklands),1/13/2006,ODI # 2313,2313,Australia,,,
Australia,South Africa,South Africa,Australia,5 wickets,Brisbane,1/15/2006,ODI # 2314,2314,Australia,,,
Australia,South Africa,Australia,South Africa,59 runs,Melbourne (Docklands),1/20/2006,ODI # 2316,2316,Australia,,,
Australia,Sri Lanka,Sri Lanka,Australia,51 runs,Sydney,1/22/2006,ODI # 2317,2317,Australia,,,
Australia,Sri Lanka,Australia,Sri Lanka,5 wickets,Adelaide,1/26/2006,ODI # 2319,2319,Australia,,,
Australia,Sri Lanka,Australia,Sri Lanka,6 wickets,Perth,1/29/2006,ODI # 2320,2320,Australia,,,
Australia,South Africa,Australia,South Africa,80 runs,Melbourne (Docklands),2/3/2006,ODI # 2322,2322,Australia,,,
Australia,South Africa,Australia,South Africa,57 runs,Sydney,2/5/2006,ODI # 2323,2323,Australia,,,
Australia,Sri Lanka,Sri Lanka,Australia,22 runs,Adelaide,2/10/2006,ODI # 2326,2326,Australia,,,
Australia,Sri Lanka,Australia,Sri Lanka,167 runs,Sydney,2/12/2006,ODI # 2328,2328,Australia,,,
Australia,Sri Lanka,Australia,Sri Lanka,9 wickets,Brisbane,2/14/2006,ODI # 2330,2330,Australia,,,
South Africa,Australia,South Africa,Australia,6 wickets,Centurion,2/26/2006,ODI # 2341,2341,South Africa,,,
South Africa,Australia,South Africa,Australia,196 runs,Cape Town,3/3/2006,ODI # 2345,2345,South Africa,,,
South Africa,Australia,Australia,South Africa,24 runs,Gqeberha,3/5/2006,ODI # 2347,2347,South Africa,,,
South Africa,Australia,Australia,South Africa,1 wicket,Durban,3/10/2006,ODI # 2348,2348,South Africa,,,
South Africa,Australia,South Africa,Australia,1 wicket,Johannesburg,3/12/2006,ODI # 2349,2349,South Africa,,,
Bangladesh,Australia,Australia,Bangladesh,4 wickets,Chattogram,4/23/2006,ODI # 2365,2365,Bangladesh,,,
Bangladesh,Australia,Australia,Bangladesh,67 runs,Fatullah,4/26/2006,ODI # 2366,2366,Bangladesh,,,
Bangladesh,Australia,Australia,Bangladesh,9 wickets,Fatullah,4/28/2006,ODI # 2367,2367,Bangladesh,,,
Australia,West Indies,Australia,West Indies,78 runs,Kuala Lumpur,9/12/2006,ODI # 2413,2413,Indonesia,,,
Australia,India,no result,Australia,,Kuala Lumpur,9/16/2006,ODI # 2416,2416,Indonesia,,,
Australia,West Indies,West Indies,Australia,3 wickets,Kuala Lumpur,9/18/2006,ODI # 2417,2417,Indonesia,,,
Australia,India,Australia,India,18 runs,Kuala Lumpur,9/22/2006,ODI # 2421,2421,Indonesia,,,
Australia,West Indies,Australia,West Indies,127 runs,Kuala Lumpur,9/24/2006,ODI # 2422,2422,Indonesia,,,
Australia,West Indies,West Indies,Australia,10 runs,Brabourne,10/18/2006,ODI # 2432,2432,India,,,
Australia,England,Australia,England,6 wickets,Jaipur,10/21/2006,ODI # 2434,2434,India,,,
India,Australia,Australia,India,6 wickets,Mohali,10/29/2006,ODI # 2440,2440,India,,,
Australia,New Zealand,Australia,New Zealand,34 runs,Mohali,11/1/2006,ODI # 2441,2441,India,,,
Australia,West Indies,Australia,West Indies,8 wickets,Brabourne,11/5/2006,ODI # 2443,2443,India,,,
Australia,England,Australia,England,8 wickets,Melbourne,1/12/2007,ODI # 2473,2473,Australia,,,
Australia,New Zealand,Australia,New Zealand,105 runs,Hobart,1/14/2007,ODI # 2474,2474,Australia,,,
Australia,England,Australia,England,4 wickets,Brisbane,1/19/2007,ODI # 2478,2478,Australia,,,
Australia,New Zealand,Australia,New Zealand,2 wickets,Sydney,1/21/2007,ODI # 2479,2479,Australia,,,
Australia,England,Australia,England,9 wickets,Adelaide,1/26/2007,ODI # 2486,2486,Australia,,,
Australia,New Zealand,Australia,New Zealand,8 runs,Perth,1/28/2007,ODI # 2488,2488,Australia,,,
Australia,England,England,Australia,92 runs,Sydney,2/2/2007,ODI # 2497,2497,Australia,,,
Australia,New Zealand,Australia,New Zealand,5 wickets,Melbourne,2/4/2007,ODI # 2501,2501,Australia,,,
Australia,England,England,Australia,4 wickets,Melbourne,2/9/2007,ODI # 2515,2515,Australia,,,
Australia,England,England,Australia,34 runs,Sydney,2/11/2007,ODI # 2519,2519,Australia,,,
New Zealand,Australia,New Zealand,Australia,10 wickets,Wellington,2/16/2007,ODI # 2524,2524,New Zealand,,,
New Zealand,Australia,New Zealand,Australia,5 wickets,Auckland,2/18/2007,ODI # 2526,2526,New Zealand,,,
New Zealand,Australia,New Zealand,Australia,1 wicket,Hamilton,2/20/2007,ODI # 2527,2527,New Zealand,,,
Australia,Scotland,Australia,Scotland,203 runs,Basseterre,3/14/2007,ODI # 2532,2532,West Indies,,,
Australia,Netherlands,Australia,Netherlands,229 runs,Basseterre,3/18/2007,ODI # 2540,2540,West Indies,,,
Australia,South Africa,Australia,South Africa,83 runs,Basseterre,3/24/2007,ODI # 2552,2552,West Indies,,,
West Indies,Australia,Australia,West Indies,103 runs,North Sound,3/27/2007,ODI # 2555,2555,West Indies,,,
Australia,Bangladesh,Australia,Bangladesh,10 wickets,North Sound,3/31/2007,ODI # 2559,2559,West Indies,,,
Australia,England,Australia,England,7 wickets,North Sound,4/8/2007,ODI # 2565,2565,West Indies,,,
Australia,Ireland,Australia,Ireland,9 wickets,Bridgetown,4/13/2007,ODI # 2570,2570,West Indies,,,
Australia,Sri Lanka,Australia,Sri Lanka,7 wickets,St George's,4/16/2007,ODI # 2573,2573,West Indies,,,
Australia,New Zealand,Australia,New Zealand,215 runs,St George's,4/20/2007,ODI # 2577,2577,West Indies,,,
Australia,South Africa,Australia,South Africa,7 wickets,Gros Islet,4/25/2007,ODI # 2580,2580,West Indies,,,
Australia,Sri Lanka,Australia,Sri Lanka,53 runs,Bridgetown,4/28/2007,ODI # 2581,2581,West Indies,,,
India,Australia,no result,India,,Bengaluru,9/29/2007,ODI # 2621,2621,India,,,
India,Australia,Australia,India,84 runs,Kochi,10/2/2007,ODI # 2623,2623,India,,,
India,Australia,Australia,India,47 runs,Hyderabad (Deccan),10/5/2007,ODI # 2625,2625,India,,,
India,Australia,India,Australia,8 runs,Chandigarh,10/8/2007,ODI # 2627,2627,India,,,
India,Australia,Australia,India,9 wickets,Vadodara,10/11/2007,ODI # 2629,2629,India,,,
India,Australia,Australia,India,18 runs,Nagpur,10/14/2007,ODI # 2631,2631,India,,,
India,Australia,India,Australia,2 wickets,Wankhede,10/17/2007,ODI # 2632,2632,India,,,
Australia,New Zealand,Australia,New Zealand,7 wickets,Adelaide,12/14/2007,ODI # 2655,2655,Australia,,,
Australia,New Zealand,no result,Australia,,Sydney,12/16/2007,ODI # 2656,2656,Australia,,,
Australia,New Zealand,Australia,New Zealand,114 runs,Hobart,12/20/2007,ODI # 2657,2657,Australia,,,
Australia,India,no result,Australia,,Brisbane,2/3/2008,ODI # 2670,2670,Australia,,,
Australia,Sri Lanka,Australia,Sri Lanka,128 runs,Sydney,2/8/2008,ODI # 2673,2673,Australia,,,
Australia,India,India,Australia,5 wickets,Melbourne,2/10/2008,ODI # 2675,2675,Australia,,,
Australia,Sri Lanka,Australia,Sri Lanka,63 runs,Perth,2/15/2008,ODI # 2679,2679,Australia,,,
Australia,India,Australia,India,50 runs,Adelaide,2/17/2008,ODI # 2680,2680,Australia,,,
Australia,Sri Lanka,Australia,Sri Lanka,24 runs,Melbourne,2/22/2008,ODI # 2683,2683,Australia,,,
Australia,India,Australia,India,18 runs,Sydney,2/24/2008,ODI # 2685,2685,Australia,,,
Australia,Sri Lanka,Sri Lanka,Australia,13 runs,Melbourne,2/29/2008,ODI # 2687,2687,Australia,,,
Australia,India,India,Australia,6 wickets,Sydney,3/2/2008,ODI # 2688,2688,Australia,,,
Australia,India,India,Australia,9 runs,Brisbane,3/4/2008,ODI # 2689,2689,Australia,,,
West Indies,Australia,Australia,West Indies,84 runs,Kingstown,6/24/2008,ODI # 2713,2713,West Indies,,,
West Indies,Australia,Australia,West Indies,63 runs,St George's,6/27/2008,ODI # 2719,2719,West Indies,,,
West Indies,Australia,Australia,West Indies,7 wickets,St George's,6/29/2008,ODI # 2724,2724,West Indies,,,
West Indies,Australia,Australia,West Indies,1 run,Basseterre,7/4/2008,ODI # 2734,2734,West Indies,,,
West Indies,Australia,Australia,West Indies,169 runs,Basseterre,7/6/2008,ODI # 2736,2736,West Indies,,,
Australia,Bangladesh,Australia,Bangladesh,180 runs,Darwin,8/30/2008,ODI # 2758,2758,Australia,,,
Australia,Bangladesh,Australia,Bangladesh,8 wickets,Darwin,9/3/2008,ODI # 2760,2760,Australia,,,
Australia,Bangladesh,Australia,Bangladesh,73 runs,Darwin,9/6/2008,ODI # 2762,2762,Australia,,,
Australia,South Africa,South Africa,Australia,3 wickets,Melbourne,1/16/2009,ODI # 2795,2795,Australia,,,
Australia,South Africa,Australia,South Africa,5 runs,Hobart,1/18/2009,ODI # 2796,2796,Australia,,,
Australia,South Africa,South Africa,Australia,3 wickets,Sydney,1/23/2009,ODI # 2802,2802,Australia,,,
Australia,South Africa,South Africa,Australia,8 wickets,Adelaide,1/26/2009,ODI # 2804,2804,Australia,,,
Australia,South Africa,South Africa,Australia,39 runs,Perth,1/30/2009,ODI # 2808,2808,Australia,,,
Australia,New Zealand,New Zealand,Australia,2 wickets,Perth,2/1/2009,ODI # 2811,2811,Australia,,,
Australia,New Zealand,New Zealand,Australia,6 wickets,Melbourne,2/6/2009,ODI # 2816,2816,Australia,,,
Australia,New Zealand,Australia,New Zealand,32 runs,Sydney,2/8/2009,ODI # 2817,2817,Australia,,,
Australia,New Zealand,Australia,New Zealand,6 wickets,Adelaide,2/10/2009,ODI # 2819,2819,Australia,,,
Australia,New Zealand,no result,Australia,,Brisbane,2/13/2009,ODI # 2820,2820,Australia,,,
South Africa,Australia,Australia,South Africa,141 runs,Durban,4/3/2009,ODI # 2832,2832,South Africa,,,
South Africa,Australia,South Africa,Australia,7 wickets,Centurion,4/5/2009,ODI # 2834,2834,South Africa,,,
South Africa,Australia,South Africa,Australia,25 runs,Cape Town,4/9/2009,ODI # 2839,2839,South Africa,,,
South Africa,Australia,South Africa,Australia,61 runs,Gqeberha,4/13/2009,ODI # 2840,2840,South Africa,,,
South Africa,Australia,Australia,South Africa,47 runs,Johannesburg,4/17/2009,ODI # 2841,2841,South Africa,,,
Australia,Pakistan,Pakistan,Australia,4 wickets,Dubai (DSC),4/22/2009,ODI # 2845,2845,United Arab Emirates,,,
Australia,Pakistan,Australia,Pakistan,6 wickets,Dubai (DSC),4/24/2009,ODI # 2846,2846,United Arab Emirates,,,
Australia,Pakistan,Australia,Pakistan,27 runs,Abu Dhabi,4/27/2009,ODI # 2847,2847,United Arab Emirates,,,
Australia,Pakistan,Australia,Pakistan,8 wickets,Abu Dhabi,5/1/2009,ODI # 2848,2848,United Arab Emirates,,,
Australia,Pakistan,Pakistan,Australia,7 wickets,Abu Dhabi,5/3/2009,ODI # 2849,2849,United Arab Emirates,,,
Scotland,Australia,Australia,Scotland,189 runs,Edinburgh,8/28/2009,ODI # 2879,2879,Scotland,,,
England,Australia,Australia,England,4 runs,The Oval,9/4/2009,ODI # 2882,2882,England,,,
England,Australia,Australia,England,39 runs,Lord's,9/6/2009,ODI # 2883,2883,England,,,
England,Australia,Australia,England,6 wickets,Southampton,9/9/2009,ODI # 2885,2885,England,,,
England,Australia,Australia,England,7 wickets,Lord's,9/12/2009,ODI # 2888,2888,England,,,
England,Australia,Australia,England,4 wickets,Nottingham,9/15/2009,ODI # 2890,2890,England,,,
England,Australia,Australia,England,111 runs,Nottingham,9/17/2009,ODI # 2891,2891,England,,,
England,Australia,England,Australia,4 wickets,Chester-le-Street,9/20/2009,ODI # 2892,2892,England,,,
Australia,West Indies,Australia,West Indies,50 runs,Johannesburg,9/26/2009,ODI # 2897,2897,South Africa,,,
Australia,India,no result,Australia,,Centurion,9/28/2009,ODI # 2901,2901,South Africa,,,
Australia,Pakistan,Australia,Pakistan,2 wickets,Centurion,9/30/2009,ODI # 2903,2903,South Africa,,,
Australia,England,Australia,England,9 wickets,Centurion,10/2/2009,ODI # 2905,2905,South Africa,,,
Australia,New Zealand,Australia,New Zealand,6 wickets,Centurion,10/5/2009,ODI # 2907,2907,South Africa,,,
India,Australia,Australia,India,4 runs,Vadodara,10/25/2009,ODI # 2913,2913,India,,,
India,Australia,India,Australia,99 runs,Nagpur,10/28/2009,ODI # 2915,2915,India,,,
India,Australia,India,Australia,6 wickets,Delhi,10/31/2009,ODI # 2918,2918,India,,,
India,Australia,Australia,India,24 runs,Mohali,11/2/2009,ODI # 2919,2919,India,,,
India,Australia,Australia,India,3 runs,Hyderabad (Deccan),11/5/2009,ODI # 2923,2923,India,,,
India,Australia,Australia,India,6 wickets,Guwahati,11/8/2009,ODI # 2925,2925,India,,,
Australia,Pakistan,Australia,Pakistan,5 wickets,Brisbane,1/22/2010,ODI # 2944,2944,Australia,,,
Australia,Pakistan,Australia,Pakistan,140 runs,Sydney,1/24/2010,ODI # 2945,2945,Australia,,,
Australia,Pakistan,Australia,Pakistan,40 runs,Adelaide,1/26/2010,ODI # 2946,2946,Australia,,,
Australia,Pakistan,Australia,Pakistan,135 runs,Perth,1/29/2010,ODI # 2947,2947,Australia,,,
Australia,Pakistan,Australia,Pakistan,2 wickets,Perth,1/31/2010,ODI # 2948,2948,Australia,,,
Australia,West Indies,Australia,West Indies,113 runs,Melbourne,2/7/2010,ODI # 2950,2950,Australia,,,
Australia,West Indies,Australia,West Indies,8 wickets,Adelaide,2/9/2010,ODI # 2952,2952,Australia,,,
Australia,West Indies,no result,Australia,,Sydney,2/12/2010,ODI # 2954,2954,Australia,,,
Australia,West Indies,Australia,West Indies,50 runs,Brisbane,2/14/2010,ODI # 2955,2955,Australia,,,
Australia,West Indies,Australia,West Indies,125 runs,Melbourne,2/19/2010,ODI # 2960,2960,Australia,,,
New Zealand,Australia,New Zealand,Australia,2 wickets,Napier,3/3/2010,ODI # 2966,2966,New Zealand,,,
New Zealand,Australia,Australia,New Zealand,12 runs,Auckland,3/6/2010,ODI # 2969,2969,New Zealand,,,
New Zealand,Australia,Australia,New Zealand,6 wickets,Hamilton,3/9/2010,ODI # 2971,2971,New Zealand,,,
New Zealand,Australia,Australia,New Zealand,6 wickets,Auckland,3/11/2010,ODI # 2973,2973,New Zealand,,,
New Zealand,Australia,New Zealand,Australia,51 runs,Wellington,3/13/2010,ODI # 2975,2975,New Zealand,,,
Ireland,Australia,Australia,Ireland,39 runs,Dublin,6/17/2010,ODI # 2994,2994,Ireland,,,
England,Australia,England,Australia,4 wickets,Southampton,6/22/2010,ODI # 3000,3000,England,,,
England,Australia,England,Australia,4 wickets,Cardiff,6/24/2010,ODI # 3002,3002,Wales,,,
England,Australia,England,Australia,1 wicket,Manchester,6/27/2010,ODI # 3003,3003,England,,,
England,Australia,Australia,England,78 runs,The Oval,6/30/2010,ODI # 3004,3004,England,,,
England,Australia,Australia,England,42 runs,Lord's,7/3/2010,ODI # 3011,3011,England,,,
India,Australia,India,Australia,5 wickets,Visakhapatnam,10/20/2010,ODI # 3060,3060,India,,,
Australia,Sri Lanka,Sri Lanka,Australia,1 wicket,Melbourne,11/3/2010,ODI # 3065,3065,Australia,,,
Australia,Sri Lanka,Sri Lanka,Australia,29 runs,Sydney,11/5/2010,ODI # 3066,3066,Australia,,,
Australia,Sri Lanka,Australia,Sri Lanka,8 wickets,Brisbane,11/7/2010,ODI # 3068,3068,Australia,,,
Australia,England,Australia,England,6 wickets,Melbourne,1/16/2011,ODI # 3081,3081,Australia,,,
Australia,England,Australia,England,46 runs,Hobart,1/21/2011,ODI # 3083,3083,Australia,,,
Australia,England,Australia,England,4 wickets,Sydney,1/23/2011,ODI # 3086,3086,Australia,,,
Australia,England,England,Australia,21 runs,Adelaide,1/26/2011,ODI # 3089,3089,Australia,,,
Australia,England,Australia,England,51 runs,Brisbane,1/30/2011,ODI # 3091,3091,Australia,,,
Australia,England,Australia,England,2 wickets,Sydney,2/2/2011,ODI # 3094,3094,Australia,,,
Australia,England,Australia,England,57 runs,Perth,2/6/2011,ODI # 3098,3098,Australia,,,
Australia,Zimbabwe,Australia,Zimbabwe,91 runs,Ahmedabad,2/21/2011,ODI # 3103,3103,India,,,
Australia,New Zealand,Australia,New Zealand,7 wickets,Nagpur,2/25/2011,ODI # 3107,3107,India,,,
Sri Lanka,Australia,no result,Sri Lanka,,Colombo (RPS),3/5/2011,ODI # 3119,3119,Sri Lanka,,,
Australia,Kenya,Australia,Kenya,60 runs,Bengaluru,3/13/2011,ODI # 3130,3130,India,,,
Australia,Canada,Australia,Canada,7 wickets,Bengaluru,3/16/2011,ODI # 3134,3134,India,,,
Australia,Pakistan,Pakistan,Australia,4 wickets,Colombo (RPS),3/19/2011,ODI # 3139,3139,Sri Lanka,,,
India,Australia,India,Australia,5 wickets,Ahmedabad,3/24/2011,ODI # 3143,3143,India,,,
Bangladesh,Australia,Australia,Bangladesh,60 runs,Mirpur,4/9/2011,ODI # 3149,3149,Bangladesh,,,
Bangladesh,Australia,Australia,Bangladesh,9 wickets,Mirpur,4/11/2011,ODI # 3150,3150,Bangladesh,,,
Bangladesh,Australia,Australia,Bangladesh,66 runs,Mirpur,4/13/2011,ODI # 3151,3151,Bangladesh,,,
Sri Lanka,Australia,Australia,Sri Lanka,7 wickets,Pallekele,8/10/2011,ODI # 3175,3175,Sri Lanka,,,
Sri Lanka,Australia,Australia,Sri Lanka,8 wickets,Hambantota,8/14/2011,ODI # 3178,3178,Sri Lanka,,,
Sri Lanka,Australia,Sri Lanka,Australia,78 runs,Hambantota,8/16/2011,ODI # 3180,3180,Sri Lanka,,,
Sri Lanka,Australia,Australia,Sri Lanka,5 wickets,Colombo (RPS),8/20/2011,ODI # 3182,3182,Sri Lanka,,,
Sri Lanka,Australia,Sri Lanka,Australia,4 wickets,Colombo (RPS),8/22/2011,ODI # 3184,3184,Sri Lanka,,,
South Africa,Australia,Australia,South Africa,93 runs,Centurion,10/19/2011,ODI # 3203,3203,South Africa,,,
South Africa,Australia,South Africa,Australia,80 runs,Gqeberha,10/23/2011,ODI # 3208,3208,South Africa,,,
South Africa,Australia,Australia,South Africa,3 wickets,Durban,10/28/2011,ODI # 3211,3211,South Africa,,,
Australia,India,Australia,India,65 runs,Melbourne,2/5/2012,ODI # 3231,3231,Australia,,,
Australia,Sri Lanka,Australia,Sri Lanka,5 runs,Perth,2/10/2012,ODI # 3235,3235,Australia,,,
Australia,India,India,Australia,4 wickets,Adelaide,2/12/2012,ODI # 3237,3237,Australia,,,
Australia,Sri Lanka,Sri Lanka,Australia,8 wickets,Sydney,2/17/2012,ODI # 3241,3241,Australia,,,
Australia,India,Australia,India,110 runs,Brisbane,2/19/2012,ODI # 3244,3244,Australia,,,
Australia,Sri Lanka,Sri Lanka,Australia,3 wickets,Hobart,2/24/2012,ODI # 3248,3248,Australia,,,
Australia,India,Australia,India,87 runs,Sydney,2/26/2012,ODI # 3250,3250,Australia,,,
Australia,Sri Lanka,Sri Lanka,Australia,9 runs,Melbourne,3/2/2012,ODI # 3253,3253,Australia,,,
Australia,Sri Lanka,Australia,Sri Lanka,15 runs,Brisbane,3/4/2012,ODI # 3255,3255,Australia,,,
Australia,Sri Lanka,Sri Lanka,Australia,8 wickets,Adelaide,3/6/2012,ODI # 3256,3256,Australia,,,
Australia,Sri Lanka,Australia,Sri Lanka,16 runs,Adelaide,3/8/2012,ODI # 3257,3257,Australia,,,
West Indies,Australia,Australia,West Indies,64 runs,Kingstown,3/16/2012,ODI # 3262,3262,West Indies,,,
West Indies,Australia,West Indies,Australia,5 wickets,Kingstown,3/18/2012,ODI # 3264,3264,West Indies,,,
West Indies,Australia,tied,West Indies,,Kingstown,3/20/2012,ODI # 3266,3266,West Indies,,,
West Indies,Australia,West Indies,Australia,42 runs,Gros Islet,3/23/2012,ODI # 3268,3268,West Indies,,,
West Indies,Australia,Australia,West Indies,30 runs,Gros Islet,3/25/2012,ODI # 3269,3269,West Indies,,,
Ireland,Australia,no result,Ireland,,Belfast,6/23/2012,ODI # 3279,3279,Northern Ireland,,,
England,Australia,England,Australia,15 runs,Lord's,6/29/2012,ODI # 3280,3280,England,,,
England,Australia,England,Australia,6 wickets,The Oval,7/1/2012,ODI # 3281,3281,England,,,
England,Australia,England,Australia,8 wickets,Chester-le-Street,7/7/2012,ODI # 3284,3284,England,,,
England,Australia,England,Australia,7 wickets,Manchester,7/10/2012,ODI # 3286,3286,England,,,
Afghanistan,Australia,Australia,Afghanistan,66 runs,Sharjah,8/25/2012,ODI # 3297,3297,United Arab Emirates,,,
Australia,Pakistan,Australia,Pakistan,4 wickets,Sharjah,8/28/2012,ODI # 3299,3299,United Arab Emirates,,,
Australia,Pakistan,Pakistan,Australia,7 wickets,Abu Dhabi,8/31/2012,ODI # 3301,3301,United Arab Emirates,,,
Australia,Pakistan,Australia,Pakistan,3 wickets,Sharjah,9/3/2012,ODI # 3303,3303,United Arab Emirates,,,
Australia,Sri Lanka,Australia,Sri Lanka,107 runs,Melbourne,1/11/2013,ODI # 3317,3317,Australia,,,
Australia,Sri Lanka,Sri Lanka,Australia,8 wickets,Adelaide,1/13/2013,ODI # 3319,3319,Australia,,,
Australia,Sri Lanka,Sri Lanka,Australia,4 wickets,Brisbane,1/18/2013,ODI # 3321,3321,Australia,,,
Australia,Sri Lanka,no result,Australia,,Sydney,1/20/2013,ODI # 3324,3324,Australia,,,
Australia,Sri Lanka,Australia,Sri Lanka,32 runs,Hobart,1/23/2013,ODI # 3326,3326,Australia,,,
Australia,West Indies,Australia,West Indies,9 wickets,Perth,2/1/2013,ODI # 3330,3330,Australia,,,
Australia,West Indies,Australia,West Indies,54 runs,Perth,2/3/2013,ODI # 3331,3331,Australia,,,
Australia,West Indies,Australia,West Indies,39 runs,Canberra,2/6/2013,ODI # 3332,3332,Australia,,,
Australia,West Indies,Australia,West Indies,5 wickets,Sydney,2/8/2013,ODI # 3333,3333,Australia,,,
Australia,West Indies,Australia,West Indies,17 runs,Melbourne,2/10/2013,ODI # 3334,3334,Australia,,,
England,Australia,England,Australia,48 runs,Birmingham,6/8/2013,ODI # 3365,3365,England,,,
Australia,New Zealand,no result,Australia,,Birmingham,6/12/2013,ODI # 3369,3369,England,,,
Australia,Sri Lanka,Sri Lanka,Australia,20 runs,The Oval,6/17/2013,ODI # 3374,3374,England,,,
Scotland,Australia,Australia,Scotland,200 runs,Edinburgh,9/3/2013,ODI # 3410,3410,Scotland,,,
England,Australia,Australia,England,88 runs,Manchester,9/8/2013,ODI # 3412,3412,England,,,
England,Australia,no result,England,,Birmingham,9/11/2013,ODI # 3414,3414,England,,,
England,Australia,England,Australia,3 wickets,Cardiff,9/14/2013,ODI # 3415,3415,Wales,,,
England,Australia,Australia,England,49 runs,Southampton,9/16/2013,ODI # 3416,3416,England,,,
India,Australia,Australia,India,72 runs,Pune,10/13/2013,ODI # 3419,3419,India,,,
India,Australia,India,Australia,9 wickets,Jaipur,10/16/2013,ODI # 3420,3420,India,,,
India,Australia,Australia,India,4 wickets,Mohali,10/19/2013,ODI # 3421,3421,India,,,
India,Australia,no result,India,,Ranchi,10/23/2013,ODI # 3422,3422,India,,,
India,Australia,India,Australia,6 wickets,Nagpur,10/30/2013,ODI # 3424,3424,India,,,
India,Australia,India,Australia,57 runs,Bengaluru,11/2/2013,ODI # 3428,3428,India,,,
Australia,England,Australia,England,6 wickets,Melbourne,1/12/2014,ODI # 3454,3454,Australia,,,
Australia,England,Australia,England,1 wicket,Brisbane,1/17/2014,ODI # 3455,3455,Australia,,,
Australia,England,Australia,England,7 wickets,Sydney,1/19/2014,ODI # 3457,3457,Australia,,,
Australia,England,England,Australia,57 runs,Perth,1/24/2014,ODI # 3461,3461,Australia,,,
Australia,England,Australia,England,5 runs,Adelaide,1/26/2014,ODI # 3463,3463,Australia,,,
Zimbabwe,Australia,Australia,Zimbabwe,198 runs,Harare,8/25/2014,ODI # 3513,3513,Zimbabwe,,,
Australia,South Africa,South Africa,Australia,7 wickets,Harare,8/27/2014,ODI # 3516,3516,Zimbabwe,,,
Zimbabwe,Australia,Zimbabwe,Australia,3 wickets,Harare,8/31/2014,ODI # 3521,3521,Zimbabwe,,,
Australia,South Africa,Australia,South Africa,62 runs,Harare,9/2/2014,ODI # 3522,3522,Zimbabwe,,,
Australia,South Africa,South Africa,Australia,6 wickets,Harare,9/6/2014,ODI # 3526,3526,Zimbabwe,,,
Australia,Pakistan,Australia,Pakistan,93 runs,Sharjah,10/7/2014,ODI # 3530,3530,United Arab Emirates,,,
Australia,Pakistan,Australia,Pakistan,5 wickets,Dubai (DSC),10/10/2014,ODI # 3532,3532,United Arab Emirates,,,
Australia,Pakistan,Australia,Pakistan,1 run,Abu Dhabi,10/12/2014,ODI # 3534,3534,United Arab Emirates,,,
Australia,South Africa,Australia,South Africa,32 runs,Perth,11/14/2014,ODI # 3545,3545,Australia,,,
Australia,South Africa,South Africa,Australia,3 wickets,Perth,11/16/2014,ODI # 3546,3546,Australia,,,
Australia,South Africa,Australia,South Africa,73 runs,Canberra,11/19/2014,ODI # 3548,3548,Australia,,,
Australia,South Africa,Australia,South Africa,3 wickets,Melbourne,11/21/2014,ODI # 3549,3549,Australia,,,
Australia,South Africa,Australia,South Africa,2 wickets,Sydney,11/23/2014,ODI # 3551,3551,Australia,,,
Australia,England,Australia,England,3 wickets,Sydney,1/16/2015,ODI # 3578,3578,Australia,,,
Australia,India,Australia,India,4 wickets,Melbourne,1/18/2015,ODI # 3582,3582,Australia,,,
Australia,England,Australia,England,3 wickets,Hobart,1/23/2015,ODI # 3589,3589,Australia,,,
Australia,India,no result,Australia,,Sydney,1/26/2015,ODI # 3592,3592,Australia,,,
Australia,England,Australia,England,112 runs,Perth,2/1/2015,ODI # 3597,3597,Australia,,,
Australia,England,Australia,England,111 runs,Melbourne,2/14/2015,ODI # 3600,3600,Australia,,,
New Zealand,Australia,New Zealand,Australia,1 wicket,Auckland,2/28/2015,ODI # 3617,3617,New Zealand,,,
Australia,Afghanistan,Australia,Afghanistan,275 runs,Perth,3/4/2015,ODI # 3623,3623,Australia,,,
Australia,Sri Lanka,Australia,Sri Lanka,64 runs,Sydney,3/8/2015,ODI # 3629,3629,Australia,,,
Australia,Scotland,Australia,Scotland,7 wickets,Hobart,3/14/2015,ODI # 3637,3637,Australia,,,
Australia,Pakistan,Australia,Pakistan,6 wickets,Adelaide,3/20/2015,ODI # 3642,3642,Australia,,,
Australia,India,Australia,India,95 runs,Sydney,3/26/2015,ODI # 3645,3645,Australia,,,
Australia,New Zealand,Australia,New Zealand,7 wickets,Melbourne,3/29/2015,ODI # 3646,3646,Australia,,,
Ireland,Australia,Australia,Ireland,23 runs,Belfast,8/27/2015,ODI # 3679,3679,Northern Ireland,,,
England,Australia,Australia,England,59 runs,Southampton,9/3/2015,ODI # 3680,3680,England,,,
England,Australia,Australia,England,64 runs,Lord's,9/5/2015,ODI # 3681,3681,England,,,
England,Australia,England,Australia,93 runs,Manchester,9/8/2015,ODI # 3682,3682,England,,,
England,Australia,England,Australia,3 wickets,Leeds,9/11/2015,ODI # 3683,3683,England,,,
England,Australia,Australia,England,8 wickets,Manchester,9/13/2015,ODI # 3684,3684,England,,,
Australia,India,Australia,India,5 wickets,Perth,1/12/2016,ODI # 3723,3723,Australia,,,
Australia,India,Australia,India,7 wickets,Brisbane,1/15/2016,ODI # 3724,3724,Australia,,,
Australia,India,Australia,India,3 wickets,Melbourne,1/17/2016,ODI # 3725,3725,Australia,,,
Australia,India,Australia,India,25 runs,Canberra,1/20/2016,ODI # 3726,3726,Australia,,,
Australia,India,India,Australia,6 wickets,Sydney,1/23/2016,ODI # 3727,3727,Australia,,,
New Zealand,Australia,New Zealand,Australia,159 runs,Auckland,2/3/2016,ODI # 3731,3731,New Zealand,,,
New Zealand,Australia,Australia,New Zealand,4 wickets,Wellington,2/6/2016,ODI # 3733,3733,New Zealand,,,
New Zealand,Australia,New Zealand,Australia,55 runs,Hamilton,2/8/2016,ODI # 3735,3735,New Zealand,,,
West Indies,Australia,Australia,West Indies,6 wickets,Providence,6/5/2016,ODI # 3740,3740,West Indies,,,
Australia,South Africa,South Africa,Australia,47 runs,Providence,6/7/2016,ODI # 3741,3741,West Indies,,,
Australia,South Africa,Australia,South Africa,36 runs,Basseterre,6/11/2016,ODI # 3743,3743,West Indies,,,
West Indies,Australia,West Indies,Australia,4 wickets,Basseterre,6/13/2016,ODI # 3745,3745,West Indies,,,
Australia,South Africa,no result,Australia,,Bridgetown,6/19/2016,ODI # 3750,3750,West Indies,,,
West Indies,Australia,Australia,West Indies,6 wickets,Bridgetown,6/21/2016,ODI # 3752,3752,West Indies,,,
West Indies,Australia,Australia,West Indies,58 runs,Bridgetown,6/26/2016,ODI # 3756,3756,West Indies,,,
Sri Lanka,Australia,Australia,Sri Lanka,3 wickets,Colombo (RPS),8/21/2016,ODI # 3768,3768,Sri Lanka,,,
Sri Lanka,Australia,Sri Lanka,Australia,82 runs,Colombo (RPS),8/24/2016,ODI # 3769,3769,Sri Lanka,,,
Sri Lanka,Australia,Australia,Sri Lanka,2 wickets,Dambulla,8/28/2016,ODI # 3772,3772,Sri Lanka,,,
Sri Lanka,Australia,Australia,Sri Lanka,6 wickets,Dambulla,8/31/2016,ODI # 3774,3774,Sri Lanka,,,
Sri Lanka,Australia,Australia,Sri Lanka,5 wickets,Pallekele,9/4/2016,ODI # 3776,3776,Sri Lanka,,,
Australia,Ireland,Australia,Ireland,9 wickets,Benoni,9/27/2016,ODI # 3782,3782,South Africa,,,
South Africa,Australia,South Africa,Australia,6 wickets,Centurion,9/30/2016,ODI # 3785,3785,South Africa,,,
South Africa,Australia,South Africa,Australia,142 runs,Johannesburg,10/2/2016,ODI # 3787,3787,South Africa,,,
South Africa,Australia,South Africa,Australia,4 wickets,Durban,10/5/2016,ODI # 3790,3790,South Africa,,,
South Africa,Australia,South Africa,Australia,6 wickets,Gqeberha,10/9/2016,ODI # 3792,3792,South Africa,,,
South Africa,Australia,South Africa,Australia,31 runs,Cape Town,10/12/2016,ODI # 3795,3795,South Africa,,,
Australia,New Zealand,Australia,New Zealand,68 runs,Sydney,12/4/2016,ODI # 3811,3811,Australia,,,
Australia,New Zealand,Australia,New Zealand,116 runs,Canberra,12/6/2016,ODI # 3812,3812,Australia,,,
Australia,New Zealand,Australia,New Zealand,117 runs,Melbourne,12/9/2016,ODI # 3813,3813,Australia,,,
Australia,Pakistan,Australia,Pakistan,92 runs,Brisbane,1/13/2017,ODI # 3817,3817,Australia,,,
Australia,Pakistan,Pakistan,Australia,6 wickets,Melbourne,1/15/2017,ODI # 3818,3818,Australia,,,
Australia,Pakistan,Australia,Pakistan,7 wickets,Perth,1/19/2017,ODI # 3820,3820,Australia,,,
Australia,Pakistan,Australia,Pakistan,86 runs,Sydney,1/22/2017,ODI # 3822,3822,Australia,,,
Australia,Pakistan,Australia,Pakistan,57 runs,Adelaide,1/26/2017,ODI # 3826,3826,Australia,,,
New Zealand,Australia,New Zealand,Australia,6 runs,Auckland,1/30/2017,ODI # 3829,3829,New Zealand,,,
New Zealand,Australia,New Zealand,Australia,24 runs,Hamilton,2/5/2017,ODI # 3832,3832,New Zealand,,,
Australia,New Zealand,no result,Australia,,Birmingham,6/2/2017,ODI # 3876,3876,England,,,
Australia,Bangladesh,no result,Australia,,The Oval,6/5/2017,ODI # 3879,3879,England,,,
England,Australia,England,Australia,40 runs,Birmingham,6/10/2017,ODI # 3885,3885,England,,,
India,Australia,India,Australia,26 runs,Chennai,9/17/2017,ODI # 3910,3910,India,,,
India,Australia,India,Australia,50 runs,Eden Gardens,9/21/2017,ODI # 3912,3912,India,,,
India,Australia,India,Australia,5 wickets,Indore,9/24/2017,ODI # 3914,3914,India,,,
India,Australia,Australia,India,21 runs,Bengaluru,9/28/2017,ODI # 3917,3917,India,,,
India,Australia,India,Australia,7 wickets,Nagpur,10/1/2017,ODI # 3919,3919,India,,,
Australia,England,England,Australia,5 wickets,Melbourne,1/14/2018,ODI # 3951,3951,Australia,,,
Australia,England,England,Australia,4 wickets,Brisbane,1/19/2018,ODI # 3958,3958,Australia,,,
Australia,England,England,Australia,16 runs,Sydney,1/21/2018,ODI # 3960,3960,Australia,,,
Australia,England,Australia,England,3 wickets,Adelaide,1/26/2018,ODI # 3966,3966,Australia,,,
Australia,England,England,Australia,12 runs,Perth,1/28/2018,ODI # 3968,3968,Australia,,,
England,Australia,England,Australia,3 wickets,The Oval,6/13/2018,ODI # 4009,4009,England,,,
England,Australia,England,Australia,38 runs,Cardiff,6/16/2018,ODI # 4010,4010,Wales,,,
England,Australia,England,Australia,242 runs,Nottingham,6/19/2018,ODI # 4011,4011,England,,,
England,Australia,England,Australia,6 wickets,Chester-le-Street,6/21/2018,ODI # 4012,4012,England,,,
England,Australia,England,Australia,1 wicket,Manchester,6/24/2018,ODI # 4013,4013,England,,,
Australia,South Africa,South Africa,Australia,6 wickets,Perth,11/4/2018,ODI # 4065,4065,Australia,,,
Australia,South Africa,Australia,South Africa,7 runs,Adelaide,11/9/2018,ODI # 4067,4067,Australia,,,
Australia,South Africa,South Africa,Australia,40 runs,Hobart,11/11/2018,ODI # 4069,4069,Australia,,,
Australia,India,Australia,India,34 runs,Sydney,1/12/2019,ODI # 4077,4077,Australia,,,
Australia,India,India,Australia,6 wickets,Adelaide,1/15/2019,ODI # 4078,4078,Australia,,,
Australia,India,India,Australia,7 wickets,Melbourne,1/18/2019,ODI # 4079,4079,Australia,,,
India,Australia,India,Australia,6 wickets,Hyderabad (Deccan),3/2/2019,ODI # 4102,4102,India,,,
India,Australia,India,Australia,8 runs,Nagpur,3/5/2019,ODI # 4106,4106,India,,,
India,Australia,Australia,India,32 runs,Ranchi,3/8/2019,ODI # 4109,4109,India,,,
India,Australia,Australia,India,4 wickets,Mohali,3/10/2019,ODI # 4111,4111,India,,,
India,Australia,Australia,India,35 runs,Delhi,3/13/2019,ODI # 4113,4113,India,,,
Australia,Pakistan,Australia,Pakistan,8 wickets,Sharjah,3/22/2019,ODI # 4116,4116,United Arab Emirates,,,
Australia,Pakistan,Australia,Pakistan,8 wickets,Sharjah,3/24/2019,ODI # 4117,4117,United Arab Emirates,,,
Australia,Pakistan,Australia,Pakistan,80 runs,Abu Dhabi,3/27/2019,ODI # 4118,4118,United Arab Emirates,,,
Australia,Pakistan,Australia,Pakistan,6 runs,Dubai (DSC),3/29/2019,ODI # 4119,4119,United Arab Emirates,,,
Australia,Pakistan,Australia,Pakistan,20 runs,Dubai (DSC),3/31/2019,ODI # 4120,4120,United Arab Emirates,,,
Afghanistan,Australia,Australia,Afghanistan,7 wickets,Bristol,6/1/2019,ODI # 4146,4146,England,,,
Australia,West Indies,Australia,West Indies,15 runs,Nottingham,6/6/2019,ODI # 4152,4152,England,,,
Australia,India,India,Australia,36 runs,The Oval,6/9/2019,ODI # 4155,4155,England,,,
Australia,Pakistan,Australia,Pakistan,41 runs,Taunton,6/12/2019,ODI # 4157,4157,England,,,
Australia,Sri Lanka,Australia,Sri Lanka,87 runs,The Oval,6/15/2019,ODI # 4159,4159,England,,,
Australia,Bangladesh,Australia,Bangladesh,48 runs,Nottingham,6/20/2019,ODI # 4166,4166,England,,,
England,Australia,Australia,England,64 runs,Lord's,6/25/2019,ODI # 4173,4173,England,,,
Australia,New Zealand,Australia,New Zealand,86 runs,Lord's,6/29/2019,ODI # 4178,4178,England,,,
Australia,South Africa,South Africa,Australia,10 runs,Manchester,7/6/2019,ODI # 4188,4188,England,,,
England,Australia,England,Australia,8 wickets,Birmingham,7/11/2019,ODI # 4191,4191,England,,,
India,Australia,Australia,India,10 wickets,Wankhede,1/14/2020,ODI # 4231,4231,India,,,
India,Australia,India,Australia,36 runs,Rajkot,1/17/2020,ODI # 4232,4232,India,,,
India,Australia,India,Australia,7 wickets,Bengaluru,1/19/2020,ODI # 4233,4233,India,,,
South Africa,Australia,South Africa,Australia,74 runs,Paarl,2/29/2020,ODI # 4248,4248,South Africa,,,
South Africa,Australia,South Africa,Australia,6 wickets,Bloemfontein,3/4/2020,ODI # 4252,4252,South Africa,,,
South Africa,Australia,South Africa,Australia,6 wickets,Potchefstroom,3/7/2020,ODI # 4254,4254,South Africa,,,
Australia,New Zealand,Australia,New Zealand,71 runs,Sydney,3/13/2020,ODI # 4255,4255,Australia,,,
England,Australia,Australia,England,19 runs,Manchester,9/11/2020,ODI # 4259,4259,England,,,
England,Australia,England,Australia,24 runs,Manchester,9/13/2020,ODI # 4260,4260,England,,,
England,Australia,Australia,England,3 wickets,Manchester,9/16/2020,ODI # 4261,4261,England,,,
Australia,India,Australia,India,66 runs,Sydney,11/27/2020,ODI # 4265,4265,Australia,,,
Australia,India,Australia,India,51 runs,Sydney,11/29/2020,ODI # 4266,4266,Australia,,,
Australia,India,India,Australia,13 runs,Canberra,12/2/2020,ODI # 4267,4267,Australia,,,
West Indies,Australia,Australia,West Indies,133 runs,Bridgetown,7/20/2021,ODI # 4310,4310,West Indies,,,
West Indies,Australia,West Indies,Australia,4 wickets,Bridgetown,7/22/2021,ODI # 4311,4311,West Indies,,,
West Indies,Australia,Australia,West Indies,6 wickets,Bridgetown,7/26/2021,ODI # 4313,4313,West Indies,,,
Pakistan,Australia,Australia,Pakistan,88 runs,Lahore,3/29/2022,ODI # 4379,4379,Pakistan,,,
Pakistan,Australia,Pakistan,Australia,6 wickets,Lahore,3/31/2022,ODI # 4380,4380,Pakistan,,,
Pakistan,Australia,Pakistan,Australia,9 wickets,Lahore,4/2/2022,ODI # 4382,4382,Pakistan,,,
Sri Lanka,Australia,Australia,Sri Lanka,2 wickets,Pallekele,6/14/2022,ODI # 4409,4409,Sri Lanka,,,
Sri Lanka,Australia,Sri Lanka,Australia,26 runs,Pallekele,6/16/2022,ODI # 4412,4412,Sri Lanka,,,
Sri Lanka,Australia,Sri Lanka,Australia,6 wickets,Colombo (RPS),6/19/2022,ODI # 4415,4415,Sri Lanka,,,
Sri Lanka,Australia,Sri Lanka,Australia,4 runs,Colombo (RPS),6/21/2022,ODI # 4416,4416,Sri Lanka,,,
Sri Lanka,Australia,Australia,Sri Lanka,4 wickets,Colombo (RPS),6/24/2022,ODI # 4418,4418,Sri Lanka,,,
Australia,Zimbabwe,Australia,Zimbabwe,5 wickets,Townsville,8/28/2022,ODI # 4458,4458,Australia,,,
Australia,Zimbabwe,Australia,Zimbabwe,8 wickets,Townsville,8/31/2022,ODI # 4459,4459,Australia,,,
Australia,Zimbabwe,Zimbabwe,Australia,3 wickets,Townsville,9/3/2022,ODI # 4460,4460,Australia,,,
Australia,New Zealand,Australia,New Zealand,2 wickets,Cairns,9/6/2022,ODI # 4461,4461,Australia,,,
Australia,New Zealand,Australia,New Zealand,113 runs,Cairns,9/8/2022,ODI # 4462,4462,Australia,,,
Australia,New Zealand,Australia,New Zealand,25 runs,Cairns,9/11/2022,ODI # 4464,4464,Australia,,,
Australia,England,Australia,England,6 wickets,Adelaide,11/17/2022,ODI # 4475,4475,Australia,,,
Australia,England,Australia,England,72 runs,Sydney,11/19/2022,ODI # 4477,4477,Australia,,,
Australia,England,Australia,England,221 runs,Melbourne,11/22/2022,ODI # 4480,4480,Australia,,,
