Team1,Team2,Winner,Loser,Margin,Ground,Date,Scorecard,MatchCount,Country,Sri Lanka
Sri Lanka,West Indies,West Indies,Sri Lanka,9 wickets,Manchester,6/7/1975,ODI # 22,22,England,Sri Lanka
Australia,Sri Lanka,Australia,Sri Lanka,52 runs,The Oval,6/11/1975,ODI # 25,25,England,Sri Lanka
Pakistan,Sri Lanka,Pakistan,Sri Lanka,192 runs,Nottingham,6/14/1975,ODI # 30,30,England,Sri Lanka
New Zealand,Sri Lanka,New Zealand,Sri Lanka,9 wickets,Nottingham,6/9/1979,ODI # 62,62,England,Sri Lanka
India,Sri Lanka,Sri Lanka,India,47 runs,Manchester,6/16/1979,ODI # 68,68,England,Sri Lanka
Sri Lanka,England,England,Sri Lanka,5 runs,Colombo (SSC),2/13/1982,ODI # 145,145,Sri Lanka,Sri Lanka
Sri Lanka,England,Sri Lanka,England,3 runs,Colombo (SSC),2/14/1982,ODI # 146,146,Sri Lanka,Sri Lanka
Pakistan,Sri Lanka,Pakistan,Sri Lanka,8 wickets,Karachi,3/12/1982,ODI # 149,149,Pakistan,Sri Lanka
Pakistan,Sri Lanka,Sri Lanka,Pakistan,30 runs,Lahore,3/29/1982,ODI # 150,150,Pakistan,Sri Lanka
Pakistan,Sri Lanka,Pakistan,Sri Lanka,5 wickets,Karachi,3/31/1982,ODI # 151,151,Pakistan,Sri Lanka
India,Sri Lanka,India,Sri Lanka,78 runs,Amritsar,9/12/1982,ODI # 156,156,India,Sri Lanka
India,Sri Lanka,India,Sri Lanka,6 wickets,Delhi,9/15/1982,ODI # 157,157,India,Sri Lanka
India,Sri Lanka,India,Sri Lanka,6 wickets,Bengaluru,9/26/1982,ODI # 159,159,India,Sri Lanka
New Zealand,Sri Lanka,New Zealand,Sri Lanka,65 runs,Dunedin,3/2/1983,ODI # 186,186,New Zealand,Sri Lanka
New Zealand,Sri Lanka,New Zealand,Sri Lanka,7 wickets,Napier,3/19/1983,ODI # 189,189,New Zealand,Sri Lanka
New Zealand,Sri Lanka,New Zealand,Sri Lanka,116 runs,Auckland,3/20/1983,ODI # 190,190,New Zealand,Sri Lanka
Sri Lanka,Australia,Sri Lanka,Australia,2 wickets,Colombo (PSS),4/13/1983,ODI # 193,193,Sri Lanka,Sri Lanka
Sri Lanka,Australia,Sri Lanka,Australia,4 wickets,Colombo (PSS),4/16/1983,ODI # 194,194,Sri Lanka,Sri Lanka
Sri Lanka,Australia,no result,Sri Lanka,,Colombo (SSC),4/29/1983,ODI # 195,195,Sri Lanka,Sri Lanka
Sri Lanka,Australia,no result,Sri Lanka,,Colombo (SSC),4/30/1983,ODI # 196,196,Sri Lanka,Sri Lanka
Pakistan,Sri Lanka,Pakistan,Sri Lanka,50 runs,Swansea,6/9/1983,ODI # 198,198,Wales,Sri Lanka
England,Sri Lanka,England,Sri Lanka,47 runs,Taunton,6/11/1983,ODI # 201,201,England,Sri Lanka
New Zealand,Sri Lanka,New Zealand,Sri Lanka,5 wickets,Bristol,6/13/1983,ODI # 206,206,England,Sri Lanka
Pakistan,Sri Lanka,Pakistan,Sri Lanka,11 runs,Leeds,6/16/1983,ODI # 211,211,England,Sri Lanka
New Zealand,Sri Lanka,Sri Lanka,New Zealand,3 wickets,Derby,6/18/1983,ODI # 214,214,England,Sri Lanka
England,Sri Lanka,England,Sri Lanka,9 wickets,Leeds,6/20/1983,ODI # 217,217,England,Sri Lanka
Sri Lanka,New Zealand,New Zealand,Sri Lanka,104 runs,Colombo (SSC),3/3/1984,ODI # 253,253,Sri Lanka,Sri Lanka
Sri Lanka,New Zealand,Sri Lanka,New Zealand,41 runs,Moratuwa,3/31/1984,ODI # 257,257,Sri Lanka,Sri Lanka
Sri Lanka,New Zealand,New Zealand,Sri Lanka,86 runs,Colombo (PSS),4/1/1984,ODI # 258,258,Sri Lanka,Sri Lanka
Pakistan,Sri Lanka,Sri Lanka,Pakistan,5 wickets,Sharjah,4/6/1984,ODI # 259,259,United Arab Emirates,Sri Lanka
India,Sri Lanka,India,Sri Lanka,10 wickets,Sharjah,4/8/1984,ODI # 260,260,United Arab Emirates,Sri Lanka
Sri Lanka,New Zealand,Sri Lanka,New Zealand,4 wickets,Colombo (PSS),11/3/1984,ODI # 274,274,Sri Lanka,Sri Lanka
Sri Lanka,New Zealand,New Zealand,Sri Lanka,7 wickets,Moratuwa,11/4/1984,ODI # 275,275,Sri Lanka,Sri Lanka
Australia,Sri Lanka,Australia,Sri Lanka,6 wickets,Sydney,1/8/1985,ODI # 283,283,Australia,Sri Lanka
Sri Lanka,West Indies,West Indies,Sri Lanka,8 wickets,Hobart,1/10/1985,ODI # 284,284,Australia,Sri Lanka
Sri Lanka,West Indies,West Indies,Sri Lanka,90 runs,Brisbane,1/12/1985,ODI # 286,286,Australia,Sri Lanka
Sri Lanka,West Indies,West Indies,Sri Lanka,65 runs,Sydney,1/17/1985,ODI # 290,290,Australia,Sri Lanka
Australia,Sri Lanka,Sri Lanka,Australia,4 wickets,Melbourne,1/19/1985,ODI # 291,291,Australia,Sri Lanka
Australia,Sri Lanka,Australia,Sri Lanka,3 wickets,Sydney,1/23/1985,ODI # 294,294,Australia,Sri Lanka
Sri Lanka,West Indies,West Indies,Sri Lanka,8 wickets,Adelaide,1/26/1985,ODI # 296,296,Australia,Sri Lanka
Australia,Sri Lanka,Australia,Sri Lanka,232 runs,Adelaide,1/28/1985,ODI # 299,299,Australia,Sri Lanka
Sri Lanka,West Indies,West Indies,Sri Lanka,82 runs,Perth,2/2/1985,ODI # 300,300,Australia,Sri Lanka
Australia,Sri Lanka,Australia,Sri Lanka,9 wickets,Perth,2/3/1985,ODI # 301,301,Australia,Sri Lanka
New Zealand,Sri Lanka,New Zealand,Sri Lanka,51 runs,Melbourne,2/23/1985,ODI # 310,310,Australia,Sri Lanka
Sri Lanka,West Indies,West Indies,Sri Lanka,8 wickets,Melbourne,2/27/1985,ODI # 313,313,Australia,Sri Lanka
Sri Lanka,India,India,Sri Lanka,2 wickets,Colombo (SSC),8/25/1985,ODI # 332,332,Sri Lanka,Sri Lanka
Sri Lanka,India,Sri Lanka,India,14 runs,Colombo (PSS),9/21/1985,ODI # 333,333,Sri Lanka,Sri Lanka
Sri Lanka,India,no result,Sri Lanka,,Colombo (PSS),9/22/1985,ODI # 334,334,Sri Lanka,Sri Lanka
Pakistan,Sri Lanka,Pakistan,Sri Lanka,8 wickets,Peshawar,10/13/1985,ODI # 335,335,Pakistan,Sri Lanka
Pakistan,Sri Lanka,Pakistan,Sri Lanka,15 runs,Gujranwala,10/23/1985,ODI # 336,336,Pakistan,Sri Lanka
Pakistan,Sri Lanka,Pakistan,Sri Lanka,5 wickets,Lahore,10/25/1985,ODI # 337,337,Pakistan,Sri Lanka
Pakistan,Sri Lanka,Pakistan,Sri Lanka,89 runs,Hyderabad (Sind),11/3/1985,ODI # 338,338,India,Sri Lanka
Sri Lanka,Pakistan,Pakistan,Sri Lanka,8 wickets,Kandy,3/2/1986,ODI # 365,365,Sri Lanka,Sri Lanka
Sri Lanka,Pakistan,no result,Sri Lanka,,Moratuwa,3/8/1986,ODI # 367,367,Sri Lanka,Sri Lanka
Sri Lanka,Pakistan,Pakistan,Sri Lanka,8 wickets,Colombo (SSC),3/11/1986,ODI # 368,368,Sri Lanka,Sri Lanka
Sri Lanka,Pakistan,Pakistan,Sri Lanka,81 runs,Colombo (PSS),3/30/1986,ODI # 374,374,Sri Lanka,Sri Lanka
Sri Lanka,Bangladesh,Sri Lanka,Bangladesh,7 wickets,Kandy,4/2/1986,ODI # 377,377,Sri Lanka,Sri Lanka
Sri Lanka,New Zealand,New Zealand,Sri Lanka,6 wickets,Colombo (RPS),4/5/1986,ODI # 378,378,Sri Lanka,Sri Lanka
Sri Lanka,Pakistan,Sri Lanka,Pakistan,5 wickets,Colombo (SSC),4/6/1986,ODI # 379,379,Sri Lanka,Sri Lanka
India,Sri Lanka,India,Sri Lanka,3 wickets,Sharjah,4/13/1986,ODI # 383,383,United Arab Emirates,Sri Lanka
India,Sri Lanka,India,Sri Lanka,7 wickets,Sharjah,11/27/1986,ODI # 401,401,United Arab Emirates,Sri Lanka
Pakistan,Sri Lanka,Pakistan,Sri Lanka,4 wickets,Sharjah,12/2/1986,ODI # 404,404,United Arab Emirates,Sri Lanka
Sri Lanka,West Indies,West Indies,Sri Lanka,193 runs,Sharjah,12/3/1986,ODI # 405,405,United Arab Emirates,Sri Lanka
India,Sri Lanka,Sri Lanka,India,117 runs,Kanpur,12/24/1986,ODI # 407,407,India,Sri Lanka
India,Sri Lanka,India,Sri Lanka,8 wickets,Guwahati,1/11/1987,ODI # 415,415,India,Sri Lanka
India,Sri Lanka,India,Sri Lanka,6 wickets,Delhi,1/13/1987,ODI # 416,416,India,Sri Lanka
India,Sri Lanka,India,Sri Lanka,94 runs,Vadodara,1/15/1987,ODI # 417,417,India,Sri Lanka
India,Sri Lanka,India,Sri Lanka,10 runs,Wankhede,1/17/1987,ODI # 419,419,India,Sri Lanka
Pakistan,Sri Lanka,Pakistan,Sri Lanka,15 runs,Hyderabad (Sind),10/8/1987,ODI # 451,451,India,Sri Lanka
Sri Lanka,West Indies,West Indies,Sri Lanka,191 runs,Karachi,10/13/1987,ODI # 457,457,Pakistan,Sri Lanka
England,Sri Lanka,England,Sri Lanka,108 runs,Peshawar,10/17/1987,ODI # 460,460,Pakistan,Sri Lanka
Sri Lanka,West Indies,West Indies,Sri Lanka,25 runs,Kanpur,10/21/1987,ODI # 464,464,India,Sri Lanka
Pakistan,Sri Lanka,Pakistan,Sri Lanka,113 runs,Faisalabad,10/25/1987,ODI # 467,467,Pakistan,Sri Lanka
England,Sri Lanka,England,Sri Lanka,8 wickets,Pune,10/30/1987,ODI # 472,472,India,Sri Lanka
Australia,Sri Lanka,Australia,Sri Lanka,81 runs,Perth,1/2/1988,ODI # 484,484,Australia,Sri Lanka
New Zealand,Sri Lanka,New Zealand,Sri Lanka,6 wickets,Sydney,1/5/1988,ODI # 486,486,Australia,Sri Lanka
New Zealand,Sri Lanka,New Zealand,Sri Lanka,4 wickets,Adelaide,1/9/1988,ODI # 490,490,Australia,Sri Lanka
Australia,Sri Lanka,Australia,Sri Lanka,81 runs,Adelaide,1/10/1988,ODI # 491,491,Australia,Sri Lanka
New Zealand,Sri Lanka,Sri Lanka,New Zealand,4 wickets,Hobart,1/12/1988,ODI # 492,492,Australia,Sri Lanka
Australia,Sri Lanka,Australia,Sri Lanka,38 runs,Melbourne,1/14/1988,ODI # 493,493,Australia,Sri Lanka
New Zealand,Sri Lanka,New Zealand,Sri Lanka,4 wickets,Brisbane,1/16/1988,ODI # 494,494,Australia,Sri Lanka
Australia,Sri Lanka,Australia,Sri Lanka,3 wickets,Sydney,1/19/1988,ODI # 496,496,Australia,Sri Lanka
India,Sri Lanka,India,Sri Lanka,18 runs,Sharjah,3/25/1988,ODI # 512,512,United Arab Emirates,Sri Lanka
New Zealand,Sri Lanka,New Zealand,Sri Lanka,99 runs,Sharjah,3/29/1988,ODI # 514,514,United Arab Emirates,Sri Lanka
New Zealand,Sri Lanka,New Zealand,Sri Lanka,43 runs,Sharjah,3/31/1988,ODI # 516,516,United Arab Emirates,Sri Lanka
England,Sri Lanka,England,Sri Lanka,5 wickets,The Oval,9/4/1988,ODI # 521,521,England,Sri Lanka
Pakistan,Sri Lanka,Sri Lanka,Pakistan,5 wickets,Dhaka,10/27/1988,ODI # 528,528,Bangladesh,Sri Lanka
India,Sri Lanka,Sri Lanka,India,17 runs,Dhaka,10/29/1988,ODI # 530,530,Bangladesh,Sri Lanka
Bangladesh,Sri Lanka,Sri Lanka,Bangladesh,9 wickets,Dhaka,11/2/1988,ODI # 533,533,Bangladesh,Sri Lanka
India,Sri Lanka,India,Sri Lanka,6 wickets,Dhaka,11/4/1988,ODI # 534,534,Bangladesh,Sri Lanka
Pakistan,Sri Lanka,Pakistan,Sri Lanka,30 runs,Sharjah,3/23/1989,ODI # 564,564,United Arab Emirates,Sri Lanka
Pakistan,Sri Lanka,Pakistan,Sri Lanka,7 wickets,Sharjah,3/24/1989,ODI # 565,565,United Arab Emirates,Sri Lanka
England,Sri Lanka,England,Sri Lanka,5 wickets,Delhi,10/15/1989,ODI # 571,571,India,Sri Lanka
Sri Lanka,West Indies,Sri Lanka,West Indies,4 wickets,Rajkot,10/19/1989,ODI # 576,576,India,Sri Lanka
India,Sri Lanka,India,Sri Lanka,6 runs,Ahmedabad,10/22/1989,ODI # 580,580,India,Sri Lanka
Australia,Sri Lanka,Australia,Sri Lanka,28 runs,Margao,10/25/1989,ODI # 585,585,India,Sri Lanka
Pakistan,Sri Lanka,Pakistan,Sri Lanka,6 runs,Lucknow,10/27/1989,ODI # 588,588,India,Sri Lanka
Australia,Sri Lanka,Australia,Sri Lanka,30 runs,Melbourne,12/26/1989,ODI # 596,596,Australia,Sri Lanka
Australia,Sri Lanka,Australia,Sri Lanka,9 wickets,Perth,12/30/1989,ODI # 597,597,Australia,Sri Lanka
Pakistan,Sri Lanka,Sri Lanka,Pakistan,3 wickets,Perth,12/31/1989,ODI # 598,598,Australia,Sri Lanka
Australia,Sri Lanka,Australia,Sri Lanka,73 runs,Melbourne,1/4/1990,ODI # 600,600,Australia,Sri Lanka
Pakistan,Sri Lanka,Pakistan,Sri Lanka,5 wickets,Brisbane,2/10/1990,ODI # 601,601,Australia,Sri Lanka
Pakistan,Sri Lanka,Pakistan,Sri Lanka,6 wickets,Hobart,2/15/1990,ODI # 605,605,Australia,Sri Lanka
Pakistan,Sri Lanka,Pakistan,Sri Lanka,27 runs,Adelaide,2/17/1990,ODI # 606,606,Australia,Sri Lanka
Australia,Sri Lanka,Australia,Sri Lanka,7 wickets,Adelaide,2/18/1990,ODI # 608,608,Australia,Sri Lanka
India,Sri Lanka,Sri Lanka,India,3 wickets,Sharjah,4/25/1990,ODI # 623,623,United Arab Emirates,Sri Lanka
Pakistan,Sri Lanka,Pakistan,Sri Lanka,90 runs,Sharjah,4/29/1990,ODI # 627,627,United Arab Emirates,Sri Lanka
Australia,Sri Lanka,Australia,Sri Lanka,114 runs,Sharjah,5/2/1990,ODI # 630,630,United Arab Emirates,Sri Lanka
India,Sri Lanka,India,Sri Lanka,19 runs,Nagpur,12/1/1990,ODI # 644,644,India,Sri Lanka
India,Sri Lanka,India,Sri Lanka,6 wickets,Pune,12/5/1990,ODI # 646,646,India,Sri Lanka
India,Sri Lanka,Sri Lanka,India,7 wickets,Margao,12/8/1990,ODI # 648,648,India,Sri Lanka
Pakistan,Sri Lanka,Sri Lanka,Pakistan,6 wickets,Sharjah,12/20/1990,ODI # 655,655,United Arab Emirates,Sri Lanka
Pakistan,Sri Lanka,Pakistan,Sri Lanka,50 runs,Sharjah,12/21/1990,ODI # 656,656,United Arab Emirates,Sri Lanka
India,Sri Lanka,Sri Lanka,India,36 runs,Cuttack,12/28/1990,ODI # 658,658,India,Sri Lanka
Bangladesh,Sri Lanka,Sri Lanka,Bangladesh,71 runs,Eden Gardens,12/31/1990,ODI # 659,659,India,Sri Lanka
India,Sri Lanka,India,Sri Lanka,7 wickets,Eden Gardens,1/4/1991,ODI # 661,661,India,Sri Lanka
New Zealand,Sri Lanka,New Zealand,Sri Lanka,5 wickets,Napier,1/26/1991,ODI # 665,665,New Zealand,Sri Lanka
New Zealand,Sri Lanka,New Zealand,Sri Lanka,41 runs,Auckland,1/28/1991,ODI # 666,666,New Zealand,Sri Lanka
New Zealand,Sri Lanka,New Zealand,Sri Lanka,107 runs,Dunedin,2/6/1991,ODI # 667,667,New Zealand,Sri Lanka
Pakistan,Sri Lanka,Pakistan,Sri Lanka,8 wickets,Sargodha,1/10/1992,ODI # 700,700,Pakistan,Sri Lanka
Pakistan,Sri Lanka,Pakistan,Sri Lanka,29 runs,Karachi,1/13/1992,ODI # 704,704,Pakistan,Sri Lanka
Pakistan,Sri Lanka,Pakistan,Sri Lanka,59 runs,Hyderabad (Sind),1/15/1992,ODI # 706,706,India,Sri Lanka
Pakistan,Sri Lanka,Sri Lanka,Pakistan,4 wickets,Multan,1/17/1992,ODI # 708,708,Pakistan,Sri Lanka
Pakistan,Sri Lanka,Pakistan,Sri Lanka,117 runs,Rawalpindi,1/19/1992,ODI # 710,710,Pakistan,Sri Lanka
Sri Lanka,Zimbabwe,Sri Lanka,Zimbabwe,3 wickets,New Plymouth,2/23/1992,ODI # 716,716,New Zealand,Sri Lanka
New Zealand,Sri Lanka,New Zealand,Sri Lanka,6 wickets,Hamilton,2/25/1992,ODI # 718,718,New Zealand,Sri Lanka
India,Sri Lanka,no result,India,,Mackay,2/28/1992,ODI # 722,722,Australia,Sri Lanka
South Africa,Sri Lanka,Sri Lanka,South Africa,3 wickets,Wellington,3/2/1992,ODI # 727,727,New Zealand,Sri Lanka
Australia,Sri Lanka,Australia,Sri Lanka,7 wickets,Adelaide,3/7/1992,ODI # 733,733,Australia,Sri Lanka
England,Sri Lanka,England,Sri Lanka,106 runs,Ballarat,3/9/1992,ODI # 736,736,Australia,Sri Lanka
Sri Lanka,West Indies,West Indies,Sri Lanka,91 runs,Berri,3/13/1992,ODI # 742,742,Australia,Sri Lanka
Pakistan,Sri Lanka,Pakistan,Sri Lanka,4 wickets,Perth,3/15/1992,ODI # 746,746,Australia,Sri Lanka
Sri Lanka,Australia,Sri Lanka,Australia,4 wickets,Colombo (PSS),8/15/1992,ODI # 758,758,Sri Lanka,Sri Lanka
Sri Lanka,Australia,Sri Lanka,Australia,5 wickets,Colombo (RPS),9/4/1992,ODI # 762,762,Sri Lanka,Sri Lanka
Sri Lanka,Australia,Australia,Sri Lanka,5 wickets,Colombo (RPS),9/5/1992,ODI # 763,763,Sri Lanka,Sri Lanka
Sri Lanka,New Zealand,no result,Sri Lanka,,Colombo (RPS),12/4/1992,ODI # 768,768,Sri Lanka,Sri Lanka
Sri Lanka,New Zealand,Sri Lanka,New Zealand,8 wickets,Colombo (PSS),12/12/1992,ODI # 776,776,Sri Lanka,Sri Lanka
Sri Lanka,New Zealand,Sri Lanka,New Zealand,31 runs,Colombo (RPS),12/13/1992,ODI # 778,778,Sri Lanka,Sri Lanka
Pakistan,Sri Lanka,Pakistan,Sri Lanka,8 wickets,Sharjah,2/2/1993,ODI # 797,797,United Arab Emirates,Sri Lanka
Sri Lanka,Zimbabwe,Sri Lanka,Zimbabwe,30 runs,Sharjah,2/3/1993,ODI # 798,798,United Arab Emirates,Sri Lanka
Pakistan,Sri Lanka,Pakistan,Sri Lanka,114 runs,Sharjah,2/4/1993,ODI # 799,799,United Arab Emirates,Sri Lanka
Sri Lanka,England,Sri Lanka,England,32 runs,Colombo (RPS),3/10/1993,ODI # 815,815,Sri Lanka,Sri Lanka
Sri Lanka,England,Sri Lanka,England,8 wickets,Moratuwa,3/20/1993,ODI # 818,818,Sri Lanka,Sri Lanka
Sri Lanka,India,India,Sri Lanka,1 run,Colombo (RPS),7/25/1993,ODI # 833,833,Sri Lanka,Sri Lanka
Sri Lanka,India,Sri Lanka,India,8 runs,Colombo (RPS),8/12/1993,ODI # 834,834,Sri Lanka,Sri Lanka
Sri Lanka,India,Sri Lanka,India,4 wickets,Moratuwa,8/14/1993,ODI # 835,835,Sri Lanka,Sri Lanka
Sri Lanka,South Africa,no result,Sri Lanka,,Kandy,8/22/1993,ODI # 836,836,Sri Lanka,Sri Lanka
Sri Lanka,South Africa,South Africa,Sri Lanka,124 runs,Colombo (RPS),9/2/1993,ODI # 837,837,Sri Lanka,Sri Lanka
Sri Lanka,South Africa,Sri Lanka,South Africa,44 runs,Colombo (RPS),9/4/1993,ODI # 838,838,Sri Lanka,Sri Lanka
Sri Lanka,West Indies,West Indies,Sri Lanka,8 wickets,Sharjah,10/28/1993,ODI # 839,839,United Arab Emirates,Sri Lanka
Pakistan,Sri Lanka,Pakistan,Sri Lanka,114 runs,Sharjah,10/30/1993,ODI # 841,841,United Arab Emirates,Sri Lanka
Pakistan,Sri Lanka,Pakistan,Sri Lanka,2 wickets,Sharjah,11/2/1993,ODI # 843,843,United Arab Emirates,Sri Lanka
Sri Lanka,West Indies,West Indies,Sri Lanka,8 wickets,Sharjah,11/3/1993,ODI # 844,844,United Arab Emirates,Sri Lanka
India,Sri Lanka,India,Sri Lanka,7 wickets,Kanpur,11/7/1993,ODI # 846,846,India,Sri Lanka
Sri Lanka,West Indies,West Indies,Sri Lanka,46 runs,Wankhede,11/9/1993,ODI # 847,847,India,Sri Lanka
Sri Lanka,Zimbabwe,Sri Lanka,Zimbabwe,55 runs,Patna,11/15/1993,ODI # 850,850,India,Sri Lanka
South Africa,Sri Lanka,South Africa,Sri Lanka,78 runs,Guwahati,11/19/1993,ODI # 853,853,India,Sri Lanka
Sri Lanka,West Indies,West Indies,Sri Lanka,7 wickets,Eden Gardens,11/25/1993,ODI # 857,857,India,Sri Lanka
Sri Lanka,West Indies,no result,Sri Lanka,,Colombo (PSS),12/1/1993,ODI # 859,859,Sri Lanka,Sri Lanka
Sri Lanka,West Indies,Sri Lanka,West Indies,3 wickets,Colombo (RPS),12/16/1993,ODI # 864,864,Sri Lanka,Sri Lanka
Sri Lanka,West Indies,West Indies,Sri Lanka,6 wickets,Colombo (SSC),12/18/1993,ODI # 866,866,Sri Lanka,Sri Lanka
India,Sri Lanka,India,Sri Lanka,8 runs,Rajkot,2/15/1994,ODI # 879,879,India,Sri Lanka
India,Sri Lanka,India,Sri Lanka,7 wickets,Hyderabad (Deccan),2/18/1994,ODI # 881,881,India,Sri Lanka
India,Sri Lanka,Sri Lanka,India,4 wickets,Jalandhar,2/20/1994,ODI # 883,883,India,Sri Lanka
Australia,Sri Lanka,Australia,Sri Lanka,9 wickets,Sharjah,4/14/1994,ODI # 905,905,United Arab Emirates,Sri Lanka
New Zealand,Sri Lanka,New Zealand,Sri Lanka,2 runs,Sharjah,4/18/1994,ODI # 909,909,United Arab Emirates,Sri Lanka
Sri Lanka,Pakistan,Pakistan,Sri Lanka,9 wickets,Colombo (RPS),8/3/1994,ODI # 914,914,Sri Lanka,Sri Lanka
Sri Lanka,Pakistan,Sri Lanka,Pakistan,7 wickets,Colombo (RPS),8/6/1994,ODI # 915,915,Sri Lanka,Sri Lanka
Sri Lanka,Pakistan,Pakistan,Sri Lanka,19 runs,Colombo (SSC),8/7/1994,ODI # 916,916,Sri Lanka,Sri Lanka
Sri Lanka,Pakistan,Pakistan,Sri Lanka,5 wickets,Colombo (SSC),8/22/1994,ODI # 917,917,Sri Lanka,Sri Lanka
Sri Lanka,Pakistan,Pakistan,Sri Lanka,27 runs,Colombo (RPS),8/24/1994,ODI # 918,918,Sri Lanka,Sri Lanka
Sri Lanka,India,no result,Sri Lanka,,Colombo (RPS),9/4/1994,ODI # 921,921,Sri Lanka,Sri Lanka
Sri Lanka,India,Sri Lanka,India,7 wickets,Colombo (RPS),9/5/1994,ODI # 922,922,Sri Lanka,Sri Lanka
Sri Lanka,Pakistan,Sri Lanka,Pakistan,7 wickets,Colombo (SSC),9/11/1994,ODI # 925,925,Sri Lanka,Sri Lanka
Sri Lanka,Australia,Sri Lanka,Australia,6 wickets,Colombo (PSS),9/13/1994,ODI # 926,926,Sri Lanka,Sri Lanka
Sri Lanka,India,India,Sri Lanka,6 wickets,Colombo (SSC),9/17/1994,ODI # 927,927,Sri Lanka,Sri Lanka
Zimbabwe,Sri Lanka,Sri Lanka,Zimbabwe,56 runs,Harare,11/3/1994,ODI # 945,945,Zimbabwe,Sri Lanka
Zimbabwe,Sri Lanka,Zimbabwe,Sri Lanka,2 runs,Harare,11/5/1994,ODI # 946,946,Zimbabwe,Sri Lanka
Zimbabwe,Sri Lanka,Sri Lanka,Zimbabwe,191 runs,Harare,11/6/1994,ODI # 948,948,Zimbabwe,Sri Lanka
Pakistan,Sri Lanka,Pakistan,Sri Lanka,6 wickets,Durban,12/2/1994,ODI # 953,953,South Africa,Sri Lanka
Pakistan,Sri Lanka,Pakistan,Sri Lanka,12 runs,Centurion,12/4/1994,ODI # 954,954,South Africa,Sri Lanka
New Zealand,Sri Lanka,no result,New Zealand,,Bloemfontein,12/8/1994,ODI # 958,958,South Africa,Sri Lanka
South Africa,Sri Lanka,Sri Lanka,South Africa,35 runs,Bloemfontein,12/15/1994,ODI # 963,963,South Africa,Sri Lanka
New Zealand,Sri Lanka,Sri Lanka,New Zealand,5 wickets,East London,12/18/1994,ODI # 965,965,South Africa,Sri Lanka
South Africa,Sri Lanka,South Africa,Sri Lanka,44 runs,Gqeberha,12/21/1994,ODI # 967,967,South Africa,Sri Lanka
New Zealand,Sri Lanka,New Zealand,Sri Lanka,33 runs,Christchurch,3/26/1995,ODI # 990,990,New Zealand,Sri Lanka
New Zealand,Sri Lanka,New Zealand,Sri Lanka,57 runs,Hamilton,3/29/1995,ODI # 991,991,New Zealand,Sri Lanka
New Zealand,Sri Lanka,Sri Lanka,New Zealand,51 runs,Auckland,4/1/1995,ODI # 992,992,New Zealand,Sri Lanka
Bangladesh,Sri Lanka,Sri Lanka,Bangladesh,107 runs,Sharjah,4/6/1995,ODI # 994,994,United Arab Emirates,Sri Lanka
India,Sri Lanka,India,Sri Lanka,8 wickets,Sharjah,4/9/1995,ODI # 997,997,United Arab Emirates,Sri Lanka
Pakistan,Sri Lanka,Sri Lanka,Pakistan,5 wickets,Sharjah,4/11/1995,ODI # 998,998,United Arab Emirates,Sri Lanka
India,Sri Lanka,India,Sri Lanka,8 wickets,Sharjah,4/14/1995,ODI # 999,999,United Arab Emirates,Sri Lanka
Pakistan,Sri Lanka,Pakistan,Sri Lanka,9 wickets,Gujranwala,9/29/1995,ODI # 1003,1003,Pakistan,Sri Lanka
Pakistan,Sri Lanka,Sri Lanka,Pakistan,49 runs,Faisalabad,10/1/1995,ODI # 1004,1004,Pakistan,Sri Lanka
Pakistan,Sri Lanka,Sri Lanka,Pakistan,4 wickets,Rawalpindi,10/3/1995,ODI # 1005,1005,Pakistan,Sri Lanka
Sri Lanka,West Indies,Sri Lanka,West Indies,6 runs,Sharjah,10/11/1995,ODI # 1006,1006,United Arab Emirates,Sri Lanka
Pakistan,Sri Lanka,Pakistan,Sri Lanka,82 runs,Sharjah,10/12/1995,ODI # 1007,1007,United Arab Emirates,Sri Lanka
Sri Lanka,West Indies,West Indies,Sri Lanka,4 runs,Sharjah,10/16/1995,ODI # 1010,1010,United Arab Emirates,Sri Lanka
Pakistan,Sri Lanka,Sri Lanka,Pakistan,8 wickets,Sharjah,10/17/1995,ODI # 1011,1011,United Arab Emirates,Sri Lanka
Sri Lanka,West Indies,Sri Lanka,West Indies,50 runs,Sharjah,10/20/1995,ODI # 1012,1012,United Arab Emirates,Sri Lanka
Sri Lanka,West Indies,Sri Lanka,West Indies,4 wickets,Adelaide,12/15/1995,ODI # 1021,1021,Australia,Sri Lanka
Australia,Sri Lanka,Australia,Sri Lanka,5 wickets,Sydney,12/21/1995,ODI # 1026,1026,Australia,Sri Lanka
Sri Lanka,West Indies,West Indies,Sri Lanka,70 runs,Hobart,1/3/1996,ODI # 1029,1029,Australia,Sri Lanka
Sri Lanka,West Indies,West Indies,Sri Lanka,7 wickets,Brisbane,1/5/1996,ODI # 1030,1030,Australia,Sri Lanka
Australia,Sri Lanka,Sri Lanka,Australia,3 wickets,Melbourne,1/9/1996,ODI # 1032,1032,Australia,Sri Lanka
Australia,Sri Lanka,Australia,Sri Lanka,83 runs,Perth,1/12/1996,ODI # 1035,1035,Australia,Sri Lanka
Sri Lanka,West Indies,Sri Lanka,West Indies,16 runs,Perth,1/14/1996,ODI # 1037,1037,Australia,Sri Lanka
Australia,Sri Lanka,Sri Lanka,Australia,3 wickets,Melbourne,1/16/1996,ODI # 1039,1039,Australia,Sri Lanka
Australia,Sri Lanka,Australia,Sri Lanka,18 runs,Melbourne,1/18/1996,ODI # 1041,1041,Australia,Sri Lanka
Australia,Sri Lanka,Australia,Sri Lanka,9 runs,Sydney,1/20/1996,ODI # 1043,1043,Australia,Sri Lanka
Sri Lanka,Zimbabwe,Sri Lanka,Zimbabwe,6 wickets,Colombo (SSC),2/21/1996,ODI # 1055,1055,Sri Lanka,Sri Lanka
India,Sri Lanka,Sri Lanka,India,6 wickets,Delhi,3/2/1996,ODI # 1070,1070,India,Sri Lanka
Sri Lanka,Kenya,Sri Lanka,Kenya,144 runs,Kandy,3/6/1996,ODI # 1074,1074,Sri Lanka,Sri Lanka
England,Sri Lanka,Sri Lanka,England,5 wickets,Faisalabad,3/9/1996,ODI # 1077,1077,Pakistan,Sri Lanka
India,Sri Lanka,Sri Lanka,India,,Eden Gardens,3/13/1996,ODI # 1081,1081,India,Sri Lanka
Australia,Sri Lanka,Sri Lanka,Australia,7 wickets,Lahore,3/17/1996,ODI # 1083,1083,Pakistan,Sri Lanka
Pakistan,Sri Lanka,no result,Pakistan,,Singapore,4/1/1996,ODI # 1087,1087,Singapore,Sri Lanka
Pakistan,Sri Lanka,Sri Lanka,Pakistan,34 runs,Singapore,4/2/1996,ODI # 1088,1088,Singapore,Sri Lanka
India,Sri Lanka,India,Sri Lanka,12 runs,Singapore,4/3/1996,ODI # 1089,1089,Singapore,Sri Lanka
Pakistan,Sri Lanka,Pakistan,Sri Lanka,43 runs,Singapore,4/7/1996,ODI # 1093,1093,Singapore,Sri Lanka
West Indies,Sri Lanka,Sri Lanka,West Indies,35 runs,Port of Spain,4/13/1996,ODI # 1096,1096,West Indies,Sri Lanka
Sri Lanka,India,Sri Lanka,India,9 wickets,Colombo (RPS),8/28/1996,ODI # 1106,1106,Sri Lanka,Sri Lanka
Sri Lanka,Australia,Sri Lanka,Australia,4 wickets,Colombo (RPS),8/30/1996,ODI # 1108,1108,Sri Lanka,Sri Lanka
Sri Lanka,Zimbabwe,Sri Lanka,Zimbabwe,6 wickets,Colombo (SSC),9/3/1996,ODI # 1112,1112,Sri Lanka,Sri Lanka
Sri Lanka,Australia,Sri Lanka,Australia,50 runs,Colombo (RPS),9/7/1996,ODI # 1114,1114,Sri Lanka,Sri Lanka
Kenya,Sri Lanka,Sri Lanka,Kenya,7 wickets,Nairobi (Gym),9/28/1996,ODI # 1120,1120,Kenya,Sri Lanka
South Africa,Sri Lanka,Sri Lanka,South Africa,2 wickets,Nairobi (Club),10/1/1996,ODI # 1122,1122,Kenya,Sri Lanka
Pakistan,Sri Lanka,Pakistan,Sri Lanka,82 runs,Nairobi (Gym),10/4/1996,ODI # 1125,1125,Kenya,Sri Lanka
New Zealand,Sri Lanka,New Zealand,Sri Lanka,29 runs,Sharjah,11/7/1996,ODI # 1139,1139,United Arab Emirates,Sri Lanka
Pakistan,Sri Lanka,Sri Lanka,Pakistan,75 runs,Sharjah,11/8/1996,ODI # 1140,1140,United Arab Emirates,Sri Lanka
New Zealand,Sri Lanka,tied,New Zealand,,Sharjah,11/11/1996,ODI # 1142,1142,United Arab Emirates,Sri Lanka
Pakistan,Sri Lanka,Pakistan,Sri Lanka,8 wickets,Sharjah,11/12/1996,ODI # 1143,1143,United Arab Emirates,Sri Lanka
New Zealand,Sri Lanka,Sri Lanka,New Zealand,6 wickets,Christchurch,3/25/1997,ODI # 1184,1184,New Zealand,Sri Lanka
New Zealand,Sri Lanka,New Zealand,Sri Lanka,69 runs,Wellington,3/27/1997,ODI # 1185,1185,New Zealand,Sri Lanka
Sri Lanka,Zimbabwe,Sri Lanka,Zimbabwe,7 wickets,Sharjah,4/3/1997,ODI # 1189,1189,United Arab Emirates,Sri Lanka
Pakistan,Sri Lanka,Sri Lanka,Pakistan,19 runs,Sharjah,4/4/1997,ODI # 1190,1190,United Arab Emirates,Sri Lanka
Pakistan,Sri Lanka,Sri Lanka,Pakistan,51 runs,Sharjah,4/7/1997,ODI # 1193,1193,United Arab Emirates,Sri Lanka
Sri Lanka,Zimbabwe,Zimbabwe,Sri Lanka,50 runs,Sharjah,4/8/1997,ODI # 1194,1194,United Arab Emirates,Sri Lanka
Pakistan,Sri Lanka,Sri Lanka,Pakistan,4 wickets,Sharjah,4/11/1997,ODI # 1198,1198,United Arab Emirates,Sri Lanka
Pakistan,Sri Lanka,Pakistan,Sri Lanka,30 runs,Gwalior,5/12/1997,ODI # 1205,1205,India,Sri Lanka
India,Sri Lanka,Sri Lanka,India,5 wickets,Wankhede,5/17/1997,ODI # 1207,1207,India,Sri Lanka
New Zealand,Sri Lanka,Sri Lanka,New Zealand,52 runs,Hyderabad (Deccan),5/20/1997,ODI # 1208,1208,India,Sri Lanka
Pakistan,Sri Lanka,Sri Lanka,Pakistan,115 runs,Mohali,5/24/1997,ODI # 1212,1212,India,Sri Lanka
Pakistan,Sri Lanka,Sri Lanka,Pakistan,85 runs,Eden Gardens,5/27/1997,ODI # 1214,1214,India,Sri Lanka
West Indies,Sri Lanka,West Indies,Sri Lanka,35 runs,Port of Spain,6/6/1997,ODI # 1215,1215,West Indies,Sri Lanka
Sri Lanka,Pakistan,Sri Lanka,Pakistan,15 runs,Colombo (RPS),7/14/1997,ODI # 1216,1216,Sri Lanka,Sri Lanka
Sri Lanka,India,Sri Lanka,India,6 wickets,Colombo (RPS),7/18/1997,ODI # 1218,1218,Sri Lanka,Sri Lanka
Sri Lanka,Bangladesh,Sri Lanka,Bangladesh,103 runs,Colombo (SSC),7/22/1997,ODI # 1220,1220,Sri Lanka,Sri Lanka
Sri Lanka,India,Sri Lanka,India,8 wickets,Colombo (RPS),7/26/1997,ODI # 1222,1222,Sri Lanka,Sri Lanka
Sri Lanka,India,Sri Lanka,India,2 runs,Colombo (RPS),8/17/1997,ODI # 1223,1223,Sri Lanka,Sri Lanka
Sri Lanka,India,Sri Lanka,India,7 wickets,Colombo (RPS),8/20/1997,ODI # 1224,1224,Sri Lanka,Sri Lanka
Sri Lanka,India,no result,Sri Lanka,,Colombo (SSC),8/23/1997,ODI # 1225,1225,Sri Lanka,Sri Lanka
Sri Lanka,India,Sri Lanka,India,9 runs,Colombo (SSC),8/24/1997,ODI # 1226,1226,Sri Lanka,Sri Lanka
Sri Lanka,West Indies,Sri Lanka,West Indies,7 wickets,Lahore,11/1/1997,ODI # 1247,1247,Pakistan,Sri Lanka
Pakistan,Sri Lanka,Sri Lanka,Pakistan,8 wickets,Lahore,11/5/1997,ODI # 1251,1251,Pakistan,Sri Lanka
South Africa,Sri Lanka,South Africa,Sri Lanka,66 runs,Lahore,11/6/1997,ODI # 1252,1252,Pakistan,Sri Lanka
South Africa,Sri Lanka,South Africa,Sri Lanka,4 wickets,Lahore,11/8/1997,ODI # 1253,1253,Pakistan,Sri Lanka
India,Sri Lanka,India,Sri Lanka,7 wickets,Guwahati,12/22/1997,ODI # 1267,1267,India,Sri Lanka
India,Sri Lanka,no result,India,,Indore,12/25/1997,ODI # 1268,1268,India,Sri Lanka
India,Sri Lanka,Sri Lanka,India,5 wickets,Margao,12/28/1997,ODI # 1269,1269,India,Sri Lanka
Sri Lanka,Zimbabwe,Sri Lanka,Zimbabwe,5 wickets,Colombo (SSC),1/22/1998,ODI # 1282,1282,Sri Lanka,Sri Lanka
Sri Lanka,Zimbabwe,Sri Lanka,Zimbabwe,5 wickets,Colombo (RPS),1/24/1998,ODI # 1284,1284,Sri Lanka,Sri Lanka
Sri Lanka,Zimbabwe,Sri Lanka,Zimbabwe,4 wickets,Colombo (SSC),1/26/1998,ODI # 1286,1286,Sri Lanka,Sri Lanka
South Africa,Sri Lanka,South Africa,Sri Lanka,57 runs,Johannesburg,4/5/1998,ODI # 1306,1306,South Africa,Sri Lanka
Pakistan,Sri Lanka,Pakistan,Sri Lanka,4 wickets,Kimberley,4/7/1998,ODI # 1309,1309,South Africa,Sri Lanka
Pakistan,Sri Lanka,Pakistan,Sri Lanka,110 runs,Paarl,4/9/1998,ODI # 1312,1312,South Africa,Sri Lanka
South Africa,Sri Lanka,Sri Lanka,South Africa,6 wickets,Gqeberha,4/13/1998,ODI # 1315,1315,South Africa,Sri Lanka
Pakistan,Sri Lanka,Sri Lanka,Pakistan,115 runs,Benoni,4/15/1998,ODI # 1317,1317,South Africa,Sri Lanka
South Africa,Sri Lanka,South Africa,Sri Lanka,5 wickets,Bloemfontein,4/19/1998,ODI # 1321,1321,South Africa,Sri Lanka
Sri Lanka,India,India,Sri Lanka,8 wickets,Colombo (RPS),6/19/1998,ODI # 1338,1338,Sri Lanka,Sri Lanka
Sri Lanka,New Zealand,Sri Lanka,New Zealand,7 wickets,Colombo (RPS),6/21/1998,ODI # 1339,1339,Sri Lanka,Sri Lanka
Sri Lanka,India,Sri Lanka,India,8 runs,Colombo (SSC),7/1/1998,ODI # 1341,1341,Sri Lanka,Sri Lanka
Sri Lanka,New Zealand,Sri Lanka,New Zealand,87 runs,Colombo (SSC),7/5/1998,ODI # 1343,1343,Sri Lanka,Sri Lanka
Sri Lanka,India,India,Sri Lanka,6 runs,Colombo (RPS),7/7/1998,ODI # 1344,1344,Sri Lanka,Sri Lanka
South Africa,Sri Lanka,Sri Lanka,South Africa,57 runs,Nottingham,8/14/1998,ODI # 1345,1345,England,Sri Lanka
England,Sri Lanka,England,Sri Lanka,36 runs,Lord's,8/16/1998,ODI # 1346,1346,England,Sri Lanka
England,Sri Lanka,Sri Lanka,England,5 wickets,Lord's,8/20/1998,ODI # 1348,1348,England,Sri Lanka
New Zealand,Sri Lanka,Sri Lanka,New Zealand,5 wickets,Dhaka,10/26/1998,ODI # 1359,1359,Bangladesh,Sri Lanka
South Africa,Sri Lanka,South Africa,Sri Lanka,92 runs,Dhaka,10/30/1998,ODI # 1362,1362,Bangladesh,Sri Lanka
India,Sri Lanka,India,Sri Lanka,3 wickets,Sharjah,11/6/1998,ODI # 1366,1366,United Arab Emirates,Sri Lanka
Sri Lanka,Zimbabwe,Zimbabwe,Sri Lanka,7 wickets,Sharjah,11/7/1998,ODI # 1367,1367,United Arab Emirates,Sri Lanka
India,Sri Lanka,India,Sri Lanka,81 runs,Sharjah,11/9/1998,ODI # 1370,1370,United Arab Emirates,Sri Lanka
Sri Lanka,Zimbabwe,Zimbabwe,Sri Lanka,24 runs,Sharjah,11/10/1998,ODI # 1372,1372,United Arab Emirates,Sri Lanka
England,Sri Lanka,England,Sri Lanka,4 wickets,Brisbane,1/11/1999,ODI # 1380,1380,Australia,Sri Lanka
Australia,Sri Lanka,Australia,Sri Lanka,8 wickets,Sydney,1/13/1999,ODI # 1382,1382,Australia,Sri Lanka
England,Sri Lanka,England,Sri Lanka,7 wickets,Melbourne,1/19/1999,ODI # 1388,1388,Australia,Sri Lanka
Australia,Sri Lanka,Sri Lanka,Australia,3 wickets,Hobart,1/21/1999,ODI # 1389,1389,Australia,Sri Lanka
England,Sri Lanka,Sri Lanka,England,1 wicket,Adelaide,1/23/1999,ODI # 1391,1391,Australia,Sri Lanka
Australia,Sri Lanka,Australia,Sri Lanka,80 runs,Adelaide,1/24/1999,ODI # 1392,1392,Australia,Sri Lanka
England,Sri Lanka,England,Sri Lanka,128 runs,Perth,1/29/1999,ODI # 1396,1396,Australia,Sri Lanka
Australia,Sri Lanka,Australia,Sri Lanka,45 runs,Perth,1/31/1999,ODI # 1398,1398,Australia,Sri Lanka
England,Sri Lanka,Sri Lanka,England,11 runs,Sydney,2/3/1999,ODI # 1400,1400,Australia,Sri Lanka
Australia,Sri Lanka,Australia,Sri Lanka,43 runs,Melbourne,2/7/1999,ODI # 1403,1403,Australia,Sri Lanka
Pakistan,Sri Lanka,Pakistan,Sri Lanka,9 runs,Jamshedpur,3/19/1999,ODI # 1411,1411,India,Sri Lanka
India,Sri Lanka,India,Sri Lanka,80 runs,Nagpur,3/22/1999,ODI # 1415,1415,India,Sri Lanka
Pakistan,Sri Lanka,Sri Lanka,Pakistan,12 runs,Visakhapatnam,3/27/1999,ODI # 1423,1423,India,Sri Lanka
India,Sri Lanka,India,Sri Lanka,51 runs,Pune,3/30/1999,ODI # 1426,1426,India,Sri Lanka
England,Sri Lanka,England,Sri Lanka,8 wickets,Lord's,5/14/1999,ODI # 1443,1443,England,Sri Lanka
South Africa,Sri Lanka,South Africa,Sri Lanka,89 runs,Northampton,5/19/1999,ODI # 1451,1451,England,Sri Lanka
Sri Lanka,Zimbabwe,Sri Lanka,Zimbabwe,4 wickets,Worcester,5/22/1999,ODI # 1456,1456,England,Sri Lanka
India,Sri Lanka,India,Sri Lanka,157 runs,Taunton,5/26/1999,ODI # 1463,1463,England,Sri Lanka
Kenya,Sri Lanka,Sri Lanka,Kenya,45 runs,Southampton,5/30/1999,ODI # 1469,1469,England,Sri Lanka
Sri Lanka,Australia,Australia,Sri Lanka,50 runs,Galle,8/22/1999,ODI # 1485,1485,Sri Lanka,Sri Lanka
Sri Lanka,India,Sri Lanka,India,7 wickets,Colombo (RPS),8/25/1999,ODI # 1487,1487,Sri Lanka,Sri Lanka
Sri Lanka,Australia,Australia,Sri Lanka,27 runs,Colombo (RPS),8/26/1999,ODI # 1488,1488,Sri Lanka,Sri Lanka
Sri Lanka,India,India,Sri Lanka,23 runs,Colombo (SSC),8/29/1999,ODI # 1490,1490,Sri Lanka,Sri Lanka
Sri Lanka,Australia,Sri Lanka,Australia,8 wickets,Colombo (RPS),8/31/1999,ODI # 1491,1491,Sri Lanka,Sri Lanka
Sri Lanka,West Indies,West Indies,Sri Lanka,3 wickets,Sharjah,10/13/1999,ODI # 1512,1512,United Arab Emirates,Sri Lanka
Pakistan,Sri Lanka,tied,Pakistan,,Sharjah,10/15/1999,ODI # 1514,1514,United Arab Emirates,Sri Lanka
Sri Lanka,West Indies,Sri Lanka,West Indies,9 wickets,Sharjah,10/17/1999,ODI # 1515,1515,United Arab Emirates,Sri Lanka
Pakistan,Sri Lanka,Pakistan,Sri Lanka,118 runs,Sharjah,10/18/1999,ODI # 1516,1516,United Arab Emirates,Sri Lanka
Pakistan,Sri Lanka,Pakistan,Sri Lanka,88 runs,Sharjah,10/22/1999,ODI # 1519,1519,United Arab Emirates,Sri Lanka
Zimbabwe,Sri Lanka,no result,Zimbabwe,,Bulawayo,12/11/1999,ODI # 1527,1527,Zimbabwe,Sri Lanka
Zimbabwe,Sri Lanka,Sri Lanka,Zimbabwe,13 runs,Bulawayo,12/12/1999,ODI # 1528,1528,Zimbabwe,Sri Lanka
Zimbabwe,Sri Lanka,Sri Lanka,Zimbabwe,98 runs,Harare,12/15/1999,ODI # 1529,1529,Zimbabwe,Sri Lanka
Zimbabwe,Sri Lanka,Sri Lanka,Zimbabwe,6 wickets,Harare,12/18/1999,ODI # 1530,1530,Zimbabwe,Sri Lanka
Zimbabwe,Sri Lanka,Zimbabwe,Sri Lanka,6 wickets,Harare,12/19/1999,ODI # 1531,1531,Zimbabwe,Sri Lanka
Pakistan,Sri Lanka,Sri Lanka,Pakistan,29 runs,Karachi,2/13/2000,ODI # 1559,1559,Pakistan,Sri Lanka
Pakistan,Sri Lanka,Sri Lanka,Pakistan,34 runs,Gujranwala,2/16/2000,ODI # 1561,1561,Pakistan,Sri Lanka
Pakistan,Sri Lanka,Sri Lanka,Pakistan,104 runs,Lahore,2/19/2000,ODI # 1566,1566,Pakistan,Sri Lanka
Bangladesh,Sri Lanka,Sri Lanka,Bangladesh,9 wickets,Dhaka,5/29/2000,ODI # 1596,1596,Bangladesh,Sri Lanka
India,Sri Lanka,Sri Lanka,India,71 runs,Dhaka,6/1/2000,ODI # 1598,1598,Bangladesh,Sri Lanka
Pakistan,Sri Lanka,Pakistan,Sri Lanka,7 wickets,Dhaka,6/5/2000,ODI # 1601,1601,Bangladesh,Sri Lanka
Pakistan,Sri Lanka,Pakistan,Sri Lanka,39 runs,Dhaka,6/7/2000,ODI # 1602,1602,Bangladesh,Sri Lanka
Sri Lanka,Pakistan,Sri Lanka,Pakistan,5 wickets,Galle,7/5/2000,ODI # 1603,1603,Sri Lanka,Sri Lanka
Sri Lanka,South Africa,Sri Lanka,South Africa,37 runs,Galle,7/6/2000,ODI # 1604,1604,Sri Lanka,Sri Lanka
Sri Lanka,Pakistan,Sri Lanka,Pakistan,6 wickets,Colombo (RPS),7/9/2000,ODI # 1608,1608,Sri Lanka,Sri Lanka
Sri Lanka,South Africa,Sri Lanka,South Africa,8 wickets,Colombo (SSC),7/11/2000,ODI # 1610,1610,Sri Lanka,Sri Lanka
Sri Lanka,South Africa,Sri Lanka,South Africa,30 runs,Colombo (RPS),7/14/2000,ODI # 1614,1614,Sri Lanka,Sri Lanka
Sri Lanka,West Indies,Sri Lanka,West Indies,108 runs,Nairobi (Gym),10/4/2000,ODI # 1631,1631,Kenya,Sri Lanka
Pakistan,Sri Lanka,Pakistan,Sri Lanka,9 wickets,Nairobi (Gym),10/8/2000,ODI # 1634,1634,Kenya,Sri Lanka
India,Sri Lanka,Sri Lanka,India,5 wickets,Sharjah,10/20/2000,ODI # 1640,1640,United Arab Emirates,Sri Lanka
Sri Lanka,Zimbabwe,Sri Lanka,Zimbabwe,7 wickets,Sharjah,10/21/2000,ODI # 1642,1642,United Arab Emirates,Sri Lanka
Sri Lanka,Zimbabwe,Sri Lanka,Zimbabwe,123 runs,Sharjah,10/25/2000,ODI # 1646,1646,United Arab Emirates,Sri Lanka
India,Sri Lanka,Sri Lanka,India,68 runs,Sharjah,10/27/2000,ODI # 1650,1650,United Arab Emirates,Sri Lanka
India,Sri Lanka,Sri Lanka,India,245 runs,Sharjah,10/29/2000,ODI # 1652,1652,United Arab Emirates,Sri Lanka
South Africa,Sri Lanka,South Africa,Sri Lanka,4 wickets,Gqeberha,12/15/2000,ODI # 1661,1661,South Africa,Sri Lanka
South Africa,Sri Lanka,South Africa,Sri Lanka,95 runs,East London,12/17/2000,ODI # 1662,1662,South Africa,Sri Lanka
South Africa,Sri Lanka,South Africa,Sri Lanka,8 wickets,Paarl,1/9/2001,ODI # 1666,1666,South Africa,Sri Lanka
South Africa,Sri Lanka,South Africa,Sri Lanka,99 runs,Cape Town,1/11/2001,ODI # 1668,1668,South Africa,Sri Lanka
South Africa,Sri Lanka,South Africa,Sri Lanka,5 wickets,Bloemfontein,1/14/2001,ODI # 1671,1671,South Africa,Sri Lanka
South Africa,Sri Lanka,Sri Lanka,South Africa,4 runs,Johannesburg,1/17/2001,ODI # 1673,1673,South Africa,Sri Lanka
New Zealand,Sri Lanka,Sri Lanka,New Zealand,61 runs,Napier,1/31/2001,ODI # 1680,1680,New Zealand,Sri Lanka
New Zealand,Sri Lanka,Sri Lanka,New Zealand,3 wickets,Wellington,2/3/2001,ODI # 1682,1682,New Zealand,Sri Lanka
New Zealand,Sri Lanka,Sri Lanka,New Zealand,9 wickets,Auckland,2/6/2001,ODI # 1684,1684,New Zealand,Sri Lanka
New Zealand,Sri Lanka,Sri Lanka,New Zealand,3 runs,Hamilton,2/8/2001,ODI # 1686,1686,New Zealand,Sri Lanka
New Zealand,Sri Lanka,New Zealand,Sri Lanka,13 runs,Christchurch,2/11/2001,ODI # 1688,1688,New Zealand,Sri Lanka
Sri Lanka,England,Sri Lanka,England,5 wickets,Dambulla,3/23/2001,ODI # 1694,1694,Sri Lanka,Sri Lanka
Sri Lanka,England,Sri Lanka,England,66 runs,Colombo (RPS),3/25/2001,ODI # 1695,1695,Sri Lanka,Sri Lanka
Sri Lanka,England,Sri Lanka,England,10 wickets,Colombo (SSC),3/27/2001,ODI # 1697,1697,Sri Lanka,Sri Lanka
Pakistan,Sri Lanka,Pakistan,Sri Lanka,16 runs,Sharjah,4/8/2001,ODI # 1704,1704,United Arab Emirates,Sri Lanka
New Zealand,Sri Lanka,Sri Lanka,New Zealand,106 runs,Sharjah,4/10/2001,ODI # 1705,1705,United Arab Emirates,Sri Lanka
Pakistan,Sri Lanka,Pakistan,Sri Lanka,28 runs,Sharjah,4/13/2001,ODI # 1708,1708,United Arab Emirates,Sri Lanka
New Zealand,Sri Lanka,New Zealand,Sri Lanka,79 runs,Sharjah,4/17/2001,ODI # 1710,1710,United Arab Emirates,Sri Lanka
Pakistan,Sri Lanka,Sri Lanka,Pakistan,77 runs,Sharjah,4/20/2001,ODI # 1711,1711,United Arab Emirates,Sri Lanka
Sri Lanka,New Zealand,Sri Lanka,New Zealand,16 runs,Colombo (RPS),7/18/2001,ODI # 1735,1735,Sri Lanka,Sri Lanka
Sri Lanka,India,Sri Lanka,India,6 runs,Colombo (RPS),7/22/2001,ODI # 1737,1737,Sri Lanka,Sri Lanka
Sri Lanka,New Zealand,Sri Lanka,New Zealand,5 wickets,Colombo (RPS),7/25/2001,ODI # 1738,1738,Sri Lanka,Sri Lanka
Sri Lanka,India,India,Sri Lanka,7 wickets,Colombo (RPS),7/28/2001,ODI # 1740,1740,Sri Lanka,Sri Lanka
Sri Lanka,New Zealand,Sri Lanka,New Zealand,106 runs,Colombo (SSC),7/31/2001,ODI # 1741,1741,Sri Lanka,Sri Lanka
Sri Lanka,India,India,Sri Lanka,46 runs,Colombo (SSC),8/1/2001,ODI # 1742,1742,Sri Lanka,Sri Lanka
Sri Lanka,India,Sri Lanka,India,121 runs,Colombo (RPS),8/5/2001,ODI # 1744,1744,Sri Lanka,Sri Lanka
Sri Lanka,Zimbabwe,Sri Lanka,Zimbabwe,63 runs,Sharjah,10/26/2001,ODI # 1765,1765,United Arab Emirates,Sri Lanka
Pakistan,Sri Lanka,Sri Lanka,Pakistan,7 wickets,Sharjah,10/27/2001,ODI # 1767,1767,United Arab Emirates,Sri Lanka
Sri Lanka,Zimbabwe,Sri Lanka,Zimbabwe,79 runs,Sharjah,10/30/2001,ODI # 1769,1769,United Arab Emirates,Sri Lanka
Pakistan,Sri Lanka,Pakistan,Sri Lanka,7 wickets,Sharjah,11/2/2001,ODI # 1771,1771,United Arab Emirates,Sri Lanka
Pakistan,Sri Lanka,Pakistan,Sri Lanka,5 wickets,Sharjah,11/4/2001,ODI # 1772,1772,United Arab Emirates,Sri Lanka
Sri Lanka,Zimbabwe,Sri Lanka,Zimbabwe,9 wickets,Colombo (SSC),12/8/2001,ODI # 1776,1776,Sri Lanka,Sri Lanka
Sri Lanka,West Indies,West Indies,Sri Lanka,49 runs,Colombo (RPS),12/11/2001,ODI # 1778,1778,Sri Lanka,Sri Lanka
Sri Lanka,Zimbabwe,Sri Lanka,Zimbabwe,59 runs,Colombo (RPS),12/12/2001,ODI # 1779,1779,Sri Lanka,Sri Lanka
Sri Lanka,West Indies,Sri Lanka,West Indies,8 wickets,Kandy,12/15/2001,ODI # 1780,1780,Sri Lanka,Sri Lanka
Sri Lanka,West Indies,Sri Lanka,West Indies,34 runs,Colombo (RPS),12/19/2001,ODI # 1782,1782,Sri Lanka,Sri Lanka
Pakistan,Sri Lanka,Sri Lanka,Pakistan,41 runs,Sharjah,4/8/2002,ODI # 1825,1825,United Arab Emirates,Sri Lanka
New Zealand,Sri Lanka,New Zealand,Sri Lanka,11 runs,Sharjah,4/9/2002,ODI # 1826,1826,United Arab Emirates,Sri Lanka
Pakistan,Sri Lanka,Sri Lanka,Pakistan,9 runs,Sharjah,4/12/2002,ODI # 1829,1829,United Arab Emirates,Sri Lanka
New Zealand,Sri Lanka,Sri Lanka,New Zealand,46 runs,Sharjah,4/14/2002,ODI # 1830,1830,United Arab Emirates,Sri Lanka
Pakistan,Sri Lanka,Pakistan,Sri Lanka,217 runs,Sharjah,4/17/2002,ODI # 1832,1832,United Arab Emirates,Sri Lanka
England,Sri Lanka,England,Sri Lanka,44 runs,Nottingham,6/27/2002,ODI # 1847,1847,England,Sri Lanka
India,Sri Lanka,India,Sri Lanka,4 wickets,The Oval,6/30/2002,ODI # 1849,1849,England,Sri Lanka
England,Sri Lanka,England,Sri Lanka,3 wickets,Leeds,7/2/2002,ODI # 1850,1850,England,Sri Lanka
India,Sri Lanka,India,Sri Lanka,4 wickets,Birmingham,7/6/2002,ODI # 1852,1852,England,Sri Lanka
England,Sri Lanka,Sri Lanka,England,23 runs,Manchester,7/7/2002,ODI # 1853,1853,England,Sri Lanka
India,Sri Lanka,India,Sri Lanka,63 runs,Bristol,7/11/2002,ODI # 1855,1855,England,Sri Lanka
Sri Lanka,Bangladesh,Sri Lanka,Bangladesh,5 wickets,Colombo (SSC),8/4/2002,ODI # 1857,1857,Sri Lanka,Sri Lanka
Sri Lanka,Bangladesh,Sri Lanka,Bangladesh,8 wickets,Colombo (SSC),8/5/2002,ODI # 1858,1858,Sri Lanka,Sri Lanka
Sri Lanka,Bangladesh,Sri Lanka,Bangladesh,58 runs,Colombo (RPS),8/7/2002,ODI # 1859,1859,Sri Lanka,Sri Lanka
Pakistan,Sri Lanka,Pakistan,Sri Lanka,28 runs,Tangier,8/14/2002,ODI # 1861,1861,Morocco,Sri Lanka
South Africa,Sri Lanka,Sri Lanka,South Africa,93 runs,Tangier,8/15/2002,ODI # 1862,1862,Morocco,Sri Lanka
Pakistan,Sri Lanka,Sri Lanka,Pakistan,39 runs,Tangier,8/17/2002,ODI # 1863,1863,Morocco,Sri Lanka
South Africa,Sri Lanka,Sri Lanka,South Africa,6 wickets,Tangier,8/19/2002,ODI # 1865,1865,Morocco,Sri Lanka
South Africa,Sri Lanka,Sri Lanka,South Africa,27 runs,Tangier,8/21/2002,ODI # 1866,1866,Morocco,Sri Lanka
Sri Lanka,Pakistan,Sri Lanka,Pakistan,8 wickets,Colombo (RPS),9/12/2002,ODI # 1874,1874,Sri Lanka,Sri Lanka
Sri Lanka,Netherlands,Sri Lanka,Netherlands,206 runs,Colombo (RPS),9/16/2002,ODI # 1878,1878,Sri Lanka,Sri Lanka
Sri Lanka,Australia,Sri Lanka,Australia,7 wickets,Colombo (RPS),9/27/2002,ODI # 1887,1887,Sri Lanka,Sri Lanka
Sri Lanka,India,no result,Sri Lanka,,Colombo (RPS),9/29/2002,ODI # 1888,1888,Sri Lanka,Sri Lanka
Sri Lanka,India,no result,Sri Lanka,,Colombo (RPS),9/30/2002,ODI # 1889,1889,Sri Lanka,Sri Lanka
South Africa,Sri Lanka,South Africa,Sri Lanka,6 wickets,Johannesburg,11/27/2002,ODI # 1903,1903,South Africa,Sri Lanka
South Africa,Sri Lanka,South Africa,Sri Lanka,177 runs,Centurion,11/29/2002,ODI # 1905,1905,South Africa,Sri Lanka
South Africa,Sri Lanka,Sri Lanka,South Africa,7 wickets,Benoni,12/1/2002,ODI # 1908,1908,South Africa,Sri Lanka
South Africa,Sri Lanka,South Africa,Sri Lanka,8 wickets,Kimberley,12/4/2002,ODI # 1911,1911,South Africa,Sri Lanka
South Africa,Sri Lanka,South Africa,Sri Lanka,6 wickets,Bloemfontein,12/6/2002,ODI # 1912,1912,South Africa,Sri Lanka
England,Sri Lanka,England,Sri Lanka,43 runs,Brisbane,12/17/2002,ODI # 1922,1922,Australia,Sri Lanka
England,Sri Lanka,England,Sri Lanka,95 runs,Perth,12/20/2002,ODI # 1924,1924,Australia,Sri Lanka
Australia,Sri Lanka,Australia,Sri Lanka,142 runs,Perth,12/22/2002,ODI # 1925,1925,Australia,Sri Lanka
Australia,Sri Lanka,Sri Lanka,Australia,79 runs,Sydney,1/9/2003,ODI # 1931,1931,Australia,Sri Lanka
England,Sri Lanka,Sri Lanka,England,31 runs,Sydney,1/13/2003,ODI # 1934,1934,Australia,Sri Lanka
Australia,Sri Lanka,Australia,Sri Lanka,4 wickets,Brisbane,1/15/2003,ODI # 1936,1936,Australia,Sri Lanka
England,Sri Lanka,England,Sri Lanka,19 runs,Adelaide,1/17/2003,ODI # 1937,1937,Australia,Sri Lanka
Australia,Sri Lanka,Australia,Sri Lanka,9 wickets,Melbourne,1/21/2003,ODI # 1939,1939,Australia,Sri Lanka
New Zealand,Sri Lanka,Sri Lanka,New Zealand,47 runs,Bloemfontein,2/10/2003,ODI # 1944,1944,South Africa,Sri Lanka
Bangladesh,Sri Lanka,Sri Lanka,Bangladesh,10 wickets,Pietermaritzburg,2/14/2003,ODI # 1950,1950,South Africa,Sri Lanka
Canada,Sri Lanka,Sri Lanka,Canada,9 wickets,Paarl,2/19/2003,ODI # 1958,1958,South Africa,Sri Lanka
Kenya,Sri Lanka,Kenya,Sri Lanka,53 runs,Nairobi (Gym),2/24/2003,ODI # 1965,1965,Kenya,Sri Lanka
Sri Lanka,West Indies,Sri Lanka,West Indies,6 runs,Cape Town,2/28/2003,ODI # 1973,1973,South Africa,Sri Lanka
South Africa,Sri Lanka,tied,South Africa,,Durban,3/3/2003,ODI # 1979,1979,South Africa,Sri Lanka
Australia,Sri Lanka,Australia,Sri Lanka,96 runs,Centurion,3/7/2003,ODI # 1982,1982,South Africa,Sri Lanka
India,Sri Lanka,India,Sri Lanka,183 runs,Johannesburg,3/10/2003,ODI # 1985,1985,South Africa,Sri Lanka
Sri Lanka,Zimbabwe,Sri Lanka,Zimbabwe,74 runs,East London,3/15/2003,ODI # 1989,1989,South Africa,Sri Lanka
Australia,Sri Lanka,Australia,Sri Lanka,48 runs,Gqeberha,3/18/2003,ODI # 1991,1991,South Africa,Sri Lanka
Pakistan,Sri Lanka,Pakistan,Sri Lanka,7 wickets,Sharjah,4/4/2003,ODI # 1995,1995,United Arab Emirates,Sri Lanka
Kenya,Sri Lanka,Sri Lanka,Kenya,129 runs,Sharjah,4/6/2003,ODI # 1997,1997,United Arab Emirates,Sri Lanka
Sri Lanka,Zimbabwe,Zimbabwe,Sri Lanka,4 wickets,Sharjah,4/7/2003,ODI # 1998,1998,United Arab Emirates,Sri Lanka
Sri Lanka,Pakistan,Pakistan,Sri Lanka,79 runs,Dambulla,5/10/2003,ODI # 2008,2008,Sri Lanka,Sri Lanka
Sri Lanka,New Zealand,Sri Lanka,New Zealand,5 wickets,Dambulla,5/13/2003,ODI # 2010,2010,Sri Lanka,Sri Lanka
Sri Lanka,Pakistan,Sri Lanka,Pakistan,12 runs,Dambulla,5/18/2003,ODI # 2012,2012,Sri Lanka,Sri Lanka
Sri Lanka,New Zealand,New Zealand,Sri Lanka,9 runs,Dambulla,5/19/2003,ODI # 2014,2014,Sri Lanka,Sri Lanka
West Indies,Sri Lanka,Sri Lanka,West Indies,55 runs,Bridgetown,6/7/2003,ODI # 2022,2022,West Indies,Sri Lanka
West Indies,Sri Lanka,Sri Lanka,West Indies,4 wickets,Bridgetown,6/8/2003,ODI # 2023,2023,West Indies,Sri Lanka
West Indies,Sri Lanka,West Indies,Sri Lanka,6 wickets,Kingstown,6/11/2003,ODI # 2024,2024,West Indies,Sri Lanka
Sri Lanka,England,Sri Lanka,England,10 wickets,Dambulla,11/18/2003,ODI # 2063,2063,Sri Lanka,Sri Lanka
Sri Lanka,Australia,Australia,Sri Lanka,84 runs,Dambulla,2/20/2004,ODI # 2102,2102,Sri Lanka,Sri Lanka
Sri Lanka,Australia,Sri Lanka,Australia,1 run,Dambulla,2/22/2004,ODI # 2103,2103,Sri Lanka,Sri Lanka
Sri Lanka,Australia,Australia,Sri Lanka,5 wickets,Colombo (RPS),2/25/2004,ODI # 2105,2105,Sri Lanka,Sri Lanka
Sri Lanka,Australia,Australia,Sri Lanka,40 runs,Colombo (RPS),2/27/2004,ODI # 2106,2106,Sri Lanka,Sri Lanka
Sri Lanka,Australia,Sri Lanka,Australia,3 wickets,Colombo (SSC),2/29/2004,ODI # 2108,2108,Sri Lanka,Sri Lanka
Zimbabwe,Sri Lanka,Sri Lanka,Zimbabwe,12 runs,Bulawayo,4/20/2004,ODI # 2119,2119,Zimbabwe,Sri Lanka
Zimbabwe,Sri Lanka,Sri Lanka,Zimbabwe,9 wickets,Bulawayo,4/22/2004,ODI # 2120,2120,Zimbabwe,Sri Lanka
Zimbabwe,Sri Lanka,Sri Lanka,Zimbabwe,9 wickets,Harare,4/25/2004,ODI # 2122,2122,Zimbabwe,Sri Lanka
Zimbabwe,Sri Lanka,Sri Lanka,Zimbabwe,72 runs,Harare,4/27/2004,ODI # 2123,2123,Zimbabwe,Sri Lanka
Zimbabwe,Sri Lanka,Sri Lanka,Zimbabwe,25 runs,Harare,4/29/2004,ODI # 2124,2124,Zimbabwe,Sri Lanka
Sri Lanka,U.A.E.,Sri Lanka,U.A.E.,116 runs,Dambulla,7/17/2004,ODI # 2146,2146,Sri Lanka,Sri Lanka
Sri Lanka,India,Sri Lanka,India,12 runs,Dambulla,7/18/2004,ODI # 2148,2148,Sri Lanka,Sri Lanka
Sri Lanka,Pakistan,Sri Lanka,Pakistan,7 wickets,Colombo (RPS),7/21/2004,ODI # 2150,2150,Sri Lanka,Sri Lanka
Sri Lanka,Bangladesh,Sri Lanka,Bangladesh,10 wickets,Colombo (RPS),7/23/2004,ODI # 2151,2151,Sri Lanka,Sri Lanka
Sri Lanka,India,India,Sri Lanka,4 runs,Colombo (RPS),7/27/2004,ODI # 2153,2153,Sri Lanka,Sri Lanka
Sri Lanka,India,Sri Lanka,India,25 runs,Colombo (RPS),8/1/2004,ODI # 2155,2155,Sri Lanka,Sri Lanka
Sri Lanka,South Africa,Sri Lanka,South Africa,3 wickets,Colombo (RPS),8/20/2004,ODI # 2156,2156,Sri Lanka,Sri Lanka
Sri Lanka,South Africa,Sri Lanka,South Africa,37 runs,Colombo (RPS),8/22/2004,ODI # 2158,2158,Sri Lanka,Sri Lanka
Sri Lanka,South Africa,Sri Lanka,South Africa,4 wickets,Dambulla,8/25/2004,ODI # 2160,2160,Sri Lanka,Sri Lanka
Sri Lanka,South Africa,Sri Lanka,South Africa,7 wickets,Dambulla,8/28/2004,ODI # 2161,2161,Sri Lanka,Sri Lanka
Sri Lanka,South Africa,Sri Lanka,South Africa,49 runs,Colombo (SSC),8/31/2004,ODI # 2163,2163,Sri Lanka,Sri Lanka
Sri Lanka,Zimbabwe,Sri Lanka,Zimbabwe,4 wickets,The Oval,9/14/2004,ODI # 2173,2173,England,Sri Lanka
England,Sri Lanka,England,Sri Lanka,49 runs,Southampton,9/17/2004,ODI # 2177,2177,England,Sri Lanka
Pakistan,Sri Lanka,Pakistan,Sri Lanka,8 wickets,Karachi,10/6/2004,ODI # 2185,2185,Pakistan,Sri Lanka
Sri Lanka,Zimbabwe,Sri Lanka,Zimbabwe,7 wickets,Rawalpindi,10/9/2004,ODI # 2186,2186,Pakistan,Sri Lanka
Pakistan,Sri Lanka,Pakistan,Sri Lanka,6 wickets,Lahore,10/14/2004,ODI # 2187,2187,Pakistan,Sri Lanka
Pakistan,Sri Lanka,Sri Lanka,Pakistan,119 runs,Lahore,10/16/2004,ODI # 2188,2188,Pakistan,Sri Lanka
New Zealand,Sri Lanka,New Zealand,Sri Lanka,7 wickets,Auckland,12/26/2004,ODI # 2200,2200,New Zealand,Sri Lanka
Sri Lanka,India,Sri Lanka,India,3 wickets,Dambulla,7/30/2005,ODI # 2262,2262,Sri Lanka,Sri Lanka
Sri Lanka,West Indies,Sri Lanka,West Indies,50 runs,Dambulla,8/2/2005,ODI # 2264,2264,Sri Lanka,Sri Lanka
Sri Lanka,India,Sri Lanka,India,4 wickets,Dambulla,8/3/2005,ODI # 2265,2265,Sri Lanka,Sri Lanka
Sri Lanka,West Indies,West Indies,Sri Lanka,33 runs,Colombo (RPS),8/6/2005,ODI # 2266,2266,Sri Lanka,Sri Lanka
Sri Lanka,India,Sri Lanka,India,18 runs,Colombo (RPS),8/9/2005,ODI # 2268,2268,Sri Lanka,Sri Lanka
Sri Lanka,Bangladesh,Sri Lanka,Bangladesh,88 runs,Colombo (SSC),8/31/2005,ODI # 2275,2275,Sri Lanka,Sri Lanka
Sri Lanka,Bangladesh,Sri Lanka,Bangladesh,75 runs,Colombo (RPS),9/2/2005,ODI # 2277,2277,Sri Lanka,Sri Lanka
Sri Lanka,Bangladesh,Sri Lanka,Bangladesh,6 wickets,Colombo (RPS),9/4/2005,ODI # 2279,2279,Sri Lanka,Sri Lanka
India,Sri Lanka,India,Sri Lanka,152 runs,Nagpur,10/25/2005,ODI # 2286,2286,India,Sri Lanka
India,Sri Lanka,India,Sri Lanka,8 wickets,Mohali,10/28/2005,ODI # 2287,2287,India,Sri Lanka
India,Sri Lanka,India,Sri Lanka,6 wickets,Jaipur,10/31/2005,ODI # 2290,2290,India,Sri Lanka
India,Sri Lanka,India,Sri Lanka,4 wickets,Pune,11/3/2005,ODI # 2291,2291,India,Sri Lanka
India,Sri Lanka,Sri Lanka,India,5 wickets,Ahmedabad,11/6/2005,ODI # 2294,2294,India,Sri Lanka
India,Sri Lanka,India,Sri Lanka,7 wickets,Rajkot,11/9/2005,ODI # 2295,2295,India,Sri Lanka
India,Sri Lanka,India,Sri Lanka,5 wickets,Vadodara,11/12/2005,ODI # 2296,2296,India,Sri Lanka
New Zealand,Sri Lanka,New Zealand,Sri Lanka,7 wickets,Queenstown,12/31/2005,ODI # 2309,2309,New Zealand,Sri Lanka
New Zealand,Sri Lanka,New Zealand,Sri Lanka,5 wickets,Christchurch,1/3/2006,ODI # 2310,2310,New Zealand,Sri Lanka
New Zealand,Sri Lanka,New Zealand,Sri Lanka,21 runs,Wellington,1/6/2006,ODI # 2311,2311,New Zealand,Sri Lanka
New Zealand,Sri Lanka,Sri Lanka,New Zealand,20 runs,Napier,1/8/2006,ODI # 2312,2312,New Zealand,Sri Lanka
Australia,Sri Lanka,Australia,Sri Lanka,116 runs,Melbourne (Docklands),1/13/2006,ODI # 2313,2313,Australia,Sri Lanka
South Africa,Sri Lanka,Sri Lanka,South Africa,94 runs,Brisbane,1/17/2006,ODI # 2315,2315,Australia,Sri Lanka
Australia,Sri Lanka,Sri Lanka,Australia,51 runs,Sydney,1/22/2006,ODI # 2317,2317,Australia,Sri Lanka
South Africa,Sri Lanka,South Africa,Sri Lanka,9 runs,Adelaide,1/24/2006,ODI # 2318,2318,Australia,Sri Lanka
Australia,Sri Lanka,Australia,Sri Lanka,5 wickets,Adelaide,1/26/2006,ODI # 2319,2319,Australia,Sri Lanka
Australia,Sri Lanka,Australia,Sri Lanka,6 wickets,Perth,1/29/2006,ODI # 2320,2320,Australia,Sri Lanka
South Africa,Sri Lanka,South Africa,Sri Lanka,5 wickets,Perth,1/31/2006,ODI # 2321,2321,Australia,Sri Lanka
South Africa,Sri Lanka,Sri Lanka,South Africa,76 runs,Hobart,2/7/2006,ODI # 2325,2325,Australia,Sri Lanka
Australia,Sri Lanka,Sri Lanka,Australia,22 runs,Adelaide,2/10/2006,ODI # 2326,2326,Australia,Sri Lanka
Australia,Sri Lanka,Australia,Sri Lanka,167 runs,Sydney,2/12/2006,ODI # 2328,2328,Australia,Sri Lanka
Australia,Sri Lanka,Australia,Sri Lanka,9 wickets,Brisbane,2/14/2006,ODI # 2330,2330,Australia,Sri Lanka
Bangladesh,Sri Lanka,Sri Lanka,Bangladesh,5 wickets,Bogra,2/20/2006,ODI # 2334,2334,Bangladesh,Sri Lanka
Bangladesh,Sri Lanka,Bangladesh,Sri Lanka,4 wickets,Bogra,2/22/2006,ODI # 2336,2336,Bangladesh,Sri Lanka
Bangladesh,Sri Lanka,Sri Lanka,Bangladesh,78 runs,Chattogram,2/25/2006,ODI # 2338,2338,Bangladesh,Sri Lanka
Sri Lanka,Pakistan,no result,Sri Lanka,,Colombo (RPS),3/17/2006,ODI # 2351,2351,Sri Lanka,Sri Lanka
Sri Lanka,Pakistan,Pakistan,Sri Lanka,4 wickets,Colombo (RPS),3/19/2006,ODI # 2352,2352,Sri Lanka,Sri Lanka
Sri Lanka,Pakistan,Pakistan,Sri Lanka,4 wickets,Colombo (SSC),3/22/2006,ODI # 2354,2354,Sri Lanka,Sri Lanka
England,Sri Lanka,Sri Lanka,England,20 runs,Lord's,6/17/2006,ODI # 2384,2384,England,Sri Lanka
England,Sri Lanka,Sri Lanka,England,46 runs,The Oval,6/20/2006,ODI # 2385,2385,England,Sri Lanka
England,Sri Lanka,Sri Lanka,England,8 wickets,Chester-le-Street,6/24/2006,ODI # 2386,2386,England,Sri Lanka
England,Sri Lanka,Sri Lanka,England,33 runs,Manchester,6/28/2006,ODI # 2388,2388,England,Sri Lanka
England,Sri Lanka,Sri Lanka,England,8 wickets,Leeds,7/1/2006,ODI # 2389,2389,England,Sri Lanka
Netherlands,Sri Lanka,Sri Lanka,Netherlands,195 runs,Amstelveen,7/4/2006,ODI # 2390,2390,Netherlands,Sri Lanka
Netherlands,Sri Lanka,Sri Lanka,Netherlands,55 runs,Amstelveen,7/6/2006,ODI # 2391,2391,Netherlands,Sri Lanka
Sri Lanka,India,no result,Sri Lanka,,Colombo (SSC),8/18/2006,ODI # 2405,2405,Sri Lanka,Sri Lanka
Bangladesh,Sri Lanka,Sri Lanka,Bangladesh,37 runs,Mohali,10/7/2006,ODI # 2423,2423,India,Sri Lanka
Sri Lanka,Zimbabwe,Sri Lanka,Zimbabwe,144 runs,Ahmedabad,10/10/2006,ODI # 2425,2425,India,Sri Lanka
Sri Lanka,West Indies,Sri Lanka,West Indies,9 wickets,Brabourne,10/14/2006,ODI # 2428,2428,India,Sri Lanka
Pakistan,Sri Lanka,Pakistan,Sri Lanka,4 wickets,Jaipur,10/17/2006,ODI # 2431,2431,India,Sri Lanka
New Zealand,Sri Lanka,Sri Lanka,New Zealand,7 wickets,Brabourne,10/20/2006,ODI # 2433,2433,India,Sri Lanka
South Africa,Sri Lanka,South Africa,Sri Lanka,78 runs,Ahmedabad,10/24/2006,ODI # 2435,2435,India,Sri Lanka
New Zealand,Sri Lanka,Sri Lanka,New Zealand,7 wickets,Napier,12/28/2006,ODI # 2468,2468,New Zealand,Sri Lanka
New Zealand,Sri Lanka,New Zealand,Sri Lanka,1 wicket,Queenstown,12/31/2006,ODI # 2469,2469,New Zealand,Sri Lanka
New Zealand,Sri Lanka,New Zealand,Sri Lanka,4 wickets,Christchurch,1/2/2007,ODI # 2470,2470,New Zealand,Sri Lanka
New Zealand,Sri Lanka,Sri Lanka,New Zealand,189 runs,Auckland,1/6/2007,ODI # 2471,2471,New Zealand,Sri Lanka
New Zealand,Sri Lanka,no result,New Zealand,,Hamilton,1/9/2007,ODI # 2472,2472,New Zealand,Sri Lanka
India,Sri Lanka,no result,India,,Eden Gardens,2/8/2007,ODI # 2514,2514,India,Sri Lanka
India,Sri Lanka,Sri Lanka,India,5 runs,Rajkot,2/11/2007,ODI # 2520,2520,India,Sri Lanka
India,Sri Lanka,India,Sri Lanka,5 wickets,Margao,2/14/2007,ODI # 2522,2522,India,Sri Lanka
India,Sri Lanka,India,Sri Lanka,7 wickets,Visakhapatnam,2/17/2007,ODI # 2525,2525,India,Sri Lanka
Bermuda,Sri Lanka,Sri Lanka,Bermuda,243 runs,Port of Spain,3/15/2007,ODI # 2534,2534,West Indies,Sri Lanka
Bangladesh,Sri Lanka,Sri Lanka,Bangladesh,198 runs,Port of Spain,3/21/2007,ODI # 2546,2546,West Indies,Sri Lanka
India,Sri Lanka,Sri Lanka,India,69 runs,Port of Spain,3/23/2007,ODI # 2550,2550,West Indies,Sri Lanka
South Africa,Sri Lanka,South Africa,Sri Lanka,1 wicket,Providence,3/28/2007,ODI # 2556,2556,West Indies,Sri Lanka
West Indies,Sri Lanka,Sri Lanka,West Indies,113 runs,Providence,4/1/2007,ODI # 2560,2560,West Indies,Sri Lanka
England,Sri Lanka,Sri Lanka,England,2 runs,North Sound,4/4/2007,ODI # 2563,2563,West Indies,Sri Lanka
New Zealand,Sri Lanka,Sri Lanka,New Zealand,6 wickets,St George's,4/12/2007,ODI # 2569,2569,West Indies,Sri Lanka
Australia,Sri Lanka,Australia,Sri Lanka,7 wickets,St George's,4/16/2007,ODI # 2573,2573,West Indies,Sri Lanka
Ireland,Sri Lanka,Sri Lanka,Ireland,8 wickets,St George's,4/18/2007,ODI # 2575,2575,West Indies,Sri Lanka
New Zealand,Sri Lanka,Sri Lanka,New Zealand,81 runs,Kingston,4/24/2007,ODI # 2579,2579,West Indies,Sri Lanka
Australia,Sri Lanka,Australia,Sri Lanka,53 runs,Bridgetown,4/28/2007,ODI # 2581,2581,West Indies,Sri Lanka
Pakistan,Sri Lanka,Pakistan,Sri Lanka,5 wickets,Abu Dhabi,5/18/2007,ODI # 2584,2584,United Arab Emirates,Sri Lanka
Pakistan,Sri Lanka,Pakistan,Sri Lanka,98 runs,Abu Dhabi,5/20/2007,ODI # 2585,2585,United Arab Emirates,Sri Lanka
Pakistan,Sri Lanka,Sri Lanka,Pakistan,115 runs,Abu Dhabi,5/22/2007,ODI # 2586,2586,United Arab Emirates,Sri Lanka
Sri Lanka,Bangladesh,Sri Lanka,Bangladesh,70 runs,Colombo (PSS),7/20/2007,ODI # 2605,2605,Sri Lanka,Sri Lanka
Sri Lanka,Bangladesh,Sri Lanka,Bangladesh,5 wickets,Colombo (RPS),7/23/2007,ODI # 2606,2606,Sri Lanka,Sri Lanka
Sri Lanka,Bangladesh,Sri Lanka,Bangladesh,39 runs,Colombo (RPS),7/25/2007,ODI # 2607,2607,Sri Lanka,Sri Lanka
Sri Lanka,England,Sri Lanka,England,119 runs,Dambulla,10/1/2007,ODI # 2622,2622,Sri Lanka,Sri Lanka
Sri Lanka,England,England,Sri Lanka,65 runs,Dambulla,10/4/2007,ODI # 2624,2624,Sri Lanka,Sri Lanka
Sri Lanka,England,England,Sri Lanka,2 wickets,Dambulla,10/7/2007,ODI # 2626,2626,Sri Lanka,Sri Lanka
Sri Lanka,England,England,Sri Lanka,5 wickets,Colombo (RPS),10/10/2007,ODI # 2628,2628,Sri Lanka,Sri Lanka
Sri Lanka,England,Sri Lanka,England,107 runs,Colombo (RPS),10/13/2007,ODI # 2630,2630,Sri Lanka,Sri Lanka
India,Sri Lanka,no result,India,,Brisbane,2/5/2008,ODI # 2672,2672,Australia,Sri Lanka
Australia,Sri Lanka,Australia,Sri Lanka,128 runs,Sydney,2/8/2008,ODI # 2673,2673,Australia,Sri Lanka
India,Sri Lanka,Sri Lanka,India,8 wickets,Canberra,2/12/2008,ODI # 2676,2676,Australia,Sri Lanka
Australia,Sri Lanka,Australia,Sri Lanka,63 runs,Perth,2/15/2008,ODI # 2679,2679,Australia,Sri Lanka
India,Sri Lanka,India,Sri Lanka,2 wickets,Adelaide,2/19/2008,ODI # 2681,2681,Australia,Sri Lanka
Australia,Sri Lanka,Australia,Sri Lanka,24 runs,Melbourne,2/22/2008,ODI # 2683,2683,Australia,Sri Lanka
India,Sri Lanka,India,Sri Lanka,7 wickets,Hobart,2/26/2008,ODI # 2686,2686,Australia,Sri Lanka
Australia,Sri Lanka,Sri Lanka,Australia,13 runs,Melbourne,2/29/2008,ODI # 2687,2687,Australia,Sri Lanka
West Indies,Sri Lanka,West Indies,Sri Lanka,1 wicket,Port of Spain,4/10/2008,ODI # 2697,2697,West Indies,Sri Lanka
West Indies,Sri Lanka,West Indies,Sri Lanka,7 wickets,Port of Spain,4/12/2008,ODI # 2699,2699,West Indies,Sri Lanka
West Indies,Sri Lanka,no result,West Indies,,Gros Islet,4/15/2008,ODI # 2701,2701,West Indies,Sri Lanka
Bangladesh,Sri Lanka,Sri Lanka,Bangladesh,131 runs,Lahore,6/25/2008,ODI # 2715,2715,Pakistan,Sri Lanka
Sri Lanka,U.A.E.,Sri Lanka,U.A.E.,142 runs,Lahore,6/26/2008,ODI # 2718,2718,Pakistan,Sri Lanka
Pakistan,Sri Lanka,Sri Lanka,Pakistan,64 runs,Karachi,6/29/2008,ODI # 2723,2723,Pakistan,Sri Lanka
Bangladesh,Sri Lanka,Sri Lanka,Bangladesh,158 runs,Karachi,6/30/2008,ODI # 2726,2726,Pakistan,Sri Lanka
India,Sri Lanka,India,Sri Lanka,6 wickets,Karachi,7/3/2008,ODI # 2732,2732,Pakistan,Sri Lanka
India,Sri Lanka,Sri Lanka,India,100 runs,Karachi,7/6/2008,ODI # 2735,2735,Pakistan,Sri Lanka
Sri Lanka,India,Sri Lanka,India,8 wickets,Dambulla,8/18/2008,ODI # 2742,2742,Sri Lanka,Sri Lanka
Sri Lanka,India,India,Sri Lanka,3 wickets,Dambulla,8/20/2008,ODI # 2745,2745,Sri Lanka,Sri Lanka
Sri Lanka,India,India,Sri Lanka,33 runs,Colombo (RPS),8/24/2008,ODI # 2750,2750,Sri Lanka,Sri Lanka
Sri Lanka,India,India,Sri Lanka,46 runs,Colombo (RPS),8/27/2008,ODI # 2755,2755,Sri Lanka,Sri Lanka
Sri Lanka,India,Sri Lanka,India,112 runs,Colombo (RPS),8/29/2008,ODI # 2756,2756,Sri Lanka,Sri Lanka
Zimbabwe,Sri Lanka,Sri Lanka,Zimbabwe,6 wickets,Harare,11/20/2008,ODI # 2779,2779,Zimbabwe,Sri Lanka
Zimbabwe,Sri Lanka,Sri Lanka,Zimbabwe,9 wickets,Harare,11/22/2008,ODI # 2780,2780,Zimbabwe,Sri Lanka
Zimbabwe,Sri Lanka,Sri Lanka,Zimbabwe,5 runs,Harare,11/24/2008,ODI # 2782,2782,Zimbabwe,Sri Lanka
Zimbabwe,Sri Lanka,Sri Lanka,Zimbabwe,2 wickets,Harare,11/28/2008,ODI # 2784,2784,Zimbabwe,Sri Lanka
Zimbabwe,Sri Lanka,Sri Lanka,Zimbabwe,19 runs,Harare,11/30/2008,ODI # 2785,2785,Zimbabwe,Sri Lanka
Sri Lanka,Zimbabwe,Sri Lanka,Zimbabwe,130 runs,Mirpur,1/12/2009,ODI # 2791,2791,Bangladesh,Sri Lanka
Bangladesh,Sri Lanka,Bangladesh,Sri Lanka,5 wickets,Mirpur,1/14/2009,ODI # 2793,2793,Bangladesh,Sri Lanka
Bangladesh,Sri Lanka,Sri Lanka,Bangladesh,2 wickets,Mirpur,1/16/2009,ODI # 2794,2794,Bangladesh,Sri Lanka
Pakistan,Sri Lanka,Pakistan,Sri Lanka,8 wickets,Karachi,1/20/2009,ODI # 2798,2798,Pakistan,Sri Lanka
Pakistan,Sri Lanka,Sri Lanka,Pakistan,129 runs,Karachi,1/21/2009,ODI # 2800,2800,Pakistan,Sri Lanka
Pakistan,Sri Lanka,Sri Lanka,Pakistan,234 runs,Lahore,1/24/2009,ODI # 2803,2803,Pakistan,Sri Lanka
Sri Lanka,India,India,Sri Lanka,6 wickets,Dambulla,1/28/2009,ODI # 2806,2806,Sri Lanka,Sri Lanka
Sri Lanka,India,India,Sri Lanka,15 runs,Colombo (RPS),1/31/2009,ODI # 2810,2810,Sri Lanka,Sri Lanka
Sri Lanka,India,India,Sri Lanka,147 runs,Colombo (RPS),2/3/2009,ODI # 2813,2813,Sri Lanka,Sri Lanka
Sri Lanka,India,India,Sri Lanka,67 runs,Colombo (RPS),2/5/2009,ODI # 2815,2815,Sri Lanka,Sri Lanka
Sri Lanka,India,Sri Lanka,India,68 runs,Colombo (RPS),2/8/2009,ODI # 2818,2818,Sri Lanka,Sri Lanka
Sri Lanka,Pakistan,Sri Lanka,Pakistan,36 runs,Dambulla,7/30/2009,ODI # 2864,2864,Sri Lanka,Sri Lanka
Sri Lanka,Pakistan,Sri Lanka,Pakistan,6 wickets,Dambulla,8/1/2009,ODI # 2866,2866,Sri Lanka,Sri Lanka
Sri Lanka,Pakistan,Sri Lanka,Pakistan,6 wickets,Dambulla,8/3/2009,ODI # 2867,2867,Sri Lanka,Sri Lanka
Sri Lanka,Pakistan,Pakistan,Sri Lanka,146 runs,Colombo (RPS),8/7/2009,ODI # 2868,2868,Sri Lanka,Sri Lanka
Sri Lanka,Pakistan,Pakistan,Sri Lanka,132 runs,Colombo (RPS),8/9/2009,ODI # 2870,2870,Sri Lanka,Sri Lanka
Sri Lanka,New Zealand,Sri Lanka,New Zealand,97 runs,Colombo (RPS),9/8/2009,ODI # 2884,2884,Sri Lanka,Sri Lanka
Sri Lanka,India,Sri Lanka,India,139 runs,Colombo (RPS),9/12/2009,ODI # 2887,2887,Sri Lanka,Sri Lanka
Sri Lanka,India,India,Sri Lanka,46 runs,Colombo (RPS),9/14/2009,ODI # 2889,2889,Sri Lanka,Sri Lanka
South Africa,Sri Lanka,Sri Lanka,South Africa,55 runs,Centurion,9/22/2009,ODI # 2893,2893,South Africa,Sri Lanka
England,Sri Lanka,England,Sri Lanka,6 wickets,Johannesburg,9/25/2009,ODI # 2896,2896,South Africa,Sri Lanka
New Zealand,Sri Lanka,New Zealand,Sri Lanka,38 runs,Johannesburg,9/27/2009,ODI # 2899,2899,South Africa,Sri Lanka
India,Sri Lanka,India,Sri Lanka,3 runs,Rajkot,12/15/2009,ODI # 2932,2932,India,Sri Lanka
India,Sri Lanka,Sri Lanka,India,3 wickets,Nagpur,12/18/2009,ODI # 2933,2933,India,Sri Lanka
India,Sri Lanka,India,Sri Lanka,7 wickets,Cuttack,12/21/2009,ODI # 2934,2934,India,Sri Lanka
India,Sri Lanka,India,Sri Lanka,7 wickets,Eden Gardens,12/24/2009,ODI # 2935,2935,India,Sri Lanka
India,Sri Lanka,no result,India,,Delhi,12/27/2009,ODI # 2936,2936,India,Sri Lanka
Bangladesh,Sri Lanka,Sri Lanka,Bangladesh,7 wickets,Mirpur,1/4/2010,ODI # 2937,2937,Bangladesh,Sri Lanka
India,Sri Lanka,Sri Lanka,India,5 wickets,Mirpur,1/5/2010,ODI # 2938,2938,Bangladesh,Sri Lanka
Bangladesh,Sri Lanka,Sri Lanka,Bangladesh,9 wickets,Mirpur,1/8/2010,ODI # 2940,2940,Bangladesh,Sri Lanka
India,Sri Lanka,India,Sri Lanka,8 wickets,Mirpur,1/10/2010,ODI # 2941,2941,Bangladesh,Sri Lanka
India,Sri Lanka,Sri Lanka,India,4 wickets,Mirpur,1/13/2010,ODI # 2943,2943,Bangladesh,Sri Lanka
India,Sri Lanka,India,Sri Lanka,7 wickets,Bulawayo,5/30/2010,ODI # 2983,2983,Zimbabwe,Sri Lanka
Zimbabwe,Sri Lanka,Sri Lanka,Zimbabwe,9 wickets,Bulawayo,6/1/2010,ODI # 2985,2985,Zimbabwe,Sri Lanka
India,Sri Lanka,Sri Lanka,India,6 wickets,Harare,6/5/2010,ODI # 2988,2988,Zimbabwe,Sri Lanka
Zimbabwe,Sri Lanka,Zimbabwe,Sri Lanka,8 wickets,Harare,6/7/2010,ODI # 2989,2989,Zimbabwe,Sri Lanka
Zimbabwe,Sri Lanka,Sri Lanka,Zimbabwe,9 wickets,Harare,6/9/2010,ODI # 2990,2990,Zimbabwe,Sri Lanka
Sri Lanka,Pakistan,Sri Lanka,Pakistan,16 runs,Dambulla,6/15/2010,ODI # 2991,2991,Sri Lanka,Sri Lanka
Sri Lanka,Bangladesh,Sri Lanka,Bangladesh,126 runs,Dambulla,6/18/2010,ODI # 2995,2995,Sri Lanka,Sri Lanka
Sri Lanka,India,Sri Lanka,India,7 wickets,Dambulla,6/22/2010,ODI # 2999,2999,Sri Lanka,Sri Lanka
Sri Lanka,India,India,Sri Lanka,81 runs,Dambulla,6/24/2010,ODI # 3001,3001,Sri Lanka,Sri Lanka
Sri Lanka,New Zealand,Sri Lanka,New Zealand,3 wickets,Dambulla,8/13/2010,ODI # 3031,3031,Sri Lanka,Sri Lanka
Sri Lanka,India,India,Sri Lanka,6 wickets,Dambulla,8/16/2010,ODI # 3032,3032,Sri Lanka,Sri Lanka
Sri Lanka,New Zealand,no result,Sri Lanka,,Dambulla,8/19/2010,ODI # 3037,3037,Sri Lanka,Sri Lanka
Sri Lanka,India,Sri Lanka,India,8 wickets,Dambulla,8/22/2010,ODI # 3038,3038,Sri Lanka,Sri Lanka
Sri Lanka,India,Sri Lanka,India,74 runs,Dambulla,8/28/2010,ODI # 3040,3040,Sri Lanka,Sri Lanka
Australia,Sri Lanka,Sri Lanka,Australia,1 wicket,Melbourne,11/3/2010,ODI # 3065,3065,Australia,Sri Lanka
Australia,Sri Lanka,Sri Lanka,Australia,29 runs,Sydney,11/5/2010,ODI # 3066,3066,Australia,Sri Lanka
Australia,Sri Lanka,Australia,Sri Lanka,8 wickets,Brisbane,11/7/2010,ODI # 3068,3068,Australia,Sri Lanka
Sri Lanka,West Indies,no result,Sri Lanka,,Colombo (SSC),1/31/2011,ODI # 3092,3092,Sri Lanka,Sri Lanka
Sri Lanka,West Indies,Sri Lanka,West Indies,8 wickets,Colombo (SSC),2/3/2011,ODI # 3096,3096,Sri Lanka,Sri Lanka
Sri Lanka,West Indies,Sri Lanka,West Indies,26 runs,Colombo (SSC),2/6/2011,ODI # 3099,3099,Sri Lanka,Sri Lanka
Sri Lanka,Canada,Sri Lanka,Canada,210 runs,Hambantota,2/20/2011,ODI # 3102,3102,Sri Lanka,Sri Lanka
Sri Lanka,Pakistan,Pakistan,Sri Lanka,11 runs,Colombo (RPS),2/26/2011,ODI # 3109,3109,Sri Lanka,Sri Lanka
Sri Lanka,Kenya,Sri Lanka,Kenya,9 wickets,Colombo (RPS),3/1/2011,ODI # 3113,3113,Sri Lanka,Sri Lanka
Sri Lanka,Australia,no result,Sri Lanka,,Colombo (RPS),3/5/2011,ODI # 3119,3119,Sri Lanka,Sri Lanka
Sri Lanka,Zimbabwe,Sri Lanka,Zimbabwe,139 runs,Pallekele,3/10/2011,ODI # 3125,3125,Sri Lanka,Sri Lanka
New Zealand,Sri Lanka,Sri Lanka,New Zealand,112 runs,Wankhede,3/18/2011,ODI # 3137,3137,India,Sri Lanka
Sri Lanka,England,Sri Lanka,England,10 wickets,Colombo (RPS),3/26/2011,ODI # 3145,3145,Sri Lanka,Sri Lanka
Sri Lanka,New Zealand,Sri Lanka,New Zealand,5 wickets,Colombo (RPS),3/29/2011,ODI # 3146,3146,Sri Lanka,Sri Lanka
India,Sri Lanka,India,Sri Lanka,6 wickets,Wankhede,4/2/2011,ODI # 3148,3148,India,Sri Lanka
England,Sri Lanka,England,Sri Lanka,110 runs,The Oval,6/28/2011,ODI # 3165,3165,England,Sri Lanka
England,Sri Lanka,Sri Lanka,England,69 runs,Leeds,7/1/2011,ODI # 3167,3167,England,Sri Lanka
England,Sri Lanka,Sri Lanka,England,6 wickets,Lord's,7/3/2011,ODI # 3168,3168,England,Sri Lanka
England,Sri Lanka,England,Sri Lanka,10 wickets,Nottingham,7/6/2011,ODI # 3169,3169,England,Sri Lanka
England,Sri Lanka,England,Sri Lanka,16 runs,Manchester,7/9/2011,ODI # 3170,3170,England,Sri Lanka
Scotland,Sri Lanka,Sri Lanka,Scotland,183 runs,Edinburgh,7/13/2011,ODI # 3172,3172,Scotland,Sri Lanka
Sri Lanka,Australia,Australia,Sri Lanka,7 wickets,Pallekele,8/10/2011,ODI # 3175,3175,Sri Lanka,Sri Lanka
Sri Lanka,Australia,Australia,Sri Lanka,8 wickets,Hambantota,8/14/2011,ODI # 3178,3178,Sri Lanka,Sri Lanka
Sri Lanka,Australia,Sri Lanka,Australia,78 runs,Hambantota,8/16/2011,ODI # 3180,3180,Sri Lanka,Sri Lanka
Sri Lanka,Australia,Australia,Sri Lanka,5 wickets,Colombo (RPS),8/20/2011,ODI # 3182,3182,Sri Lanka,Sri Lanka
Sri Lanka,Australia,Sri Lanka,Australia,4 wickets,Colombo (RPS),8/22/2011,ODI # 3184,3184,Sri Lanka,Sri Lanka
Pakistan,Sri Lanka,Pakistan,Sri Lanka,8 wickets,Dubai (DSC),11/11/2011,ODI # 3212,3212,United Arab Emirates,Sri Lanka
Pakistan,Sri Lanka,Sri Lanka,Pakistan,25 runs,Dubai (DSC),11/14/2011,ODI # 3213,3213,United Arab Emirates,Sri Lanka
Pakistan,Sri Lanka,Pakistan,Sri Lanka,21 runs,Dubai (DSC),11/18/2011,ODI # 3214,3214,United Arab Emirates,Sri Lanka
Pakistan,Sri Lanka,Pakistan,Sri Lanka,26 runs,Sharjah,11/20/2011,ODI # 3215,3215,United Arab Emirates,Sri Lanka
Pakistan,Sri Lanka,Pakistan,Sri Lanka,3 wickets,Abu Dhabi,11/23/2011,ODI # 3216,3216,United Arab Emirates,Sri Lanka
South Africa,Sri Lanka,South Africa,Sri Lanka,258 runs,Paarl,1/11/2012,ODI # 3225,3225,South Africa,Sri Lanka
South Africa,Sri Lanka,South Africa,Sri Lanka,5 wickets,East London,1/14/2012,ODI # 3226,3226,South Africa,Sri Lanka
South Africa,Sri Lanka,South Africa,Sri Lanka,4 runs,Bloemfontein,1/17/2012,ODI # 3227,3227,South Africa,Sri Lanka
South Africa,Sri Lanka,Sri Lanka,South Africa,5 wickets,Kimberley,1/20/2012,ODI # 3228,3228,South Africa,Sri Lanka
South Africa,Sri Lanka,Sri Lanka,South Africa,2 wickets,Johannesburg,1/22/2012,ODI # 3229,3229,South Africa,Sri Lanka
India,Sri Lanka,India,Sri Lanka,4 wickets,Perth,2/8/2012,ODI # 3233,3233,Australia,Sri Lanka
Australia,Sri Lanka,Australia,Sri Lanka,5 runs,Perth,2/10/2012,ODI # 3235,3235,Australia,Sri Lanka
India,Sri Lanka,tied,India,,Adelaide,2/14/2012,ODI # 3239,3239,Australia,Sri Lanka
Australia,Sri Lanka,Sri Lanka,Australia,8 wickets,Sydney,2/17/2012,ODI # 3241,3241,Australia,Sri Lanka
India,Sri Lanka,Sri Lanka,India,51 runs,Brisbane,2/21/2012,ODI # 3246,3246,Australia,Sri Lanka
Australia,Sri Lanka,Sri Lanka,Australia,3 wickets,Hobart,2/24/2012,ODI # 3248,3248,Australia,Sri Lanka
India,Sri Lanka,India,Sri Lanka,7 wickets,Hobart,2/28/2012,ODI # 3251,3251,Australia,Sri Lanka
Australia,Sri Lanka,Sri Lanka,Australia,9 runs,Melbourne,3/2/2012,ODI # 3253,3253,Australia,Sri Lanka
Australia,Sri Lanka,Australia,Sri Lanka,15 runs,Brisbane,3/4/2012,ODI # 3255,3255,Australia,Sri Lanka
Australia,Sri Lanka,Sri Lanka,Australia,8 wickets,Adelaide,3/6/2012,ODI # 3256,3256,Australia,Sri Lanka
Australia,Sri Lanka,Australia,Sri Lanka,16 runs,Adelaide,3/8/2012,ODI # 3257,3257,Australia,Sri Lanka
India,Sri Lanka,India,Sri Lanka,50 runs,Mirpur,3/13/2012,ODI # 3259,3259,Bangladesh,Sri Lanka
Pakistan,Sri Lanka,Pakistan,Sri Lanka,6 wickets,Mirpur,3/15/2012,ODI # 3260,3260,Bangladesh,Sri Lanka
Bangladesh,Sri Lanka,Bangladesh,Sri Lanka,5 wickets,Mirpur,3/20/2012,ODI # 3265,3265,Bangladesh,Sri Lanka
Sri Lanka,Pakistan,Pakistan,Sri Lanka,6 wickets,Pallekele,6/7/2012,ODI # 3272,3272,Sri Lanka,Sri Lanka
Sri Lanka,Pakistan,Sri Lanka,Pakistan,76 runs,Pallekele,6/9/2012,ODI # 3273,3273,Sri Lanka,Sri Lanka
Sri Lanka,Pakistan,no result,Sri Lanka,,Colombo (RPS),6/13/2012,ODI # 3274,3274,Sri Lanka,Sri Lanka
Sri Lanka,Pakistan,Sri Lanka,Pakistan,44 runs,Colombo (RPS),6/16/2012,ODI # 3275,3275,Sri Lanka,Sri Lanka
Sri Lanka,Pakistan,Sri Lanka,Pakistan,2 wickets,Colombo (RPS),6/18/2012,ODI # 3277,3277,Sri Lanka,Sri Lanka
Sri Lanka,India,India,Sri Lanka,21 runs,Hambantota,7/21/2012,ODI # 3291,3291,Sri Lanka,Sri Lanka
Sri Lanka,India,Sri Lanka,India,9 wickets,Hambantota,7/24/2012,ODI # 3292,3292,Sri Lanka,Sri Lanka
Sri Lanka,India,India,Sri Lanka,5 wickets,Colombo (RPS),7/28/2012,ODI # 3293,3293,Sri Lanka,Sri Lanka
Sri Lanka,India,India,Sri Lanka,6 wickets,Colombo (RPS),7/31/2012,ODI # 3294,3294,Sri Lanka,Sri Lanka
Sri Lanka,India,India,Sri Lanka,20 runs,Pallekele,8/4/2012,ODI # 3295,3295,Sri Lanka,Sri Lanka
Sri Lanka,New Zealand,Sri Lanka,New Zealand,14 runs,Pallekele,11/4/2012,ODI # 3305,3305,Sri Lanka,Sri Lanka
Sri Lanka,New Zealand,Sri Lanka,New Zealand,7 wickets,Pallekele,11/6/2012,ODI # 3306,3306,Sri Lanka,Sri Lanka
Sri Lanka,New Zealand,Sri Lanka,New Zealand,7 wickets,Hambantota,11/10/2012,ODI # 3307,3307,Sri Lanka,Sri Lanka
Sri Lanka,New Zealand,no result,Sri Lanka,,Hambantota,11/12/2012,ODI # 3308,3308,Sri Lanka,Sri Lanka
Australia,Sri Lanka,Australia,Sri Lanka,107 runs,Melbourne,1/11/2013,ODI # 3317,3317,Australia,Sri Lanka
Australia,Sri Lanka,Sri Lanka,Australia,8 wickets,Adelaide,1/13/2013,ODI # 3319,3319,Australia,Sri Lanka
Australia,Sri Lanka,Sri Lanka,Australia,4 wickets,Brisbane,1/18/2013,ODI # 3321,3321,Australia,Sri Lanka
Australia,Sri Lanka,no result,Australia,,Sydney,1/20/2013,ODI # 3324,3324,Australia,Sri Lanka
Australia,Sri Lanka,Australia,Sri Lanka,32 runs,Hobart,1/23/2013,ODI # 3326,3326,Australia,Sri Lanka
Sri Lanka,Bangladesh,Sri Lanka,Bangladesh,8 wickets,Hambantota,3/23/2013,ODI # 3349,3349,Sri Lanka,Sri Lanka
Sri Lanka,Bangladesh,no result,Sri Lanka,,Hambantota,3/25/2013,ODI # 3351,3351,Sri Lanka,Sri Lanka
Sri Lanka,Bangladesh,Bangladesh,Sri Lanka,3 wickets,Pallekele,3/28/2013,ODI # 3352,3352,Sri Lanka,Sri Lanka
New Zealand,Sri Lanka,New Zealand,Sri Lanka,1 wicket,Cardiff,6/9/2013,ODI # 3366,3366,Wales,Sri Lanka
England,Sri Lanka,Sri Lanka,England,7 wickets,The Oval,6/13/2013,ODI # 3370,3370,England,Sri Lanka
Australia,Sri Lanka,Sri Lanka,Australia,20 runs,The Oval,6/17/2013,ODI # 3374,3374,England,Sri Lanka
India,Sri Lanka,India,Sri Lanka,8 wickets,Cardiff,6/20/2013,ODI # 3376,3376,Wales,Sri Lanka
West Indies,Sri Lanka,West Indies,Sri Lanka,6 wickets,Kingston,6/28/2013,ODI # 3378,3378,West Indies,Sri Lanka
India,Sri Lanka,Sri Lanka,India,161 runs,Kingston,7/2/2013,ODI # 3382,3382,West Indies,Sri Lanka
West Indies,Sri Lanka,Sri Lanka,West Indies,39 runs,Port of Spain,7/7/2013,ODI # 3385,3385,West Indies,Sri Lanka
India,Sri Lanka,India,Sri Lanka,81 runs,Port of Spain,7/9/2013,ODI # 3387,3387,West Indies,Sri Lanka
India,Sri Lanka,India,Sri Lanka,1 wicket,Port of Spain,7/11/2013,ODI # 3388,3388,West Indies,Sri Lanka
Sri Lanka,South Africa,Sri Lanka,South Africa,180 runs,Colombo (RPS),7/20/2013,ODI # 3392,3392,Sri Lanka,Sri Lanka
Sri Lanka,South Africa,Sri Lanka,South Africa,17 runs,Colombo (RPS),7/23/2013,ODI # 3394,3394,Sri Lanka,Sri Lanka
Sri Lanka,South Africa,South Africa,Sri Lanka,56 runs,Pallekele,7/26/2013,ODI # 3398,3398,Sri Lanka,Sri Lanka
Sri Lanka,South Africa,Sri Lanka,South Africa,8 wickets,Pallekele,7/28/2013,ODI # 3400,3400,Sri Lanka,Sri Lanka
Sri Lanka,South Africa,Sri Lanka,South Africa,128 runs,Colombo (RPS),7/31/2013,ODI # 3401,3401,Sri Lanka,Sri Lanka
Sri Lanka,New Zealand,no result,Sri Lanka,,Hambantota,11/10/2013,ODI # 3432,3432,Sri Lanka,Sri Lanka
Sri Lanka,New Zealand,New Zealand,Sri Lanka,4 wickets,Hambantota,11/12/2013,ODI # 3434,3434,Sri Lanka,Sri Lanka
Sri Lanka,New Zealand,Sri Lanka,New Zealand,36 runs,Dambulla,11/16/2013,ODI # 3435,3435,Sri Lanka,Sri Lanka
Pakistan,Sri Lanka,Pakistan,Sri Lanka,11 runs,Sharjah,12/18/2013,ODI # 3445,3445,United Arab Emirates,Sri Lanka
Pakistan,Sri Lanka,Sri Lanka,Pakistan,2 wickets,Dubai (DSC),12/20/2013,ODI # 3446,3446,United Arab Emirates,Sri Lanka
Pakistan,Sri Lanka,Pakistan,Sri Lanka,113 runs,Sharjah,12/22/2013,ODI # 3447,3447,United Arab Emirates,Sri Lanka
Pakistan,Sri Lanka,Pakistan,Sri Lanka,8 wickets,Abu Dhabi,12/25/2013,ODI # 3448,3448,United Arab Emirates,Sri Lanka
Pakistan,Sri Lanka,Sri Lanka,Pakistan,2 wickets,Abu Dhabi,12/27/2013,ODI # 3450,3450,United Arab Emirates,Sri Lanka
Bangladesh,Sri Lanka,Sri Lanka,Bangladesh,13 runs,Mirpur,2/17/2014,ODI # 3469,3469,Bangladesh,Sri Lanka
Bangladesh,Sri Lanka,Sri Lanka,Bangladesh,61 runs,Mirpur,2/20/2014,ODI # 3470,3470,Bangladesh,Sri Lanka
Bangladesh,Sri Lanka,Sri Lanka,Bangladesh,6 wickets,Mirpur,2/22/2014,ODI # 3471,3471,Bangladesh,Sri Lanka
Pakistan,Sri Lanka,Sri Lanka,Pakistan,12 runs,Fatullah,2/25/2014,ODI # 3473,3473,Bangladesh,Sri Lanka
India,Sri Lanka,Sri Lanka,India,2 wickets,Fatullah,2/28/2014,ODI # 3476,3476,Bangladesh,Sri Lanka
Afghanistan,Sri Lanka,Sri Lanka,Afghanistan,129 runs,Mirpur,3/3/2014,ODI # 3481,3481,Bangladesh,Sri Lanka
Bangladesh,Sri Lanka,Sri Lanka,Bangladesh,3 wickets,Mirpur,3/6/2014,ODI # 3485,3485,Bangladesh,Sri Lanka
Pakistan,Sri Lanka,Sri Lanka,Pakistan,5 wickets,Mirpur,3/8/2014,ODI # 3486,3486,Bangladesh,Sri Lanka
Ireland,Sri Lanka,Sri Lanka,Ireland,79 runs,Dublin,5/6/2014,ODI # 3490,3490,Ireland,Sri Lanka
England,Sri Lanka,England,Sri Lanka,81 runs,The Oval,5/22/2014,ODI # 3492,3492,England,Sri Lanka
England,Sri Lanka,Sri Lanka,England,157 runs,Chester-le-Street,5/25/2014,ODI # 3493,3493,England,Sri Lanka
England,Sri Lanka,England,Sri Lanka,10 wickets,Manchester,5/28/2014,ODI # 3494,3494,England,Sri Lanka
England,Sri Lanka,Sri Lanka,England,7 runs,Lord's,5/31/2014,ODI # 3495,3495,England,Sri Lanka
England,Sri Lanka,Sri Lanka,England,6 wickets,Birmingham,6/3/2014,ODI # 3496,3496,England,Sri Lanka
Sri Lanka,South Africa,South Africa,Sri Lanka,75 runs,Colombo (RPS),7/6/2014,ODI # 3500,3500,Sri Lanka,Sri Lanka
Sri Lanka,South Africa,Sri Lanka,South Africa,87 runs,Pallekele,7/9/2014,ODI # 3501,3501,Sri Lanka,Sri Lanka
Sri Lanka,South Africa,South Africa,Sri Lanka,82 runs,Hambantota,7/12/2014,ODI # 3502,3502,Sri Lanka,Sri Lanka
Sri Lanka,Pakistan,Pakistan,Sri Lanka,4 wickets,Hambantota,8/23/2014,ODI # 3512,3512,Sri Lanka,Sri Lanka
Sri Lanka,Pakistan,Sri Lanka,Pakistan,77 runs,Hambantota,8/26/2014,ODI # 3515,3515,Sri Lanka,Sri Lanka
Sri Lanka,Pakistan,Sri Lanka,Pakistan,7 wickets,Dambulla,8/30/2014,ODI # 3519,3519,Sri Lanka,Sri Lanka
India,Sri Lanka,India,Sri Lanka,169 runs,Cuttack,11/2/2014,ODI # 3539,3539,India,Sri Lanka
India,Sri Lanka,India,Sri Lanka,6 wickets,Ahmedabad,11/6/2014,ODI # 3540,3540,India,Sri Lanka
India,Sri Lanka,India,Sri Lanka,6 wickets,Hyderabad (Deccan),11/9/2014,ODI # 3543,3543,India,Sri Lanka
India,Sri Lanka,India,Sri Lanka,153 runs,Eden Gardens,11/13/2014,ODI # 3544,3544,India,Sri Lanka
India,Sri Lanka,India,Sri Lanka,3 wickets,Ranchi,11/16/2014,ODI # 3547,3547,India,Sri Lanka
Sri Lanka,England,Sri Lanka,England,25 runs,Colombo (RPS),11/26/2014,ODI # 3554,3554,Sri Lanka,Sri Lanka
Sri Lanka,England,Sri Lanka,England,8 wickets,Colombo (RPS),11/29/2014,ODI # 3557,3557,Sri Lanka,Sri Lanka
Sri Lanka,England,England,Sri Lanka,5 wickets,Hambantota,12/3/2014,ODI # 3561,3561,Sri Lanka,Sri Lanka
Sri Lanka,England,Sri Lanka,England,6 wickets,Colombo (RPS),12/7/2014,ODI # 3563,3563,Sri Lanka,Sri Lanka
Sri Lanka,England,England,Sri Lanka,5 wickets,Pallekele,12/10/2014,ODI # 3565,3565,Sri Lanka,Sri Lanka
Sri Lanka,England,Sri Lanka,England,90 runs,Pallekele,12/13/2014,ODI # 3567,3567,Sri Lanka,Sri Lanka
Sri Lanka,England,Sri Lanka,England,87 runs,Colombo (RPS),12/16/2014,ODI # 3569,3569,Sri Lanka,Sri Lanka
New Zealand,Sri Lanka,New Zealand,Sri Lanka,3 wickets,Christchurch,1/11/2015,ODI # 3574,3574,New Zealand,Sri Lanka
New Zealand,Sri Lanka,Sri Lanka,New Zealand,6 wickets,Hamilton,1/15/2015,ODI # 3577,3577,New Zealand,Sri Lanka
New Zealand,Sri Lanka,no result,New Zealand,,Auckland,1/17/2015,ODI # 3580,3580,New Zealand,Sri Lanka
New Zealand,Sri Lanka,New Zealand,Sri Lanka,4 wickets,Nelson,1/20/2015,ODI # 3585,3585,New Zealand,Sri Lanka
New Zealand,Sri Lanka,New Zealand,Sri Lanka,108 runs,Dunedin,1/23/2015,ODI # 3588,3588,New Zealand,Sri Lanka
New Zealand,Sri Lanka,New Zealand,Sri Lanka,120 runs,Dunedin,1/25/2015,ODI # 3590,3590,New Zealand,Sri Lanka
New Zealand,Sri Lanka,Sri Lanka,New Zealand,34 runs,Wellington,1/29/2015,ODI # 3594,3594,New Zealand,Sri Lanka
New Zealand,Sri Lanka,New Zealand,Sri Lanka,98 runs,Christchurch,2/14/2015,ODI # 3599,3599,New Zealand,Sri Lanka
Afghanistan,Sri Lanka,Sri Lanka,Afghanistan,4 wickets,Dunedin,2/22/2015,ODI # 3609,3609,New Zealand,Sri Lanka
Bangladesh,Sri Lanka,Sri Lanka,Bangladesh,92 runs,Melbourne,2/26/2015,ODI # 3615,3615,Australia,Sri Lanka
England,Sri Lanka,Sri Lanka,England,9 wickets,Wellington,3/1/2015,ODI # 3619,3619,New Zealand,Sri Lanka
Australia,Sri Lanka,Australia,Sri Lanka,64 runs,Sydney,3/8/2015,ODI # 3629,3629,Australia,Sri Lanka
Scotland,Sri Lanka,Sri Lanka,Scotland,148 runs,Hobart,3/11/2015,ODI # 3632,3632,Australia,Sri Lanka
South Africa,Sri Lanka,South Africa,Sri Lanka,9 wickets,Sydney,3/18/2015,ODI # 3640,3640,Australia,Sri Lanka
Sri Lanka,Pakistan,Pakistan,Sri Lanka,6 wickets,Dambulla,7/11/2015,ODI # 3664,3664,Sri Lanka,Sri Lanka
Sri Lanka,Pakistan,Sri Lanka,Pakistan,2 wickets,Pallekele,7/15/2015,ODI # 3669,3669,Sri Lanka,Sri Lanka
Sri Lanka,Pakistan,Pakistan,Sri Lanka,135 runs,Colombo (RPS),7/19/2015,ODI # 3670,3670,Sri Lanka,Sri Lanka
Sri Lanka,Pakistan,Pakistan,Sri Lanka,7 wickets,Colombo (RPS),7/22/2015,ODI # 3671,3671,Sri Lanka,Sri Lanka
Sri Lanka,Pakistan,Sri Lanka,Pakistan,165 runs,Hambantota,7/26/2015,ODI # 3672,3672,Sri Lanka,Sri Lanka
Sri Lanka,West Indies,Sri Lanka,West Indies,1 wicket,Colombo (RPS),11/1/2015,ODI # 3701,3701,Sri Lanka,Sri Lanka
Sri Lanka,West Indies,Sri Lanka,West Indies,8 wickets,Colombo (RPS),11/4/2015,ODI # 3702,3702,Sri Lanka,Sri Lanka
Sri Lanka,West Indies,Sri Lanka,West Indies,19 runs,Pallekele,11/7/2015,ODI # 3704,3704,Sri Lanka,Sri Lanka
New Zealand,Sri Lanka,New Zealand,Sri Lanka,7 wickets,Christchurch,12/26/2015,ODI # 3714,3714,New Zealand,Sri Lanka
New Zealand,Sri Lanka,New Zealand,Sri Lanka,10 wickets,Christchurch,12/28/2015,ODI # 3715,3715,New Zealand,Sri Lanka
New Zealand,Sri Lanka,Sri Lanka,New Zealand,8 wickets,Nelson,12/31/2015,ODI # 3717,3717,New Zealand,Sri Lanka
New Zealand,Sri Lanka,no result,New Zealand,,Nelson,1/2/2016,ODI # 3718,3718,New Zealand,Sri Lanka
New Zealand,Sri Lanka,New Zealand,Sri Lanka,36 runs,Mount Maunganui,1/5/2016,ODI # 3721,3721,New Zealand,Sri Lanka
Ireland,Sri Lanka,Sri Lanka,Ireland,76 runs,Dublin (Malahide),6/16/2016,ODI # 3748,3748,Ireland,Sri Lanka
Ireland,Sri Lanka,Sri Lanka,Ireland,136 runs,Dublin (Malahide),6/18/2016,ODI # 3749,3749,Ireland,Sri Lanka
England,Sri Lanka,tied,England,,Nottingham,6/21/2016,ODI # 3751,3751,England,Sri Lanka
England,Sri Lanka,England,Sri Lanka,10 wickets,Birmingham,6/24/2016,ODI # 3753,3753,England,Sri Lanka
England,Sri Lanka,no result,England,,Bristol,6/26/2016,ODI # 3755,3755,England,Sri Lanka
England,Sri Lanka,England,Sri Lanka,6 wickets,The Oval,6/29/2016,ODI # 3757,3757,England,Sri Lanka
England,Sri Lanka,England,Sri Lanka,122 runs,Cardiff,7/2/2016,ODI # 3758,3758,Wales,Sri Lanka
Sri Lanka,Australia,Australia,Sri Lanka,3 wickets,Colombo (RPS),8/21/2016,ODI # 3768,3768,Sri Lanka,Sri Lanka
Sri Lanka,Australia,Sri Lanka,Australia,82 runs,Colombo (RPS),8/24/2016,ODI # 3769,3769,Sri Lanka,Sri Lanka
Sri Lanka,Australia,Australia,Sri Lanka,2 wickets,Dambulla,8/28/2016,ODI # 3772,3772,Sri Lanka,Sri Lanka
Sri Lanka,Australia,Australia,Sri Lanka,6 wickets,Dambulla,8/31/2016,ODI # 3774,3774,Sri Lanka,Sri Lanka
Sri Lanka,Australia,Australia,Sri Lanka,5 wickets,Pallekele,9/4/2016,ODI # 3776,3776,Sri Lanka,Sri Lanka
Zimbabwe,Sri Lanka,Sri Lanka,Zimbabwe,8 wickets,Harare,11/14/2016,ODI # 3804,3804,Zimbabwe,Sri Lanka
Sri Lanka,West Indies,West Indies,Sri Lanka,62 runs,Harare,11/16/2016,ODI # 3805,3805,Zimbabwe,Sri Lanka
Zimbabwe,Sri Lanka,no result,Zimbabwe,,Bulawayo,11/21/2016,ODI # 3807,3807,Zimbabwe,Sri Lanka
Sri Lanka,West Indies,Sri Lanka,West Indies,1 run,Bulawayo,11/23/2016,ODI # 3808,3808,Zimbabwe,Sri Lanka
Zimbabwe,Sri Lanka,Sri Lanka,Zimbabwe,6 wickets,Bulawayo,11/27/2016,ODI # 3810,3810,Zimbabwe,Sri Lanka
South Africa,Sri Lanka,South Africa,Sri Lanka,8 wickets,Gqeberha,1/28/2017,ODI # 3828,3828,South Africa,Sri Lanka
South Africa,Sri Lanka,South Africa,Sri Lanka,121 runs,Durban,2/1/2017,ODI # 3830,3830,South Africa,Sri Lanka
South Africa,Sri Lanka,South Africa,Sri Lanka,7 wickets,Johannesburg,2/4/2017,ODI # 3831,3831,South Africa,Sri Lanka
South Africa,Sri Lanka,South Africa,Sri Lanka,40 runs,Cape Town,2/7/2017,ODI # 3833,3833,South Africa,Sri Lanka
South Africa,Sri Lanka,South Africa,Sri Lanka,88 runs,Centurion,2/10/2017,ODI # 3834,3834,South Africa,Sri Lanka
Sri Lanka,Bangladesh,Bangladesh,Sri Lanka,90 runs,Dambulla,3/25/2017,ODI # 3855,3855,Sri Lanka,Sri Lanka
Sri Lanka,Bangladesh,no result,Sri Lanka,,Dambulla,3/28/2017,ODI # 3856,3856,Sri Lanka,Sri Lanka
Sri Lanka,Bangladesh,Sri Lanka,Bangladesh,70 runs,Colombo (SSC),4/1/2017,ODI # 3858,3858,Sri Lanka,Sri Lanka
South Africa,Sri Lanka,South Africa,Sri Lanka,96 runs,The Oval,6/3/2017,ODI # 3877,3877,England,Sri Lanka
India,Sri Lanka,Sri Lanka,India,7 wickets,The Oval,6/8/2017,ODI # 3882,3882,England,Sri Lanka
Pakistan,Sri Lanka,Pakistan,Sri Lanka,3 wickets,Cardiff,6/12/2017,ODI # 3888,3888,Wales,Sri Lanka
Sri Lanka,Zimbabwe,Zimbabwe,Sri Lanka,6 wickets,Galle,6/30/2017,ODI # 3897,3897,Sri Lanka,Sri Lanka
Sri Lanka,Zimbabwe,Sri Lanka,Zimbabwe,7 wickets,Galle,7/2/2017,ODI # 3899,3899,Sri Lanka,Sri Lanka
Sri Lanka,Zimbabwe,Sri Lanka,Zimbabwe,8 wickets,Hambantota,7/6/2017,ODI # 3901,3901,Sri Lanka,Sri Lanka
Sri Lanka,Zimbabwe,Zimbabwe,Sri Lanka,4 wickets,Hambantota,7/8/2017,ODI # 3903,3903,Sri Lanka,Sri Lanka
Sri Lanka,Zimbabwe,Zimbabwe,Sri Lanka,3 wickets,Hambantota,7/10/2017,ODI # 3904,3904,Sri Lanka,Sri Lanka
Sri Lanka,India,India,Sri Lanka,9 wickets,Dambulla,8/20/2017,ODI # 3905,3905,Sri Lanka,Sri Lanka
Sri Lanka,India,India,Sri Lanka,3 wickets,Pallekele,8/24/2017,ODI # 3906,3906,Sri Lanka,Sri Lanka
Sri Lanka,India,India,Sri Lanka,6 wickets,Pallekele,8/27/2017,ODI # 3907,3907,Sri Lanka,Sri Lanka
Sri Lanka,India,India,Sri Lanka,168 runs,Colombo (RPS),8/31/2017,ODI # 3908,3908,Sri Lanka,Sri Lanka
Sri Lanka,India,India,Sri Lanka,6 wickets,Colombo (RPS),9/3/2017,ODI # 3909,3909,Sri Lanka,Sri Lanka
Pakistan,Sri Lanka,Pakistan,Sri Lanka,83 runs,Dubai (DSC),10/13/2017,ODI # 3922,3922,United Arab Emirates,Sri Lanka
Pakistan,Sri Lanka,Pakistan,Sri Lanka,32 runs,Abu Dhabi,10/16/2017,ODI # 3924,3924,United Arab Emirates,Sri Lanka
Pakistan,Sri Lanka,Pakistan,Sri Lanka,7 wickets,Abu Dhabi,10/18/2017,ODI # 3926,3926,United Arab Emirates,Sri Lanka
Pakistan,Sri Lanka,Pakistan,Sri Lanka,7 wickets,Sharjah,10/20/2017,ODI # 3927,3927,United Arab Emirates,Sri Lanka
Pakistan,Sri Lanka,Pakistan,Sri Lanka,9 wickets,Sharjah,10/23/2017,ODI # 3930,3930,United Arab Emirates,Sri Lanka
India,Sri Lanka,Sri Lanka,India,7 wickets,Dharamsala,12/10/2017,ODI # 3939,3939,India,Sri Lanka
India,Sri Lanka,India,Sri Lanka,141 runs,Mohali,12/13/2017,ODI # 3941,3941,India,Sri Lanka
India,Sri Lanka,India,Sri Lanka,8 wickets,Visakhapatnam,12/17/2017,ODI # 3942,3942,India,Sri Lanka
Sri Lanka,Zimbabwe,Zimbabwe,Sri Lanka,12 runs,Mirpur,1/17/2018,ODI # 3955,3955,Bangladesh,Sri Lanka
Bangladesh,Sri Lanka,Bangladesh,Sri Lanka,163 runs,Mirpur,1/19/2018,ODI # 3959,3959,Bangladesh,Sri Lanka
Sri Lanka,Zimbabwe,Sri Lanka,Zimbabwe,5 wickets,Mirpur,1/21/2018,ODI # 3962,3962,Bangladesh,Sri Lanka
Bangladesh,Sri Lanka,Sri Lanka,Bangladesh,10 wickets,Mirpur,1/25/2018,ODI # 3965,3965,Bangladesh,Sri Lanka
Bangladesh,Sri Lanka,Sri Lanka,Bangladesh,79 runs,Mirpur,1/27/2018,ODI # 3967,3967,Bangladesh,Sri Lanka
Sri Lanka,South Africa,South Africa,Sri Lanka,5 wickets,Dambulla,7/29/2018,ODI # 4025,4025,Sri Lanka,Sri Lanka
Sri Lanka,South Africa,South Africa,Sri Lanka,4 wickets,Dambulla,8/1/2018,ODI # 4027,4027,Sri Lanka,Sri Lanka
Sri Lanka,South Africa,South Africa,Sri Lanka,78 runs,Pallekele,8/5/2018,ODI # 4029,4029,Sri Lanka,Sri Lanka
Sri Lanka,South Africa,Sri Lanka,South Africa,3 runs,Pallekele,8/8/2018,ODI # 4030,4030,Sri Lanka,Sri Lanka
Sri Lanka,South Africa,Sri Lanka,South Africa,178 runs,Colombo (RPS),8/12/2018,ODI # 4031,4031,Sri Lanka,Sri Lanka
Bangladesh,Sri Lanka,Bangladesh,Sri Lanka,137 runs,Dubai (DSC),9/15/2018,ODI # 4036,4036,United Arab Emirates,Sri Lanka
Afghanistan,Sri Lanka,Afghanistan,Sri Lanka,91 runs,Abu Dhabi,9/17/2018,ODI # 4038,4038,United Arab Emirates,Sri Lanka
Sri Lanka,England,no result,Sri Lanka,,Dambulla,10/10/2018,ODI # 4052,4052,Sri Lanka,Sri Lanka
Sri Lanka,England,England,Sri Lanka,31 runs,Dambulla,10/13/2018,ODI # 4053,4053,Sri Lanka,Sri Lanka
Sri Lanka,England,England,Sri Lanka,7 wickets,Pallekele,10/17/2018,ODI # 4054,4054,Sri Lanka,Sri Lanka
Sri Lanka,England,England,Sri Lanka,18 runs,Pallekele,10/20/2018,ODI # 4055,4055,Sri Lanka,Sri Lanka
Sri Lanka,England,Sri Lanka,England,219 runs,Colombo (RPS),10/23/2018,ODI # 4058,4058,Sri Lanka,Sri Lanka
New Zealand,Sri Lanka,New Zealand,Sri Lanka,45 runs,Mount Maunganui,1/3/2019,ODI # 4074,4074,New Zealand,Sri Lanka
New Zealand,Sri Lanka,New Zealand,Sri Lanka,21 runs,Mount Maunganui,1/5/2019,ODI # 4075,4075,New Zealand,Sri Lanka
New Zealand,Sri Lanka,New Zealand,Sri Lanka,115 runs,Nelson,1/8/2019,ODI # 4076,4076,New Zealand,Sri Lanka
South Africa,Sri Lanka,South Africa,Sri Lanka,8 wickets,Johannesburg,3/3/2019,ODI # 4104,4104,South Africa,Sri Lanka
South Africa,Sri Lanka,South Africa,Sri Lanka,113 runs,Centurion,3/6/2019,ODI # 4107,4107,South Africa,Sri Lanka
South Africa,Sri Lanka,South Africa,Sri Lanka,71 runs,Durban,3/10/2019,ODI # 4112,4112,South Africa,Sri Lanka
South Africa,Sri Lanka,South Africa,Sri Lanka,6 wickets,Gqeberha,3/13/2019,ODI # 4114,4114,South Africa,Sri Lanka
South Africa,Sri Lanka,South Africa,Sri Lanka,41 runs,Cape Town,3/16/2019,ODI # 4115,4115,South Africa,Sri Lanka
Scotland,Sri Lanka,Sri Lanka,Scotland,35 runs,Edinburgh,5/21/2019,ODI # 4142,4142,Scotland,Sri Lanka
New Zealand,Sri Lanka,New Zealand,Sri Lanka,10 wickets,Cardiff,6/1/2019,ODI # 4145,4145,Wales,Sri Lanka
Afghanistan,Sri Lanka,Sri Lanka,Afghanistan,34 runs,Cardiff,6/4/2019,ODI # 4149,4149,Wales,Sri Lanka
Australia,Sri Lanka,Australia,Sri Lanka,87 runs,The Oval,6/15/2019,ODI # 4159,4159,England,Sri Lanka
England,Sri Lanka,Sri Lanka,England,20 runs,Leeds,6/21/2019,ODI # 4168,4168,England,Sri Lanka
South Africa,Sri Lanka,South Africa,Sri Lanka,9 wickets,Chester-le-Street,6/28/2019,ODI # 4176,4176,England,Sri Lanka
Sri Lanka,West Indies,Sri Lanka,West Indies,23 runs,Chester-le-Street,7/1/2019,ODI # 4180,4180,England,Sri Lanka
India,Sri Lanka,India,Sri Lanka,7 wickets,Leeds,7/6/2019,ODI # 4187,4187,England,Sri Lanka
Sri Lanka,Bangladesh,Sri Lanka,Bangladesh,91 runs,Colombo (RPS),7/26/2019,ODI # 4193,4193,Sri Lanka,Sri Lanka
Sri Lanka,Bangladesh,Sri Lanka,Bangladesh,7 wickets,Colombo (RPS),7/28/2019,ODI # 4194,4194,Sri Lanka,Sri Lanka
Sri Lanka,Bangladesh,Sri Lanka,Bangladesh,122 runs,Colombo (RPS),7/31/2019,ODI # 4195,4195,Sri Lanka,Sri Lanka
Pakistan,Sri Lanka,Pakistan,Sri Lanka,67 runs,Karachi,9/30/2019,ODI # 4211,4211,Pakistan,Sri Lanka
Pakistan,Sri Lanka,Pakistan,Sri Lanka,5 wickets,Karachi,10/2/2019,ODI # 4212,4212,Pakistan,Sri Lanka
Sri Lanka,West Indies,Sri Lanka,West Indies,1 wicket,Colombo (SSC),2/22/2020,ODI # 4246,4246,Sri Lanka,Sri Lanka
Sri Lanka,West Indies,Sri Lanka,West Indies,161 runs,Hambantota,2/26/2020,ODI # 4247,4247,Sri Lanka,Sri Lanka
Sri Lanka,West Indies,Sri Lanka,West Indies,6 runs,Pallekele,3/1/2020,ODI # 4250,4250,Sri Lanka,Sri Lanka
West Indies,Sri Lanka,West Indies,Sri Lanka,8 wickets,North Sound,3/10/2021,ODI # 4276,4276,West Indies,Sri Lanka
West Indies,Sri Lanka,West Indies,Sri Lanka,5 wickets,North Sound,3/12/2021,ODI # 4277,4277,West Indies,Sri Lanka
West Indies,Sri Lanka,West Indies,Sri Lanka,5 wickets,North Sound,3/14/2021,ODI # 4278,4278,West Indies,Sri Lanka
Bangladesh,Sri Lanka,Bangladesh,Sri Lanka,33 runs,Mirpur,5/23/2021,ODI # 4290,4290,Bangladesh,Sri Lanka
Bangladesh,Sri Lanka,Bangladesh,Sri Lanka,103 runs,Mirpur,5/25/2021,ODI # 4291,4291,Bangladesh,Sri Lanka
Bangladesh,Sri Lanka,Sri Lanka,Bangladesh,97 runs,Mirpur,5/28/2021,ODI # 4292,4292,Bangladesh,Sri Lanka
England,Sri Lanka,England,Sri Lanka,5 wickets,Chester-le-Street,6/29/2021,ODI # 4296,4296,England,Sri Lanka
England,Sri Lanka,England,Sri Lanka,8 wickets,The Oval,7/1/2021,ODI # 4297,4297,England,Sri Lanka
England,Sri Lanka,no result,England,,Bristol,7/4/2021,ODI # 4298,4298,England,Sri Lanka
Sri Lanka,India,India,Sri Lanka,7 wickets,Colombo (RPS),7/18/2021,ODI # 4307,4307,Sri Lanka,Sri Lanka
Sri Lanka,India,India,Sri Lanka,3 wickets,Colombo (RPS),7/20/2021,ODI # 4309,4309,Sri Lanka,Sri Lanka
Sri Lanka,India,Sri Lanka,India,3 wickets,Colombo (RPS),7/23/2021,ODI # 4312,4312,Sri Lanka,Sri Lanka
Sri Lanka,South Africa,Sri Lanka,South Africa,14 runs,Colombo (RPS),9/2/2021,ODI # 4314,4314,Sri Lanka,Sri Lanka
Sri Lanka,South Africa,South Africa,Sri Lanka,67 runs,Colombo (RPS),9/4/2021,ODI # 4315,4315,Sri Lanka,Sri Lanka
Sri Lanka,South Africa,Sri Lanka,South Africa,78 runs,Colombo (RPS),9/7/2021,ODI # 4318,4318,Sri Lanka,Sri Lanka
Sri Lanka,Zimbabwe,Sri Lanka,Zimbabwe,5 wickets,Pallekele,1/16/2022,ODI # 4341,4341,Sri Lanka,Sri Lanka
Sri Lanka,Zimbabwe,Zimbabwe,Sri Lanka,22 runs,Pallekele,1/18/2022,ODI # 4343,4343,Sri Lanka,Sri Lanka
Sri Lanka,Zimbabwe,Sri Lanka,Zimbabwe,184 runs,Pallekele,1/21/2022,ODI # 4347,4347,Sri Lanka,Sri Lanka
Sri Lanka,Australia,Australia,Sri Lanka,2 wickets,Pallekele,6/14/2022,ODI # 4409,4409,Sri Lanka,Sri Lanka
Sri Lanka,Australia,Sri Lanka,Australia,26 runs,Pallekele,6/16/2022,ODI # 4412,4412,Sri Lanka,Sri Lanka
Sri Lanka,Australia,Sri Lanka,Australia,6 wickets,Colombo (RPS),6/19/2022,ODI # 4415,4415,Sri Lanka,Sri Lanka
Sri Lanka,Australia,Sri Lanka,Australia,4 runs,Colombo (RPS),6/21/2022,ODI # 4416,4416,Sri Lanka,Sri Lanka
Sri Lanka,Australia,Australia,Sri Lanka,4 wickets,Colombo (RPS),6/24/2022,ODI # 4418,4418,Sri Lanka,Sri Lanka
Sri Lanka,Afghanistan,Afghanistan,Sri Lanka,60 runs,Pallekele,11/25/2022,ODI # 4485,4485,Sri Lanka,Sri Lanka
Sri Lanka,Afghanistan,no result,Sri Lanka,,Pallekele,11/27/2022,ODI # 4488,4488,Sri Lanka,Sri Lanka
Sri Lanka,Afghanistan,Sri Lanka,Afghanistan,4 wickets,Pallekele,11/30/2022,ODI # 4490,4490,Sri Lanka,Sri Lanka
