Team1,Team2,Winner,Loser,Margin,Ground,Date,Scorecard,MatchCount,Country,India
England,India,England,India,4 wickets,Leeds,7/13/1974,ODI # 12,12,England,India
England,India,England,India,6 wickets,The Oval,7/15/1974,ODI # 13,13,England,India
England,India,England,India,202 runs,Lord's,6/7/1975,ODI # 19,19,England,India
East Africa,India,India,East Africa,10 wickets,Leeds,6/11/1975,ODI # 24,24,England,India
India,New Zealand,New Zealand,India,4 wickets,Manchester,6/14/1975,ODI # 28,28,England,India
New Zealand,India,New Zealand,India,9 wickets,Christchurch,2/21/1976,ODI # 35,35,New Zealand,India
New Zealand,India,New Zealand,India,80 runs,Auckland,2/22/1976,ODI # 36,36,New Zealand,India
Pakistan,India,India,Pakistan,4 runs,Quetta,10/1/1978,ODI # 54,54,Pakistan,India
Pakistan,India,Pakistan,India,8 wickets,Sialkot,10/13/1978,ODI # 55,55,Pakistan,India
Pakistan,India,Pakistan,India,,Sahiwal,11/3/1978,ODI # 56,56,Pakistan,India
India,West Indies,West Indies,India,9 wickets,Birmingham,6/9/1979,ODI # 61,61,England,India
India,New Zealand,New Zealand,India,8 wickets,Leeds,6/13/1979,ODI # 65,65,England,India
India,Sri Lanka,Sri Lanka,India,47 runs,Manchester,6/16/1979,ODI # 68,68,England,India
Australia,India,India,Australia,66 runs,Melbourne,12/6/1980,ODI # 97,97,Australia,India
India,New Zealand,India,New Zealand,5 runs,Perth,12/9/1980,ODI # 99,99,Australia,India
Australia,India,Australia,India,9 wickets,Sydney,12/18/1980,ODI # 100,100,Australia,India
India,New Zealand,New Zealand,India,3 wickets,Brisbane,12/21/1980,ODI # 102,102,Australia,India
India,New Zealand,India,New Zealand,6 runs,Adelaide,12/23/1980,ODI # 103,103,Australia,India
Australia,India,Australia,India,9 wickets,Sydney,1/8/1981,ODI # 104,104,Australia,India
India,New Zealand,New Zealand,India,10 wickets,Melbourne,1/10/1981,ODI # 105,105,Australia,India
Australia,India,Australia,India,7 wickets,Melbourne,1/11/1981,ODI # 106,106,Australia,India
Australia,India,Australia,India,27 runs,Sydney,1/15/1981,ODI # 108,108,Australia,India
India,New Zealand,New Zealand,India,22 runs,Brisbane,1/18/1981,ODI # 109,109,Australia,India
New Zealand,India,New Zealand,India,78 runs,Auckland,2/14/1981,ODI # 116,116,New Zealand,India
New Zealand,India,New Zealand,India,57 runs,Hamilton,2/15/1981,ODI # 117,117,New Zealand,India
India,England,England,India,5 wickets,Ahmedabad,11/25/1981,ODI # 125,125,India,India
India,England,India,England,6 wickets,Jalandhar,12/20/1981,ODI # 131,131,India,India
India,England,India,England,5 wickets,Cuttack,1/27/1982,ODI # 143,143,India,India
England,India,England,India,9 wickets,Leeds,6/2/1982,ODI # 152,152,England,India
England,India,England,India,114 runs,The Oval,6/4/1982,ODI # 153,153,England,India
India,Sri Lanka,India,Sri Lanka,78 runs,Amritsar,9/12/1982,ODI # 156,156,India,India
India,Sri Lanka,India,Sri Lanka,6 wickets,Delhi,9/15/1982,ODI # 157,157,India,India
India,Sri Lanka,India,Sri Lanka,6 wickets,Bengaluru,9/26/1982,ODI # 159,159,India,India
Pakistan,India,Pakistan,India,14 runs,Gujranwala,12/3/1982,ODI # 162,162,Pakistan,India
Pakistan,India,Pakistan,India,37 runs,Multan,12/17/1982,ODI # 163,163,Pakistan,India
Pakistan,India,India,Pakistan,18 runs,Lahore,12/31/1982,ODI # 164,164,Pakistan,India
Pakistan,India,Pakistan,India,8 wickets,Karachi,1/21/1983,ODI # 172,172,Pakistan,India
West Indies,India,West Indies,India,52 runs,Port of Spain,3/9/1983,ODI # 187,187,West Indies,India
West Indies,India,India,West Indies,27 runs,Albion,3/29/1983,ODI # 191,191,West Indies,India
West Indies,India,West Indies,India,7 wickets,St George's,4/7/1983,ODI # 192,192,West Indies,India
India,West Indies,India,West Indies,34 runs,Manchester,6/9/1983,ODI # 200,200,England,India
India,Zimbabwe,India,Zimbabwe,5 wickets,Leicester,6/11/1983,ODI # 204,204,England,India
Australia,India,Australia,India,162 runs,Nottingham,6/13/1983,ODI # 207,207,England,India
India,West Indies,West Indies,India,66 runs,The Oval,6/15/1983,ODI # 210,210,England,India
India,Zimbabwe,India,Zimbabwe,31 runs,Tunbridge Wells,6/18/1983,ODI # 216,216,England,India
Australia,India,India,Australia,118 runs,Chelmsford,6/20/1983,ODI # 219,219,England,India
England,India,India,England,6 wickets,Manchester,6/22/1983,ODI # 221,221,England,India
India,West Indies,India,West Indies,43 runs,Lord's,6/25/1983,ODI # 223,223,England,India
India,Pakistan,India,Pakistan,4 wickets,Hyderabad (Deccan),9/10/1983,ODI # 224,224,India,India
India,Pakistan,India,Pakistan,4 wickets,Jaipur,10/2/1983,ODI # 225,225,India,India
India,West Indies,West Indies,India,28 runs,Srinagar,10/13/1983,ODI # 226,226,India,India
India,West Indies,West Indies,India,4 wickets,Vadodara,11/9/1983,ODI # 227,227,India,India
India,West Indies,West Indies,India,8 wickets,Indore,12/1/1983,ODI # 228,228,India,India
India,West Indies,West Indies,India,104 runs,Jamshedpur,12/7/1983,ODI # 229,229,India,India
India,West Indies,West Indies,India,6 wickets,Guwahati,12/17/1983,ODI # 230,230,India,India
India,Sri Lanka,India,Sri Lanka,10 wickets,Sharjah,4/8/1984,ODI # 260,260,United Arab Emirates,India
India,Pakistan,India,Pakistan,54 runs,Sharjah,4/13/1984,ODI # 261,261,United Arab Emirates,India
India,Australia,Australia,India,48 runs,New Delhi,9/28/1984,ODI # 267,267,India,India
India,Australia,no result,India,,Thiruvananthapuram,10/1/1984,ODI # 268,268,India,India
India,Australia,no result,India,,Jamshedpur,10/3/1984,ODI # 269,269,India,India
India,Australia,Australia,India,7 wickets,Ahmedabad,10/5/1984,ODI # 270,270,India,India
India,Australia,Australia,India,6 wickets,Indore,10/6/1984,ODI # 271,271,India,India
Pakistan,India,Pakistan,India,46 runs,Quetta,10/12/1984,ODI # 272,272,Pakistan,India
Pakistan,India,no result,Pakistan,,Sialkot,10/31/1984,ODI # 273,273,Pakistan,India
India,England,England,India,4 wickets,Pune,12/5/1984,ODI # 279,279,India,India
India,England,England,India,1 run,Cuttack,12/27/1984,ODI # 281,281,India,India
India,England,England,India,3 wickets,Bengaluru,1/20/1985,ODI # 293,293,India,India
India,England,India,England,3 wickets,Nagpur,1/23/1985,ODI # 295,295,India,India
India,England,England,India,7 runs,Chandigarh,1/27/1985,ODI # 298,298,India,India
India,Pakistan,India,Pakistan,6 wickets,Melbourne,2/20/1985,ODI # 309,309,Australia,India
England,India,India,England,86 runs,Sydney,2/26/1985,ODI # 312,312,Australia,India
Australia,India,India,Australia,8 wickets,Melbourne,3/3/1985,ODI # 315,315,Australia,India
India,New Zealand,India,New Zealand,7 wickets,Sydney,3/5/1985,ODI # 316,316,Australia,India
India,Pakistan,India,Pakistan,8 wickets,Melbourne,3/10/1985,ODI # 319,319,Australia,India
India,Pakistan,India,Pakistan,38 runs,Sharjah,3/22/1985,ODI # 321,321,United Arab Emirates,India
Australia,India,India,Australia,3 wickets,Sharjah,3/29/1985,ODI # 325,325,United Arab Emirates,India
Sri Lanka,India,India,Sri Lanka,2 wickets,Colombo (SSC),8/25/1985,ODI # 332,332,Sri Lanka,India
Sri Lanka,India,Sri Lanka,India,14 runs,Colombo (PSS),9/21/1985,ODI # 333,333,Sri Lanka,India
Sri Lanka,India,no result,Sri Lanka,,Colombo (PSS),9/22/1985,ODI # 334,334,Sri Lanka,India
India,Pakistan,Pakistan,India,48 runs,Sharjah,11/17/1985,ODI # 340,340,United Arab Emirates,India
India,West Indies,West Indies,India,8 wickets,Sharjah,11/22/1985,ODI # 341,341,United Arab Emirates,India
India,New Zealand,India,New Zealand,5 wickets,Brisbane,1/11/1986,ODI # 348,348,Australia,India
Australia,India,Australia,India,4 wickets,Brisbane,1/12/1986,ODI # 349,349,Australia,India
Australia,India,India,Australia,8 wickets,Melbourne,1/16/1986,ODI # 351,351,Australia,India
India,New Zealand,New Zealand,India,3 wickets,Perth,1/18/1986,ODI # 352,352,Australia,India
Australia,India,Australia,India,100 runs,Sydney,1/21/1986,ODI # 354,354,Australia,India
India,New Zealand,New Zealand,India,5 wickets,Melbourne,1/23/1986,ODI # 355,355,Australia,India
India,New Zealand,India,New Zealand,5 wickets,Adelaide,1/25/1986,ODI # 356,356,Australia,India
Australia,India,Australia,India,36 runs,Adelaide,1/26/1986,ODI # 357,357,Australia,India
Australia,India,India,Australia,6 wickets,Melbourne,1/31/1986,ODI # 360,360,Australia,India
India,New Zealand,India,New Zealand,22 runs,Launceston,2/2/1986,ODI # 361,361,Australia,India
Australia,India,Australia,India,11 runs,Sydney,2/5/1986,ODI # 362,362,Australia,India
Australia,India,Australia,India,7 wickets,Melbourne,2/9/1986,ODI # 363,363,Australia,India
India,New Zealand,India,New Zealand,3 wickets,Sharjah,4/10/1986,ODI # 381,381,United Arab Emirates,India
India,Sri Lanka,India,Sri Lanka,3 wickets,Sharjah,4/13/1986,ODI # 383,383,United Arab Emirates,India
India,Pakistan,Pakistan,India,1 wicket,Sharjah,4/18/1986,ODI # 385,385,United Arab Emirates,India
England,India,India,England,9 wickets,The Oval,5/24/1986,ODI # 386,386,England,India
England,India,England,India,5 wickets,Manchester,5/26/1986,ODI # 387,387,England,India
India,Australia,India,Australia,7 wickets,Jaipur,9/7/1986,ODI # 390,390,India,India
India,Australia,Australia,India,3 wickets,Srinagar,9/9/1986,ODI # 391,391,India,India
India,Australia,no result,India,,Hyderabad (Deccan),9/24/1986,ODI # 392,392,India,India
India,Australia,India,Australia,3 wickets,Delhi,10/2/1986,ODI # 393,393,India,India
India,Australia,India,Australia,52 runs,Ahmedabad,10/5/1986,ODI # 394,394,India,India
India,Australia,Australia,India,7 wickets,Rajkot,10/7/1986,ODI # 395,395,India,India
India,Sri Lanka,India,Sri Lanka,7 wickets,Sharjah,11/27/1986,ODI # 401,401,United Arab Emirates,India
India,West Indies,West Indies,India,33 runs,Sharjah,11/30/1986,ODI # 403,403,United Arab Emirates,India
India,Pakistan,Pakistan,India,3 wickets,Sharjah,12/5/1986,ODI # 406,406,United Arab Emirates,India
India,Sri Lanka,Sri Lanka,India,117 runs,Kanpur,12/24/1986,ODI # 407,407,India,India
India,Sri Lanka,India,Sri Lanka,8 wickets,Guwahati,1/11/1987,ODI # 415,415,India,India
India,Sri Lanka,India,Sri Lanka,6 wickets,Delhi,1/13/1987,ODI # 416,416,India,India
India,Sri Lanka,India,Sri Lanka,94 runs,Vadodara,1/15/1987,ODI # 417,417,India,India
India,Sri Lanka,India,Sri Lanka,10 runs,Wankhede,1/17/1987,ODI # 419,419,India,India
India,Pakistan,Pakistan,India,3 wickets,Indore,1/27/1987,ODI # 426,426,India,India
India,Pakistan,Pakistan,India,2 wickets,Eden Gardens,2/18/1987,ODI # 434,434,India,India
India,Pakistan,India,Pakistan,,Hyderabad (Deccan),3/20/1987,ODI # 436,436,India,India
India,Pakistan,Pakistan,India,6 wickets,Pune,3/22/1987,ODI # 438,438,India,India
India,Pakistan,Pakistan,India,41 runs,Nagpur,3/24/1987,ODI # 439,439,India,India
India,Pakistan,Pakistan,India,5 wickets,Jamshedpur,3/26/1987,ODI # 440,440,India,India
England,India,India,England,3 wickets,Sharjah,4/2/1987,ODI # 442,442,United Arab Emirates,India
Australia,India,India,Australia,7 wickets,Sharjah,4/5/1987,ODI # 444,444,United Arab Emirates,India
India,Pakistan,Pakistan,India,8 wickets,Sharjah,4/10/1987,ODI # 447,447,United Arab Emirates,India
India,Australia,Australia,India,1 run,Chennai,10/9/1987,ODI # 453,453,India,India
India,New Zealand,India,New Zealand,16 runs,Bengaluru,10/14/1987,ODI # 458,458,India,India
India,Zimbabwe,India,Zimbabwe,8 wickets,Wankhede,10/17/1987,ODI # 461,461,India,India
India,Australia,India,Australia,56 runs,Delhi,10/22/1987,ODI # 465,465,India,India
India,Zimbabwe,India,Zimbabwe,7 wickets,Ahmedabad,10/26/1987,ODI # 469,469,India,India
India,New Zealand,India,New Zealand,9 wickets,Nagpur,10/31/1987,ODI # 474,474,India,India
India,England,England,India,35 runs,Wankhede,11/5/1987,ODI # 476,476,India,India
India,West Indies,West Indies,India,10 runs,Nagpur,12/8/1987,ODI # 481,481,India,India
India,West Indies,West Indies,India,52 runs,Guwahati,12/23/1987,ODI # 482,482,India,India
India,West Indies,India,West Indies,56 runs,Eden Gardens,1/2/1988,ODI # 483,483,India,India
India,West Indies,West Indies,India,6 wickets,Rajkot,1/5/1988,ODI # 487,487,India,India
India,West Indies,West Indies,India,2 runs,Ahmedabad,1/7/1988,ODI # 489,489,India,India
India,West Indies,West Indies,India,4 wickets,Faridabad,1/19/1988,ODI # 497,497,India,India
India,West Indies,West Indies,India,73 runs,Gwalior,1/22/1988,ODI # 500,500,India,India
India,West Indies,West Indies,India,9 wickets,Thiruvananthapuram,1/25/1988,ODI # 502,502,India,India
India,Sri Lanka,India,Sri Lanka,18 runs,Sharjah,3/25/1988,ODI # 512,512,United Arab Emirates,India
India,New Zealand,India,New Zealand,73 runs,Sharjah,3/27/1988,ODI # 513,513,United Arab Emirates,India
India,New Zealand,India,New Zealand,52 runs,Sharjah,4/1/1988,ODI # 517,517,United Arab Emirates,India
India,West Indies,India,West Indies,23 runs,Sharjah,10/16/1988,ODI # 523,523,United Arab Emirates,India
India,Pakistan,Pakistan,India,34 runs,Sharjah,10/19/1988,ODI # 525,525,United Arab Emirates,India
India,West Indies,West Indies,India,8 wickets,Sharjah,10/21/1988,ODI # 526,526,United Arab Emirates,India
Bangladesh,India,India,Bangladesh,9 wickets,Chattogram,10/27/1988,ODI # 529,529,Bangladesh,India
India,Sri Lanka,Sri Lanka,India,17 runs,Dhaka,10/29/1988,ODI # 530,530,Bangladesh,India
India,Pakistan,India,Pakistan,4 wickets,Dhaka,10/31/1988,ODI # 532,532,Bangladesh,India
India,Sri Lanka,India,Sri Lanka,6 wickets,Dhaka,11/4/1988,ODI # 534,534,Bangladesh,India
India,New Zealand,India,New Zealand,4 wickets,Visakhapatnam,12/10/1988,ODI # 536,536,India,India
India,New Zealand,India,New Zealand,5 wickets,Cuttack,12/12/1988,ODI # 538,538,India,India
India,New Zealand,India,New Zealand,53 runs,Indore,12/15/1988,ODI # 541,541,India,India
India,New Zealand,India,New Zealand,2 wickets,Vadodara,12/17/1988,ODI # 543,543,India,India
West Indies,India,West Indies,India,50 runs,Bridgetown,3/7/1989,ODI # 556,556,West Indies,India
West Indies,India,West Indies,India,6 wickets,Port of Spain,3/9/1989,ODI # 558,558,West Indies,India
West Indies,India,West Indies,India,6 wickets,Port of Spain,3/11/1989,ODI # 560,560,West Indies,India
West Indies,India,West Indies,India,8 wickets,St John's,3/18/1989,ODI # 562,562,West Indies,India
West Indies,India,West Indies,India,101 runs,Georgetown,3/21/1989,ODI # 563,563,West Indies,India
India,West Indies,West Indies,India,5 wickets,Sharjah,10/13/1989,ODI # 569,569,United Arab Emirates,India
India,Pakistan,Pakistan,India,6 wickets,Sharjah,10/15/1989,ODI # 572,572,United Arab Emirates,India
India,West Indies,India,West Indies,37 runs,Sharjah,10/16/1989,ODI # 573,573,United Arab Emirates,India
India,Pakistan,Pakistan,India,38 runs,Sharjah,10/20/1989,ODI # 577,577,United Arab Emirates,India
India,Sri Lanka,India,Sri Lanka,6 runs,Ahmedabad,10/22/1989,ODI # 580,580,India,India
India,West Indies,West Indies,India,20 runs,Delhi,10/23/1989,ODI # 582,582,India,India
India,England,India,England,6 wickets,Kanpur,10/25/1989,ODI # 583,583,India,India
India,Australia,India,Australia,3 wickets,Bengaluru,10/27/1989,ODI # 587,587,India,India
India,Pakistan,Pakistan,India,77 runs,Eden Gardens,10/28/1989,ODI # 589,589,India,India
India,West Indies,West Indies,India,8 wickets,Wankhede,10/30/1989,ODI # 591,591,India,India
Pakistan,India,Pakistan,India,7 runs,Gujranwala,12/18/1989,ODI # 593,593,Pakistan,India
Pakistan,India,no result,Pakistan,,Karachi,12/20/1989,ODI # 594,594,Pakistan,India
Pakistan,India,Pakistan,India,38 runs,Lahore,12/22/1989,ODI # 595,595,Pakistan,India
New Zealand,India,New Zealand,India,108 runs,Dunedin,3/1/1990,ODI # 612,612,New Zealand,India
Australia,India,Australia,India,18 runs,Christchurch,3/3/1990,ODI # 613,613,New Zealand,India
New Zealand,India,India,New Zealand,1 run,Wellington,3/6/1990,ODI # 616,616,New Zealand,India
Australia,India,Australia,India,7 wickets,Hamilton,3/8/1990,ODI # 618,618,New Zealand,India
India,Sri Lanka,Sri Lanka,India,3 wickets,Sharjah,4/25/1990,ODI # 623,623,United Arab Emirates,India
India,Pakistan,Pakistan,India,26 runs,Sharjah,4/27/1990,ODI # 625,625,United Arab Emirates,India
England,India,India,England,6 wickets,Leeds,7/18/1990,ODI # 634,634,England,India
England,India,India,England,5 wickets,Nottingham,7/20/1990,ODI # 635,635,England,India
India,Sri Lanka,India,Sri Lanka,19 runs,Nagpur,12/1/1990,ODI # 644,644,India,India
India,Sri Lanka,India,Sri Lanka,6 wickets,Pune,12/5/1990,ODI # 646,646,India,India
India,Sri Lanka,Sri Lanka,India,7 wickets,Margao,12/8/1990,ODI # 648,648,India,India
India,Bangladesh,India,Bangladesh,9 wickets,Chandigarh,12/25/1990,ODI # 657,657,India,India
India,Sri Lanka,Sri Lanka,India,36 runs,Cuttack,12/28/1990,ODI # 658,658,India,India
India,Sri Lanka,India,Sri Lanka,7 wickets,Eden Gardens,1/4/1991,ODI # 661,661,India,India
India,Pakistan,India,Pakistan,60 runs,Sharjah,10/18/1991,ODI # 680,680,United Arab Emirates,India
India,West Indies,India,West Indies,19 runs,Sharjah,10/19/1991,ODI # 681,681,United Arab Emirates,India
India,West Indies,India,West Indies,7 wickets,Sharjah,10/22/1991,ODI # 683,683,United Arab Emirates,India
India,Pakistan,Pakistan,India,4 runs,Sharjah,10/23/1991,ODI # 684,684,United Arab Emirates,India
India,Pakistan,Pakistan,India,72 runs,Sharjah,10/25/1991,ODI # 685,685,United Arab Emirates,India
India,South Africa,India,South Africa,3 wickets,Eden Gardens,11/10/1991,ODI # 686,686,India,India
India,South Africa,India,South Africa,38 runs,Gwalior,11/12/1991,ODI # 687,687,India,India
India,South Africa,South Africa,India,8 wickets,New Delhi,11/14/1991,ODI # 688,688,India,India
India,West Indies,tied,India,,Perth,12/6/1991,ODI # 692,692,Australia,India
Australia,India,India,Australia,107 runs,Perth,12/8/1991,ODI # 693,693,Australia,India
Australia,India,Australia,India,8 wickets,Hobart,12/10/1991,ODI # 694,694,Australia,India
India,West Indies,India,West Indies,10 runs,Adelaide,12/14/1991,ODI # 696,696,Australia,India
Australia,India,Australia,India,6 wickets,Adelaide,12/15/1991,ODI # 697,697,Australia,India
India,West Indies,West Indies,India,6 wickets,Brisbane,1/11/1992,ODI # 702,702,Australia,India
Australia,India,Australia,India,9 wickets,Sydney,1/14/1992,ODI # 705,705,Australia,India
India,West Indies,India,West Indies,5 wickets,Melbourne,1/16/1992,ODI # 707,707,Australia,India
Australia,India,Australia,India,88 runs,Melbourne,1/18/1992,ODI # 709,709,Australia,India
Australia,India,Australia,India,6 runs,Sydney,1/20/1992,ODI # 711,711,Australia,India
England,India,England,India,9 runs,Perth,2/22/1992,ODI # 715,715,Australia,India
India,Sri Lanka,no result,India,,Mackay,2/28/1992,ODI # 722,722,Australia,India
Australia,India,Australia,India,1 run,Brisbane,3/1/1992,ODI # 725,725,Australia,India
India,Pakistan,India,Pakistan,43 runs,Sydney,3/4/1992,ODI # 729,729,Australia,India
India,Zimbabwe,India,Zimbabwe,55 runs,Hamilton,3/7/1992,ODI # 732,732,New Zealand,India
India,West Indies,West Indies,India,5 wickets,Wellington,3/10/1992,ODI # 737,737,New Zealand,India
New Zealand,India,New Zealand,India,4 wickets,Dunedin,3/12/1992,ODI # 740,740,New Zealand,India
India,South Africa,South Africa,India,6 wickets,Adelaide,3/15/1992,ODI # 745,745,Australia,India
Zimbabwe,India,India,Zimbabwe,30 runs,Harare,10/25/1992,ODI # 764,764,Zimbabwe,India
South Africa,India,South Africa,India,6 wickets,Cape Town,12/7/1992,ODI # 770,770,South Africa,India
South Africa,India,South Africa,India,6 wickets,Gqeberha,12/9/1992,ODI # 772,772,South Africa,India
South Africa,India,India,South Africa,4 wickets,Centurion,12/11/1992,ODI # 774,774,South Africa,India
South Africa,India,South Africa,India,6 wickets,Johannesburg,12/13/1992,ODI # 779,779,South Africa,India
South Africa,India,South Africa,India,8 wickets,Bloemfontein,12/15/1992,ODI # 781,781,South Africa,India
South Africa,India,South Africa,India,39 runs,Durban,12/17/1992,ODI # 783,783,South Africa,India
South Africa,India,India,South Africa,5 wickets,East London,12/19/1992,ODI # 784,784,South Africa,India
India,England,England,India,4 wickets,Jaipur,1/18/1993,ODI # 794,794,India,India
India,England,India,England,5 wickets,Chandigarh,1/21/1993,ODI # 795,795,India,India
India,England,England,India,48 runs,Bengaluru,2/26/1993,ODI # 809,809,India,India
India,England,England,India,6 wickets,Jamshedpur,3/1/1993,ODI # 811,811,India,India
India,England,India,England,3 wickets,Gwalior,3/4/1993,ODI # 813,813,India,India
India,England,India,England,4 wickets,Gwalior,3/5/1993,ODI # 814,814,India,India
India,Zimbabwe,India,Zimbabwe,67 runs,Faridabad,3/19/1993,ODI # 817,817,India,India
India,Zimbabwe,India,Zimbabwe,7 wickets,Guwahati,3/22/1993,ODI # 820,820,India,India
India,Zimbabwe,India,Zimbabwe,8 wickets,Pune,3/25/1993,ODI # 823,823,India,India
Sri Lanka,India,India,Sri Lanka,1 run,Colombo (RPS),7/25/1993,ODI # 833,833,Sri Lanka,India
Sri Lanka,India,Sri Lanka,India,8 runs,Colombo (RPS),8/12/1993,ODI # 834,834,Sri Lanka,India
Sri Lanka,India,Sri Lanka,India,4 wickets,Moratuwa,8/14/1993,ODI # 835,835,Sri Lanka,India
India,Sri Lanka,India,Sri Lanka,7 wickets,Kanpur,11/7/1993,ODI # 846,846,India,India
India,West Indies,West Indies,India,69 runs,Ahmedabad,11/16/1993,ODI # 851,851,India,India
India,Zimbabwe,tied,India,,Indore,11/18/1993,ODI # 852,852,India,India
India,South Africa,India,South Africa,43 runs,Mohali,11/22/1993,ODI # 855,855,India,India
India,South Africa,India,South Africa,2 runs,Eden Gardens,11/24/1993,ODI # 856,856,India,India
India,West Indies,India,West Indies,102 runs,Eden Gardens,11/27/1993,ODI # 858,858,India,India
India,Sri Lanka,India,Sri Lanka,8 runs,Rajkot,2/15/1994,ODI # 879,879,India,India
India,Sri Lanka,India,Sri Lanka,7 wickets,Hyderabad (Deccan),2/18/1994,ODI # 881,881,India,India
India,Sri Lanka,Sri Lanka,India,4 wickets,Jalandhar,2/20/1994,ODI # 883,883,India,India
New Zealand,India,New Zealand,India,28 runs,Napier,3/25/1994,ODI # 896,896,New Zealand,India
New Zealand,India,India,New Zealand,7 wickets,Auckland,3/27/1994,ODI # 897,897,New Zealand,India
New Zealand,India,India,New Zealand,12 runs,Wellington,3/30/1994,ODI # 898,898,New Zealand,India
New Zealand,India,New Zealand,India,6 wickets,Christchurch,4/2/1994,ODI # 899,899,New Zealand,India
U.A.E.,India,India,U.A.E.,71 runs,Sharjah,4/13/1994,ODI # 904,904,United Arab Emirates,India
India,Pakistan,Pakistan,India,6 wickets,Sharjah,4/15/1994,ODI # 906,906,United Arab Emirates,India
Australia,India,India,Australia,7 wickets,Sharjah,4/19/1994,ODI # 910,910,United Arab Emirates,India
India,Pakistan,Pakistan,India,39 runs,Sharjah,4/22/1994,ODI # 912,912,United Arab Emirates,India
Sri Lanka,India,no result,Sri Lanka,,Colombo (RPS),9/4/1994,ODI # 921,921,Sri Lanka,India
Sri Lanka,India,Sri Lanka,India,7 wickets,Colombo (RPS),9/5/1994,ODI # 922,922,Sri Lanka,India
Australia,India,India,Australia,31 runs,Colombo (RPS),9/9/1994,ODI # 924,924,Sri Lanka,India
Sri Lanka,India,India,Sri Lanka,6 wickets,Colombo (SSC),9/17/1994,ODI # 927,927,Sri Lanka,India
India,West Indies,West Indies,India,96 runs,Faridabad,10/17/1994,ODI # 931,931,India,India
India,West Indies,India,West Indies,8 runs,Wankhede,10/20/1994,ODI # 933,933,India,India
India,West Indies,India,West Indies,4 wickets,Chennai,10/23/1994,ODI # 936,936,India,India
India,New Zealand,India,New Zealand,7 wickets,Vadodara,10/28/1994,ODI # 939,939,India,India
India,West Indies,West Indies,India,46 runs,Kanpur,10/30/1994,ODI # 941,941,India,India
India,New Zealand,India,New Zealand,107 runs,Delhi,11/3/1994,ODI # 944,944,India,India
India,West Indies,India,West Indies,72 runs,Eden Gardens,11/5/1994,ODI # 947,947,India,India
India,West Indies,India,West Indies,4 runs,Visakhapatnam,11/7/1994,ODI # 949,949,India,India
India,West Indies,India,West Indies,8 wickets,Cuttack,11/9/1994,ODI # 950,950,India,India
India,West Indies,India,West Indies,5 runs,Jaipur,11/11/1994,ODI # 951,951,India,India
New Zealand,India,New Zealand,India,4 wickets,Napier,2/16/1995,ODI # 976,976,New Zealand,India
India,South Africa,South Africa,India,14 runs,Hamilton,2/18/1995,ODI # 977,977,New Zealand,India
Australia,India,India,Australia,5 wickets,Dunedin,2/22/1995,ODI # 979,979,New Zealand,India
Bangladesh,India,India,Bangladesh,9 wickets,Sharjah,4/5/1995,ODI # 993,993,United Arab Emirates,India
India,Pakistan,Pakistan,India,97 runs,Sharjah,4/7/1995,ODI # 995,995,United Arab Emirates,India
India,Sri Lanka,India,Sri Lanka,8 wickets,Sharjah,4/9/1995,ODI # 997,997,United Arab Emirates,India
India,Sri Lanka,India,Sri Lanka,8 wickets,Sharjah,4/14/1995,ODI # 999,999,United Arab Emirates,India
India,New Zealand,New Zealand,India,8 wickets,Jamshedpur,11/15/1995,ODI # 1015,1015,India,India
India,New Zealand,India,New Zealand,6 wickets,Amritsar,11/18/1995,ODI # 1016,1016,India,India
India,New Zealand,India,New Zealand,5 wickets,Pune,11/24/1995,ODI # 1017,1017,India,India
India,New Zealand,New Zealand,India,99 runs,Nagpur,11/26/1995,ODI # 1018,1018,India,India
India,New Zealand,India,New Zealand,6 wickets,Brabourne,11/29/1995,ODI # 1019,1019,India,India
India,Kenya,India,Kenya,7 wickets,Cuttack,2/18/1996,ODI # 1052,1052,India,India
India,West Indies,India,West Indies,5 wickets,Gwalior,2/21/1996,ODI # 1056,1056,India,India
India,Australia,Australia,India,16 runs,Wankhede,2/27/1996,ODI # 1065,1065,India,India
India,Sri Lanka,Sri Lanka,India,6 wickets,Delhi,3/2/1996,ODI # 1070,1070,India,India
India,Zimbabwe,India,Zimbabwe,40 runs,Kanpur,3/6/1996,ODI # 1075,1075,India,India
India,Pakistan,India,Pakistan,39 runs,Bengaluru,3/9/1996,ODI # 1078,1078,India,India
India,Sri Lanka,Sri Lanka,India,,Eden Gardens,3/13/1996,ODI # 1081,1081,India,India
India,Sri Lanka,India,Sri Lanka,12 runs,Singapore,4/3/1996,ODI # 1089,1089,Singapore,India
India,Pakistan,Pakistan,India,8 wickets,Singapore,4/5/1996,ODI # 1091,1091,Singapore,India
India,Pakistan,Pakistan,India,38 runs,Sharjah,4/12/1996,ODI # 1094,1094,United Arab Emirates,India
India,South Africa,South Africa,India,80 runs,Sharjah,4/14/1996,ODI # 1097,1097,United Arab Emirates,India
India,Pakistan,India,Pakistan,28 runs,Sharjah,4/15/1996,ODI # 1098,1098,United Arab Emirates,India
India,South Africa,South Africa,India,5 wickets,Sharjah,4/17/1996,ODI # 1100,1100,United Arab Emirates,India
India,South Africa,South Africa,India,38 runs,Sharjah,4/19/1996,ODI # 1101,1101,United Arab Emirates,India
England,India,no result,England,,The Oval,5/23/1996,ODI # 1102,1102,England,India
England,India,England,India,6 wickets,Leeds,5/25/1996,ODI # 1103,1103,England,India
England,India,England,India,4 wickets,Manchester,5/26/1996,ODI # 1104,1104,England,India
Sri Lanka,India,Sri Lanka,India,9 wickets,Colombo (RPS),8/28/1996,ODI # 1106,1106,Sri Lanka,India
India,Zimbabwe,India,Zimbabwe,7 wickets,Colombo (SSC),9/1/1996,ODI # 1110,1110,Sri Lanka,India
Australia,India,Australia,India,3 wickets,Colombo (SSC),9/6/1996,ODI # 1113,1113,Sri Lanka,India
India,Pakistan,India,Pakistan,8 wickets,Toronto,9/16/1996,ODI # 1115,1115,Canada,India
India,Pakistan,Pakistan,India,2 wickets,Toronto,9/17/1996,ODI # 1116,1116,Canada,India
India,Pakistan,India,Pakistan,55 runs,Toronto,9/18/1996,ODI # 1117,1117,Canada,India
India,Pakistan,Pakistan,India,97 runs,Toronto,9/21/1996,ODI # 1118,1118,Canada,India
India,Pakistan,Pakistan,India,52 runs,Toronto,9/23/1996,ODI # 1119,1119,Canada,India
India,South Africa,South Africa,India,47 runs,Hyderabad (Deccan),10/17/1996,ODI # 1127,1127,India,India
India,Australia,India,Australia,2 wickets,Bengaluru,10/21/1996,ODI # 1129,1129,India,India
India,South Africa,South Africa,India,27 runs,Jaipur,10/23/1996,ODI # 1130,1130,India,India
India,South Africa,South Africa,India,5 wickets,Rajkot,10/29/1996,ODI # 1132,1132,India,India
India,Australia,India,Australia,5 runs,Mohali,11/3/1996,ODI # 1137,1137,India,India
India,South Africa,India,South Africa,35 runs,Wankhede,11/6/1996,ODI # 1138,1138,India,India
India,South Africa,India,South Africa,74 runs,Wankhede,12/14/1996,ODI # 1151,1151,India,India
South Africa,India,South Africa,India,39 runs,Bloemfontein,1/23/1997,ODI # 1167,1167,South Africa,India
India,Zimbabwe,tied,India,,Paarl,1/27/1997,ODI # 1169,1169,South Africa,India
South Africa,India,South Africa,India,6 wickets,Gqeberha,2/2/1997,ODI # 1172,1172,South Africa,India
South Africa,India,South Africa,India,6 wickets,East London,2/4/1997,ODI # 1173,1173,South Africa,India
India,Zimbabwe,Zimbabwe,India,3 wickets,Centurion,2/7/1997,ODI # 1174,1174,South Africa,India
India,Zimbabwe,India,Zimbabwe,6 wickets,Benoni,2/9/1997,ODI # 1175,1175,South Africa,India
South Africa,India,no result,South Africa,,Durban,2/12/1997,ODI # 1176,1176,South Africa,India
South Africa,India,South Africa,India,17 runs,Durban,2/13/1997,ODI # 1177,1177,South Africa,India
Zimbabwe,India,Zimbabwe,India,8 wickets,Bulawayo,2/15/1997,ODI # 1178,1178,Zimbabwe,India
West Indies,India,West Indies,India,8 wickets,Port of Spain,4/26/1997,ODI # 1200,1200,West Indies,India
West Indies,India,India,West Indies,10 wickets,Port of Spain,4/27/1997,ODI # 1201,1201,West Indies,India
West Indies,India,West Indies,India,18 runs,Kingstown,4/30/1997,ODI # 1202,1202,West Indies,India
West Indies,India,West Indies,India,10 wickets,Bridgetown,5/3/1997,ODI # 1203,1203,West Indies,India
India,New Zealand,India,New Zealand,8 wickets,Bengaluru,5/14/1997,ODI # 1206,1206,India,India
India,Sri Lanka,Sri Lanka,India,5 wickets,Wankhede,5/17/1997,ODI # 1207,1207,India,India
India,Pakistan,Pakistan,India,35 runs,Chennai,5/21/1997,ODI # 1209,1209,India,India
Sri Lanka,India,Sri Lanka,India,6 wickets,Colombo (RPS),7/18/1997,ODI # 1218,1218,Sri Lanka,India
India,Pakistan,no result,India,,Colombo (SSC),7/20/1997,ODI # 1219,1219,Sri Lanka,India
Bangladesh,India,India,Bangladesh,9 wickets,Colombo (SSC),7/24/1997,ODI # 1221,1221,Sri Lanka,India
Sri Lanka,India,Sri Lanka,India,8 wickets,Colombo (RPS),7/26/1997,ODI # 1222,1222,Sri Lanka,India
Sri Lanka,India,Sri Lanka,India,2 runs,Colombo (RPS),8/17/1997,ODI # 1223,1223,Sri Lanka,India
Sri Lanka,India,Sri Lanka,India,7 wickets,Colombo (RPS),8/20/1997,ODI # 1224,1224,Sri Lanka,India
Sri Lanka,India,no result,Sri Lanka,,Colombo (SSC),8/23/1997,ODI # 1225,1225,Sri Lanka,India
Sri Lanka,India,Sri Lanka,India,9 runs,Colombo (SSC),8/24/1997,ODI # 1226,1226,Sri Lanka,India
India,Pakistan,India,Pakistan,20 runs,Toronto,9/13/1997,ODI # 1227,1227,Canada,India
India,Pakistan,India,Pakistan,7 wickets,Toronto,9/14/1997,ODI # 1228,1228,Canada,India
India,Pakistan,no result,India,,Toronto,9/17/1997,ODI # 1229,1229,Canada,India
India,Pakistan,India,Pakistan,34 runs,Toronto,9/18/1997,ODI # 1230,1230,Canada,India
India,Pakistan,India,Pakistan,7 wickets,Toronto,9/20/1997,ODI # 1231,1231,Canada,India
India,Pakistan,Pakistan,India,5 wickets,Toronto,9/21/1997,ODI # 1232,1232,Canada,India
Pakistan,India,Pakistan,India,5 wickets,Hyderabad (Sind),9/28/1997,ODI # 1233,1233,India,India
Pakistan,India,India,Pakistan,4 wickets,Karachi,9/30/1997,ODI # 1234,1234,Pakistan,India
Pakistan,India,Pakistan,India,9 wickets,Lahore,10/2/1997,ODI # 1236,1236,Pakistan,India
England,India,England,India,7 runs,Sharjah,12/11/1997,ODI # 1259,1259,United Arab Emirates,India
India,Pakistan,Pakistan,India,4 wickets,Sharjah,12/14/1997,ODI # 1262,1262,United Arab Emirates,India
India,West Indies,West Indies,India,41 runs,Sharjah,12/16/1997,ODI # 1264,1264,United Arab Emirates,India
India,Sri Lanka,India,Sri Lanka,7 wickets,Guwahati,12/22/1997,ODI # 1267,1267,India,India
India,Sri Lanka,no result,India,,Indore,12/25/1997,ODI # 1268,1268,India,India
India,Sri Lanka,Sri Lanka,India,5 wickets,Margao,12/28/1997,ODI # 1269,1269,India,India
Bangladesh,India,India,Bangladesh,4 wickets,Dhaka,1/10/1998,ODI # 1271,1271,Bangladesh,India
India,Pakistan,India,Pakistan,18 runs,Dhaka,1/11/1998,ODI # 1273,1273,Bangladesh,India
India,Pakistan,India,Pakistan,8 wickets,Dhaka,1/14/1998,ODI # 1276,1276,Bangladesh,India
India,Pakistan,Pakistan,India,6 wickets,Dhaka,1/16/1998,ODI # 1277,1277,Bangladesh,India
India,Pakistan,India,Pakistan,3 wickets,Dhaka,1/18/1998,ODI # 1279,1279,Bangladesh,India
India,Australia,India,Australia,41 runs,Kochi,4/1/1998,ODI # 1300,1300,India,India
India,Zimbabwe,India,Zimbabwe,13 runs,Vadodara,4/5/1998,ODI # 1305,1305,India,India
India,Australia,India,Australia,6 wickets,Kanpur,4/7/1998,ODI # 1308,1308,India,India
India,Zimbabwe,India,Zimbabwe,32 runs,Cuttack,4/9/1998,ODI # 1311,1311,India,India
India,Australia,Australia,India,4 wickets,Delhi,4/14/1998,ODI # 1316,1316,India,India
India,New Zealand,India,New Zealand,15 runs,Sharjah,4/17/1998,ODI # 1319,1319,United Arab Emirates,India
Australia,India,Australia,India,58 runs,Sharjah,4/19/1998,ODI # 1322,1322,United Arab Emirates,India
India,New Zealand,New Zealand,India,4 wickets,Sharjah,4/20/1998,ODI # 1323,1323,United Arab Emirates,India
Australia,India,Australia,India,26 runs,Sharjah,4/22/1998,ODI # 1325,1325,United Arab Emirates,India
Australia,India,India,Australia,6 wickets,Sharjah,4/24/1998,ODI # 1327,1327,United Arab Emirates,India
India,Bangladesh,India,Bangladesh,5 wickets,Mohali,5/14/1998,ODI # 1328,1328,India,India
India,Kenya,India,Kenya,4 wickets,Bengaluru,5/20/1998,ODI # 1330,1330,India,India
India,Bangladesh,India,Bangladesh,5 wickets,Wankhede,5/25/1998,ODI # 1335,1335,India,India
India,Kenya,Kenya,India,69 runs,Gwalior,5/28/1998,ODI # 1336,1336,India,India
India,Kenya,India,Kenya,9 wickets,Eden Gardens,5/31/1998,ODI # 1337,1337,India,India
Sri Lanka,India,India,Sri Lanka,8 wickets,Colombo (RPS),6/19/1998,ODI # 1338,1338,Sri Lanka,India
India,New Zealand,no result,India,,Colombo (RPS),6/23/1998,ODI # 1340,1340,Sri Lanka,India
Sri Lanka,India,Sri Lanka,India,8 runs,Colombo (SSC),7/1/1998,ODI # 1341,1341,Sri Lanka,India
India,New Zealand,no result,India,,Colombo (SSC),7/3/1998,ODI # 1342,1342,Sri Lanka,India
Sri Lanka,India,India,Sri Lanka,6 runs,Colombo (RPS),7/7/1998,ODI # 1344,1344,Sri Lanka,India
India,Pakistan,India,Pakistan,6 wickets,Toronto,9/12/1998,ODI # 1349,1349,Canada,India
India,Pakistan,Pakistan,India,51 runs,Toronto,9/13/1998,ODI # 1350,1350,Canada,India
India,Pakistan,Pakistan,India,77 runs,Toronto,9/16/1998,ODI # 1351,1351,Canada,India
India,Pakistan,Pakistan,India,134 runs,Toronto,9/19/1998,ODI # 1352,1352,Canada,India
India,Pakistan,Pakistan,India,5 wickets,Toronto,9/20/1998,ODI # 1353,1353,Canada,India
Zimbabwe,India,India,Zimbabwe,8 wickets,Bulawayo,9/26/1998,ODI # 1354,1354,Zimbabwe,India
Zimbabwe,India,India,Zimbabwe,8 wickets,Bulawayo,9/27/1998,ODI # 1355,1355,Zimbabwe,India
Zimbabwe,India,Zimbabwe,India,37 runs,Harare,9/30/1998,ODI # 1356,1356,Zimbabwe,India
Australia,India,India,Australia,44 runs,Dhaka,10/28/1998,ODI # 1360,1360,Bangladesh,India
India,West Indies,West Indies,India,6 wickets,Dhaka,10/31/1998,ODI # 1363,1363,Bangladesh,India
India,Sri Lanka,India,Sri Lanka,3 wickets,Sharjah,11/6/1998,ODI # 1366,1366,United Arab Emirates,India
India,Zimbabwe,India,Zimbabwe,7 wickets,Sharjah,11/8/1998,ODI # 1369,1369,United Arab Emirates,India
India,Sri Lanka,India,Sri Lanka,81 runs,Sharjah,11/9/1998,ODI # 1370,1370,United Arab Emirates,India
India,Zimbabwe,Zimbabwe,India,13 runs,Sharjah,11/11/1998,ODI # 1373,1373,United Arab Emirates,India
India,Zimbabwe,India,Zimbabwe,10 wickets,Sharjah,11/13/1998,ODI # 1374,1374,United Arab Emirates,India
New Zealand,India,New Zealand,India,5 wickets,Taupo,1/9/1999,ODI # 1378,1378,New Zealand,India
New Zealand,India,India,New Zealand,2 wickets,Napier,1/12/1999,ODI # 1381,1381,New Zealand,India
New Zealand,India,no result,New Zealand,,Wellington,1/14/1999,ODI # 1383,1383,New Zealand,India
New Zealand,India,India,New Zealand,5 wickets,Auckland,1/16/1999,ODI # 1385,1385,New Zealand,India
New Zealand,India,New Zealand,India,70 runs,Christchurch,1/19/1999,ODI # 1387,1387,New Zealand,India
India,Sri Lanka,India,Sri Lanka,80 runs,Nagpur,3/22/1999,ODI # 1415,1415,India,India
India,Pakistan,Pakistan,India,143 runs,Jaipur,3/24/1999,ODI # 1417,1417,India,India
India,Sri Lanka,India,Sri Lanka,51 runs,Pune,3/30/1999,ODI # 1426,1426,India,India
India,Pakistan,Pakistan,India,7 wickets,Mohali,4/1/1999,ODI # 1427,1427,India,India
India,Pakistan,Pakistan,India,123 runs,Bengaluru,4/4/1999,ODI # 1428,1428,India,India
India,Pakistan,Pakistan,India,116 runs,Sharjah,4/8/1999,ODI # 1430,1430,United Arab Emirates,India
England,India,India,England,20 runs,Sharjah,4/9/1999,ODI # 1431,1431,United Arab Emirates,India
England,India,India,England,9 runs,Sharjah,4/11/1999,ODI # 1432,1432,United Arab Emirates,India
India,Pakistan,India,Pakistan,6 wickets,Sharjah,4/13/1999,ODI # 1435,1435,United Arab Emirates,India
India,Pakistan,Pakistan,India,8 wickets,Sharjah,4/16/1999,ODI # 1437,1437,United Arab Emirates,India
India,South Africa,South Africa,India,4 wickets,Hove,5/15/1999,ODI # 1444,1444,England,India
India,Zimbabwe,Zimbabwe,India,3 runs,Leicester,5/19/1999,ODI # 1450,1450,England,India
India,Kenya,India,Kenya,94 runs,Bristol,5/23/1999,ODI # 1457,1457,England,India
India,Sri Lanka,India,Sri Lanka,157 runs,Taunton,5/26/1999,ODI # 1463,1463,England,India
England,India,India,England,63 runs,Birmingham,5/29/1999,ODI # 1467,1467,England,India
Australia,India,Australia,India,77 runs,The Oval,6/4/1999,ODI # 1473,1473,England,India
India,Pakistan,India,Pakistan,47 runs,Manchester,6/8/1999,ODI # 1476,1476,England,India
India,New Zealand,New Zealand,India,5 wickets,Nottingham,6/12/1999,ODI # 1480,1480,England,India
Australia,India,Australia,India,8 wickets,Galle,8/23/1999,ODI # 1486,1486,Sri Lanka,India
Sri Lanka,India,Sri Lanka,India,7 wickets,Colombo (RPS),8/25/1999,ODI # 1487,1487,Sri Lanka,India
Australia,India,Australia,India,41 runs,Colombo (SSC),8/28/1999,ODI # 1489,1489,Sri Lanka,India
Sri Lanka,India,India,Sri Lanka,23 runs,Colombo (SSC),8/29/1999,ODI # 1490,1490,Sri Lanka,India
India,Zimbabwe,India,Zimbabwe,115 runs,Singapore,9/4/1999,ODI # 1493,1493,Singapore,India
India,West Indies,West Indies,India,42 runs,Singapore,9/5/1999,ODI # 1494,1494,Singapore,India
India,West Indies,no result,India,,Singapore,9/7/1999,ODI # 1495,1495,Singapore,India
India,West Indies,West Indies,India,4 wickets,Singapore,9/8/1999,ODI # 1496,1496,Singapore,India
India,West Indies,India,West Indies,8 wickets,Toronto,9/11/1999,ODI # 1497,1497,Canada,India
India,West Indies,West Indies,India,70 runs,Toronto,9/12/1999,ODI # 1498,1498,Canada,India
India,West Indies,India,West Indies,88 runs,Toronto,9/14/1999,ODI # 1499,1499,Canada,India
India,South Africa,India,South Africa,8 wickets,Nairobi (Gym),9/26/1999,ODI # 1504,1504,Kenya,India
Kenya,India,India,Kenya,58 runs,Nairobi (Gym),9/29/1999,ODI # 1506,1506,Kenya,India
India,Zimbabwe,India,Zimbabwe,107 runs,Nairobi (Gym),10/1/1999,ODI # 1508,1508,Kenya,India
India,South Africa,South Africa,India,26 runs,Nairobi (Gym),10/3/1999,ODI # 1509,1509,Kenya,India
India,New Zealand,New Zealand,India,43 runs,Rajkot,11/5/1999,ODI # 1522,1522,India,India
India,New Zealand,India,New Zealand,174 runs,Hyderabad (Deccan),11/8/1999,ODI # 1523,1523,India,India
India,New Zealand,India,New Zealand,14 runs,Gwalior,11/11/1999,ODI # 1524,1524,India,India
India,New Zealand,New Zealand,India,48 runs,Guwahati,11/14/1999,ODI # 1525,1525,India,India
India,New Zealand,India,New Zealand,7 wickets,Delhi,11/17/1999,ODI # 1526,1526,India,India
India,Pakistan,Pakistan,India,2 wickets,Brisbane,1/10/2000,ODI # 1537,1537,Australia,India
Australia,India,Australia,India,28 runs,Melbourne,1/12/2000,ODI # 1539,1539,Australia,India
Australia,India,Australia,India,5 wickets,Sydney,1/14/2000,ODI # 1540,1540,Australia,India
India,Pakistan,Pakistan,India,32 runs,Hobart,1/21/2000,ODI # 1543,1543,Australia,India
India,Pakistan,India,Pakistan,48 runs,Adelaide,1/25/2000,ODI # 1547,1547,Australia,India
Australia,India,Australia,India,152 runs,Adelaide,1/26/2000,ODI # 1548,1548,Australia,India
India,Pakistan,Pakistan,India,104 runs,Perth,1/28/2000,ODI # 1550,1550,Australia,India
Australia,India,Australia,India,4 wickets,Perth,1/30/2000,ODI # 1552,1552,Australia,India
India,South Africa,India,South Africa,3 wickets,Kochi,3/9/2000,ODI # 1572,1572,India,India
India,South Africa,India,South Africa,6 wickets,Jamshedpur,3/12/2000,ODI # 1573,1573,India,India
India,South Africa,South Africa,India,2 wickets,Faridabad,3/15/2000,ODI # 1574,1574,India,India
India,South Africa,India,South Africa,4 wickets,Vadodara,3/17/2000,ODI # 1575,1575,India,India
India,South Africa,South Africa,India,10 runs,Nagpur,3/19/2000,ODI # 1576,1576,India,India
India,South Africa,South Africa,India,10 wickets,Sharjah,3/22/2000,ODI # 1577,1577,United Arab Emirates,India
India,Pakistan,India,Pakistan,5 wickets,Sharjah,3/23/2000,ODI # 1578,1578,United Arab Emirates,India
India,Pakistan,Pakistan,India,98 runs,Sharjah,3/26/2000,ODI # 1580,1580,United Arab Emirates,India
India,South Africa,South Africa,India,6 wickets,Sharjah,3/27/2000,ODI # 1581,1581,United Arab Emirates,India
Bangladesh,India,India,Bangladesh,8 wickets,Dhaka,5/30/2000,ODI # 1597,1597,Bangladesh,India
India,Sri Lanka,Sri Lanka,India,71 runs,Dhaka,6/1/2000,ODI # 1598,1598,Bangladesh,India
India,Pakistan,Pakistan,India,44 runs,Dhaka,6/3/2000,ODI # 1600,1600,Bangladesh,India
Kenya,India,India,Kenya,8 wickets,Nairobi (Gym),10/3/2000,ODI # 1630,1630,Kenya,India
Australia,India,India,Australia,20 runs,Nairobi (Gym),10/7/2000,ODI # 1633,1633,Kenya,India
India,South Africa,India,South Africa,95 runs,Nairobi (Gym),10/13/2000,ODI # 1638,1638,Kenya,India
India,New Zealand,New Zealand,India,4 wickets,Nairobi (Gym),10/15/2000,ODI # 1639,1639,Kenya,India
India,Sri Lanka,Sri Lanka,India,5 wickets,Sharjah,10/20/2000,ODI # 1640,1640,United Arab Emirates,India
India,Zimbabwe,India,Zimbabwe,13 runs,Sharjah,10/22/2000,ODI # 1644,1644,United Arab Emirates,India
India,Zimbabwe,India,Zimbabwe,3 wickets,Sharjah,10/26/2000,ODI # 1648,1648,United Arab Emirates,India
India,Sri Lanka,Sri Lanka,India,68 runs,Sharjah,10/27/2000,ODI # 1650,1650,United Arab Emirates,India
India,Sri Lanka,Sri Lanka,India,245 runs,Sharjah,10/29/2000,ODI # 1652,1652,United Arab Emirates,India
India,Zimbabwe,India,Zimbabwe,3 wickets,Cuttack,12/2/2000,ODI # 1656,1656,India,India
India,Zimbabwe,India,Zimbabwe,61 runs,Ahmedabad,12/5/2000,ODI # 1657,1657,India,India
India,Zimbabwe,Zimbabwe,India,1 wicket,Jodhpur,12/8/2000,ODI # 1658,1658,India,India
India,Zimbabwe,India,Zimbabwe,9 wickets,Kanpur,12/11/2000,ODI # 1659,1659,India,India
India,Zimbabwe,India,Zimbabwe,39 runs,Rajkot,12/14/2000,ODI # 1660,1660,India,India
India,Australia,India,Australia,60 runs,Bengaluru,3/25/2001,ODI # 1696,1696,India,India
India,Australia,Australia,India,8 wickets,Pune,3/28/2001,ODI # 1698,1698,India,India
India,Australia,India,Australia,118 runs,Indore,3/31/2001,ODI # 1699,1699,India,India
India,Australia,Australia,India,93 runs,Visakhapatnam,4/3/2001,ODI # 1700,1700,India,India
India,Australia,Australia,India,4 wickets,Margao,4/6/2001,ODI # 1701,1701,India,India
Zimbabwe,India,India,Zimbabwe,9 wickets,Harare,6/24/2001,ODI # 1729,1729,Zimbabwe,India
Zimbabwe,India,India,Zimbabwe,4 wickets,Bulawayo,6/27/2001,ODI # 1730,1730,Zimbabwe,India
India,West Indies,India,West Indies,6 wickets,Bulawayo,6/30/2001,ODI # 1731,1731,Zimbabwe,India
India,West Indies,India,West Indies,6 wickets,Harare,7/4/2001,ODI # 1733,1733,Zimbabwe,India
India,West Indies,West Indies,India,16 runs,Harare,7/7/2001,ODI # 1734,1734,Zimbabwe,India
India,New Zealand,New Zealand,India,84 runs,Colombo (RPS),7/20/2001,ODI # 1736,1736,Sri Lanka,India
Sri Lanka,India,Sri Lanka,India,6 runs,Colombo (RPS),7/22/2001,ODI # 1737,1737,Sri Lanka,India
India,New Zealand,New Zealand,India,67 runs,Colombo (RPS),7/26/2001,ODI # 1739,1739,Sri Lanka,India
Sri Lanka,India,India,Sri Lanka,7 wickets,Colombo (RPS),7/28/2001,ODI # 1740,1740,Sri Lanka,India
Sri Lanka,India,India,Sri Lanka,46 runs,Colombo (SSC),8/1/2001,ODI # 1742,1742,Sri Lanka,India
India,New Zealand,India,New Zealand,7 wickets,Colombo (SSC),8/2/2001,ODI # 1743,1743,Sri Lanka,India
Sri Lanka,India,Sri Lanka,India,121 runs,Colombo (RPS),8/5/2001,ODI # 1744,1744,Sri Lanka,India
South Africa,India,South Africa,India,6 wickets,Johannesburg,10/5/2001,ODI # 1752,1752,South Africa,India
South Africa,India,India,South Africa,41 runs,Centurion,10/10/2001,ODI # 1757,1757,South Africa,India
India,Kenya,India,Kenya,10 wickets,Bloemfontein,10/12/2001,ODI # 1758,1758,South Africa,India
India,Kenya,Kenya,India,70 runs,Gqeberha,10/17/2001,ODI # 1761,1761,South Africa,India
South Africa,India,South Africa,India,46 runs,East London,10/19/2001,ODI # 1762,1762,South Africa,India
India,Kenya,India,Kenya,186 runs,Paarl,10/24/2001,ODI # 1764,1764,South Africa,India
South Africa,India,South Africa,India,6 wickets,Durban,10/26/2001,ODI # 1766,1766,South Africa,India
India,England,India,England,22 runs,Eden Gardens,1/19/2002,ODI # 1788,1788,India,India
India,England,England,India,16 runs,Cuttack,1/22/2002,ODI # 1792,1792,India,India
India,England,India,England,4 wickets,Chennai,1/25/2002,ODI # 1795,1795,India,India
India,England,India,England,8 wickets,Kanpur,1/28/2002,ODI # 1798,1798,India,India
India,England,England,India,2 runs,Delhi,1/31/2002,ODI # 1800,1800,India,India
India,England,England,India,5 runs,Wankhede,2/3/2002,ODI # 1803,1803,India,India
India,Zimbabwe,Zimbabwe,India,1 wicket,Faridabad,3/7/2002,ODI # 1814,1814,India,India
India,Zimbabwe,India,Zimbabwe,64 runs,Mohali,3/10/2002,ODI # 1815,1815,India,India
India,Zimbabwe,Zimbabwe,India,6 wickets,Kochi,3/13/2002,ODI # 1816,1816,India,India
India,Zimbabwe,India,Zimbabwe,5 wickets,Hyderabad (Deccan),3/16/2002,ODI # 1817,1817,India,India
India,Zimbabwe,India,Zimbabwe,101 runs,Guwahati,3/19/2002,ODI # 1818,1818,India,India
West Indies,India,India,West Indies,7 wickets,Bridgetown,5/29/2002,ODI # 1836,1836,West Indies,India
West Indies,India,West Indies,India,7 wickets,Port of Spain,6/1/2002,ODI # 1837,1837,West Indies,India
West Indies,India,India,West Indies,56 runs,Port of Spain,6/2/2002,ODI # 1838,1838,West Indies,India
England,India,India,England,6 wickets,Lord's,6/29/2002,ODI # 1848,1848,England,India
India,Sri Lanka,India,Sri Lanka,4 wickets,The Oval,6/30/2002,ODI # 1849,1849,England,India
England,India,no result,England,,Chester-le-Street,7/4/2002,ODI # 1851,1851,England,India
India,Sri Lanka,India,Sri Lanka,4 wickets,Birmingham,7/6/2002,ODI # 1852,1852,England,India
England,India,England,India,64 runs,The Oval,7/9/2002,ODI # 1854,1854,England,India
India,Sri Lanka,India,Sri Lanka,63 runs,Bristol,7/11/2002,ODI # 1855,1855,England,India
England,India,India,England,2 wickets,Lord's,7/13/2002,ODI # 1856,1856,England,India
India,Zimbabwe,India,Zimbabwe,14 runs,Colombo (RPS),9/14/2002,ODI # 1876,1876,Sri Lanka,India
England,India,India,England,8 wickets,Colombo (RPS),9/22/2002,ODI # 1884,1884,Sri Lanka,India
India,South Africa,India,South Africa,10 runs,Colombo (RPS),9/25/2002,ODI # 1886,1886,Sri Lanka,India
Sri Lanka,India,no result,Sri Lanka,,Colombo (RPS),9/29/2002,ODI # 1888,1888,Sri Lanka,India
Sri Lanka,India,no result,Sri Lanka,,Colombo (RPS),9/30/2002,ODI # 1889,1889,Sri Lanka,India
India,West Indies,West Indies,India,4 wickets,Jamshedpur,11/6/2002,ODI # 1893,1893,India,India
India,West Indies,West Indies,India,7 wickets,Nagpur,11/9/2002,ODI # 1894,1894,India,India
India,West Indies,India,West Indies,81 runs,Rajkot,11/12/2002,ODI # 1895,1895,India,India
India,West Indies,India,West Indies,5 wickets,Ahmedabad,11/15/2002,ODI # 1896,1896,India,India
India,West Indies,West Indies,India,5 wickets,Vadodara,11/18/2002,ODI # 1897,1897,India,India
India,West Indies,India,West Indies,3 wickets,Jodhpur,11/21/2002,ODI # 1898,1898,India,India
India,West Indies,West Indies,India,135 runs,Vijayawada,11/24/2002,ODI # 1900,1900,India,India
New Zealand,India,New Zealand,India,3 wickets,Auckland,12/26/2002,ODI # 1926,1926,New Zealand,India
New Zealand,India,New Zealand,India,35 runs,Napier,12/29/2002,ODI # 1927,1927,New Zealand,India
New Zealand,India,New Zealand,India,5 wickets,Christchurch,1/1/2003,ODI # 1928,1928,New Zealand,India
New Zealand,India,New Zealand,India,7 wickets,Queenstown,1/4/2003,ODI # 1929,1929,New Zealand,India
New Zealand,India,India,New Zealand,2 wickets,Wellington,1/8/2003,ODI # 1930,1930,New Zealand,India
New Zealand,India,India,New Zealand,1 wicket,Auckland,1/11/2003,ODI # 1933,1933,New Zealand,India
New Zealand,India,New Zealand,India,6 wickets,Hamilton,1/14/2003,ODI # 1935,1935,New Zealand,India
India,Netherlands,India,Netherlands,68 runs,Paarl,2/12/2003,ODI # 1948,1948,South Africa,India
Australia,India,Australia,India,9 wickets,Centurion,2/15/2003,ODI # 1951,1951,South Africa,India
Zimbabwe,India,India,Zimbabwe,83 runs,Harare,2/19/2003,ODI # 1957,1957,Zimbabwe,India
India,Namibia,India,Namibia,181 runs,Pietermaritzburg,2/23/2003,ODI # 1964,1964,South Africa,India
England,India,India,England,82 runs,Durban,2/26/2003,ODI # 1969,1969,South Africa,India
India,Pakistan,India,Pakistan,6 wickets,Centurion,3/1/2003,ODI # 1975,1975,South Africa,India
India,Kenya,India,Kenya,6 wickets,Cape Town,3/7/2003,ODI # 1983,1983,South Africa,India
India,Sri Lanka,India,Sri Lanka,183 runs,Johannesburg,3/10/2003,ODI # 1985,1985,South Africa,India
India,New Zealand,India,New Zealand,7 wickets,Centurion,3/14/2003,ODI # 1988,1988,South Africa,India
India,Kenya,India,Kenya,91 runs,Durban,3/20/2003,ODI # 1992,1992,South Africa,India
Australia,India,Australia,India,125 runs,Johannesburg,3/23/2003,ODI # 1993,1993,South Africa,India
Bangladesh,India,India,Bangladesh,200 runs,Dhaka,4/11/2003,ODI # 2001,2001,Bangladesh,India
India,South Africa,India,South Africa,153 runs,Dhaka,4/13/2003,ODI # 2002,2002,Bangladesh,India
Bangladesh,India,India,Bangladesh,4 wickets,Dhaka,4/16/2003,ODI # 2004,2004,Bangladesh,India
India,South Africa,South Africa,India,5 wickets,Dhaka,4/18/2003,ODI # 2006,2006,Bangladesh,India
India,South Africa,no result,India,,Dhaka,4/21/2003,ODI # 2007,2007,Bangladesh,India
India,New Zealand,no result,India,,Chennai,10/23/2003,ODI # 2051,2051,India,India
India,Australia,India,Australia,37 runs,Gwalior,10/26/2003,ODI # 2052,2052,India,India
India,Australia,Australia,India,77 runs,Wankhede,11/1/2003,ODI # 2054,2054,India,India
India,New Zealand,New Zealand,India,4 wickets,Cuttack,11/6/2003,ODI # 2056,2056,India,India
India,Australia,Australia,India,61 runs,Bengaluru,11/12/2003,ODI # 2061,2061,India,India
India,New Zealand,India,New Zealand,145 runs,Hyderabad (Deccan),11/15/2003,ODI # 2062,2062,India,India
India,Australia,Australia,India,37 runs,Eden Gardens,11/18/2003,ODI # 2064,2064,India,India
Australia,India,Australia,India,18 runs,Melbourne,1/9/2004,ODI # 2077,2077,Australia,India
India,Zimbabwe,India,Zimbabwe,7 wickets,Hobart,1/14/2004,ODI # 2080,2080,Australia,India
Australia,India,India,Australia,19 runs,Brisbane,1/18/2004,ODI # 2084,2084,Australia,India
India,Zimbabwe,India,Zimbabwe,24 runs,Brisbane,1/20/2004,ODI # 2085,2085,Australia,India
Australia,India,Australia,India,2 wickets,Sydney,1/22/2004,ODI # 2086,2086,Australia,India
India,Zimbabwe,India,Zimbabwe,3 runs,Adelaide,1/24/2004,ODI # 2087,2087,Australia,India
Australia,India,Australia,India,5 wickets,Perth,2/1/2004,ODI # 2093,2093,Australia,India
India,Zimbabwe,India,Zimbabwe,4 wickets,Perth,2/3/2004,ODI # 2095,2095,Australia,India
Australia,India,Australia,India,7 wickets,Melbourne,2/6/2004,ODI # 2097,2097,Australia,India
Australia,India,Australia,India,208 runs,Sydney,2/8/2004,ODI # 2098,2098,Australia,India
Pakistan,India,India,Pakistan,5 runs,Karachi,3/13/2004,ODI # 2112,2112,Pakistan,India
Pakistan,India,Pakistan,India,12 runs,Rawalpindi,3/16/2004,ODI # 2114,2114,Pakistan,India
Pakistan,India,Pakistan,India,4 wickets,Peshawar,3/19/2004,ODI # 2115,2115,Pakistan,India
Pakistan,India,India,Pakistan,5 wickets,Lahore,3/21/2004,ODI # 2116,2116,Pakistan,India
Pakistan,India,India,Pakistan,40 runs,Lahore,3/24/2004,ODI # 2117,2117,Pakistan,India
India,U.A.E.,India,U.A.E.,116 runs,Dambulla,7/16/2004,ODI # 2144,2144,Sri Lanka,India
Sri Lanka,India,Sri Lanka,India,12 runs,Dambulla,7/18/2004,ODI # 2148,2148,Sri Lanka,India
Bangladesh,India,India,Bangladesh,8 wickets,Colombo (SSC),7/21/2004,ODI # 2149,2149,Sri Lanka,India
India,Pakistan,Pakistan,India,59 runs,Colombo (RPS),7/25/2004,ODI # 2152,2152,Sri Lanka,India
Sri Lanka,India,India,Sri Lanka,4 runs,Colombo (RPS),7/27/2004,ODI # 2153,2153,Sri Lanka,India
Sri Lanka,India,Sri Lanka,India,25 runs,Colombo (RPS),8/1/2004,ODI # 2155,2155,Sri Lanka,India
India,Pakistan,Pakistan,India,66 runs,Amstelveen,8/21/2004,ODI # 2157,2157,Netherlands,India
Australia,India,no result,Australia,,Amstelveen,8/23/2004,ODI # 2159,2159,Netherlands,India
England,India,England,India,7 wickets,Nottingham,9/1/2004,ODI # 2164,2164,England,India
England,India,England,India,70 runs,The Oval,9/3/2004,ODI # 2165,2165,England,India
England,India,India,England,23 runs,Lord's,9/5/2004,ODI # 2167,2167,England,India
India,Kenya,India,Kenya,98 runs,Southampton,9/11/2004,ODI # 2170,2170,England,India
India,Pakistan,Pakistan,India,3 wickets,Birmingham,9/19/2004,ODI # 2179,2179,England,India
India,Pakistan,Pakistan,India,6 wickets,Eden Gardens,11/13/2004,ODI # 2192,2192,India,India
Bangladesh,India,India,Bangladesh,11 runs,Chattogram,12/23/2004,ODI # 2199,2199,Bangladesh,India
Bangladesh,India,Bangladesh,India,15 runs,Dhaka,12/26/2004,ODI # 2201,2201,Bangladesh,India
Bangladesh,India,India,Bangladesh,91 runs,Dhaka,12/27/2004,ODI # 2202,2202,Bangladesh,India
India,Pakistan,India,Pakistan,87 runs,Kochi,4/2/2005,ODI # 2235,2235,India,India
India,Pakistan,India,Pakistan,58 runs,Visakhapatnam,4/5/2005,ODI # 2236,2236,India,India
India,Pakistan,Pakistan,India,106 runs,Jamshedpur,4/9/2005,ODI # 2237,2237,India,India
India,Pakistan,Pakistan,India,3 wickets,Ahmedabad,4/12/2005,ODI # 2238,2238,India,India
India,Pakistan,Pakistan,India,5 wickets,Kanpur,4/15/2005,ODI # 2239,2239,India,India
India,Pakistan,Pakistan,India,159 runs,Delhi,4/17/2005,ODI # 2240,2240,India,India
Sri Lanka,India,Sri Lanka,India,3 wickets,Dambulla,7/30/2005,ODI # 2262,2262,Sri Lanka,India
India,West Indies,India,West Indies,6 wickets,Dambulla,7/31/2005,ODI # 2263,2263,Sri Lanka,India
Sri Lanka,India,Sri Lanka,India,4 wickets,Dambulla,8/3/2005,ODI # 2265,2265,Sri Lanka,India
India,West Indies,India,West Indies,7 runs,Colombo (RPS),8/7/2005,ODI # 2267,2267,Sri Lanka,India
Sri Lanka,India,Sri Lanka,India,18 runs,Colombo (RPS),8/9/2005,ODI # 2268,2268,Sri Lanka,India
India,New Zealand,New Zealand,India,51 runs,Bulawayo,8/26/2005,ODI # 2273,2273,Zimbabwe,India
Zimbabwe,India,India,Zimbabwe,161 runs,Harare,8/29/2005,ODI # 2274,2274,Zimbabwe,India
India,New Zealand,India,New Zealand,6 wickets,Harare,9/2/2005,ODI # 2278,2278,Zimbabwe,India
Zimbabwe,India,India,Zimbabwe,4 wickets,Harare,9/4/2005,ODI # 2280,2280,Zimbabwe,India
India,New Zealand,New Zealand,India,6 wickets,Harare,9/6/2005,ODI # 2281,2281,Zimbabwe,India
India,Sri Lanka,India,Sri Lanka,152 runs,Nagpur,10/25/2005,ODI # 2286,2286,India,India
India,Sri Lanka,India,Sri Lanka,8 wickets,Mohali,10/28/2005,ODI # 2287,2287,India,India
India,Sri Lanka,India,Sri Lanka,6 wickets,Jaipur,10/31/2005,ODI # 2290,2290,India,India
India,Sri Lanka,India,Sri Lanka,4 wickets,Pune,11/3/2005,ODI # 2291,2291,India,India
India,Sri Lanka,Sri Lanka,India,5 wickets,Ahmedabad,11/6/2005,ODI # 2294,2294,India,India
India,Sri Lanka,India,Sri Lanka,7 wickets,Rajkot,11/9/2005,ODI # 2295,2295,India,India
India,Sri Lanka,India,Sri Lanka,5 wickets,Vadodara,11/12/2005,ODI # 2296,2296,India,India
India,South Africa,South Africa,India,5 wickets,Hyderabad (Deccan),11/16/2005,ODI # 2297,2297,India,India
India,South Africa,India,South Africa,6 wickets,Bengaluru,11/19/2005,ODI # 2298,2298,India,India
India,South Africa,South Africa,India,10 wickets,Eden Gardens,11/25/2005,ODI # 2299,2299,India,India
India,South Africa,India,South Africa,5 wickets,Wankhede,11/28/2005,ODI # 2300,2300,India,India
Pakistan,India,Pakistan,India,7 runs,Peshawar,2/6/2006,ODI # 2324,2324,Pakistan,India
Pakistan,India,India,Pakistan,7 wickets,Rawalpindi,2/11/2006,ODI # 2327,2327,Pakistan,India
Pakistan,India,India,Pakistan,5 wickets,Lahore,2/13/2006,ODI # 2329,2329,Pakistan,India
Pakistan,India,India,Pakistan,5 wickets,Multan,2/16/2006,ODI # 2331,2331,Pakistan,India
Pakistan,India,India,Pakistan,8 wickets,Karachi,2/19/2006,ODI # 2333,2333,Pakistan,India
India,England,India,England,39 runs,Delhi,3/28/2006,ODI # 2357,2357,India,India
India,England,India,England,4 wickets,Faridabad,3/31/2006,ODI # 2358,2358,India,India
India,England,India,England,49 runs,Margao,4/3/2006,ODI # 2359,2359,India,India
India,England,India,England,4 wickets,Kochi,4/6/2006,ODI # 2360,2360,India,India
India,England,England,India,5 wickets,Jamshedpur,4/12/2006,ODI # 2361,2361,India,India
India,England,India,England,7 wickets,Indore,4/15/2006,ODI # 2362,2362,India,India
India,Pakistan,Pakistan,India,6 wickets,Abu Dhabi,4/18/2006,ODI # 2363,2363,United Arab Emirates,India
India,Pakistan,India,Pakistan,51 runs,Abu Dhabi,4/19/2006,ODI # 2364,2364,United Arab Emirates,India
West Indies,India,India,West Indies,5 wickets,Kingston,5/18/2006,ODI # 2377,2377,West Indies,India
West Indies,India,West Indies,India,1 run,Kingston,5/20/2006,ODI # 2379,2379,West Indies,India
West Indies,India,West Indies,India,4 wickets,Basseterre,5/23/2006,ODI # 2380,2380,West Indies,India
West Indies,India,West Indies,India,6 wickets,Port of Spain,5/26/2006,ODI # 2381,2381,West Indies,India
West Indies,India,West Indies,India,19 runs,Port of Spain,5/28/2006,ODI # 2382,2382,West Indies,India
Sri Lanka,India,no result,Sri Lanka,,Colombo (SSC),8/18/2006,ODI # 2405,2405,Sri Lanka,India
India,West Indies,West Indies,India,29 runs,Kuala Lumpur,9/14/2006,ODI # 2414,2414,Indonesia,India
Australia,India,no result,Australia,,Kuala Lumpur,9/16/2006,ODI # 2416,2416,Indonesia,India
India,West Indies,India,West Indies,16 runs,Kuala Lumpur,9/20/2006,ODI # 2419,2419,Indonesia,India
Australia,India,Australia,India,18 runs,Kuala Lumpur,9/22/2006,ODI # 2421,2421,Indonesia,India
India,England,India,England,4 wickets,Jaipur,10/15/2006,ODI # 2429,2429,India,India
India,West Indies,West Indies,India,3 wickets,Ahmedabad,10/26/2006,ODI # 2437,2437,India,India
India,Australia,Australia,India,6 wickets,Mohali,10/29/2006,ODI # 2440,2440,India,India
South Africa,India,South Africa,India,157 runs,Durban,11/22/2006,ODI # 2447,2447,South Africa,India
South Africa,India,South Africa,India,106 runs,Cape Town,11/26/2006,ODI # 2449,2449,South Africa,India
South Africa,India,South Africa,India,80 runs,Gqeberha,11/29/2006,ODI # 2452,2452,South Africa,India
South Africa,India,South Africa,India,9 wickets,Centurion,12/3/2006,ODI # 2458,2458,South Africa,India
India,West Indies,India,West Indies,14 runs,Nagpur,1/21/2007,ODI # 2480,2480,India,India
India,West Indies,India,West Indies,20 runs,Cuttack,1/24/2007,ODI # 2485,2485,India,India
India,West Indies,West Indies,India,3 wickets,Chennai,1/27/2007,ODI # 2487,2487,India,India
India,West Indies,India,West Indies,160 runs,Vadodara,1/31/2007,ODI # 2493,2493,India,India
India,Sri Lanka,no result,India,,Eden Gardens,2/8/2007,ODI # 2514,2514,India,India
India,Sri Lanka,Sri Lanka,India,5 runs,Rajkot,2/11/2007,ODI # 2520,2520,India,India
India,Sri Lanka,India,Sri Lanka,5 wickets,Margao,2/14/2007,ODI # 2522,2522,India,India
India,Sri Lanka,India,Sri Lanka,7 wickets,Visakhapatnam,2/17/2007,ODI # 2525,2525,India,India
Bangladesh,India,Bangladesh,India,5 wickets,Port of Spain,3/17/2007,ODI # 2538,2538,West Indies,India
Bermuda,India,India,Bermuda,257 runs,Port of Spain,3/19/2007,ODI # 2542,2542,West Indies,India
India,Sri Lanka,Sri Lanka,India,69 runs,Port of Spain,3/23/2007,ODI # 2550,2550,West Indies,India
Bangladesh,India,India,Bangladesh,5 wickets,Mirpur,5/10/2007,ODI # 2582,2582,Bangladesh,India
Bangladesh,India,India,Bangladesh,46 runs,Mirpur,5/12/2007,ODI # 2583,2583,Bangladesh,India
Ireland,India,India,Ireland,9 wickets,Belfast,6/23/2007,ODI # 2590,2590,Northern Ireland,India
India,South Africa,South Africa,India,4 wickets,Belfast,6/26/2007,ODI # 2592,2592,Northern Ireland,India
India,South Africa,India,South Africa,6 wickets,Belfast,6/29/2007,ODI # 2593,2593,Northern Ireland,India
India,South Africa,India,South Africa,6 wickets,Belfast,7/1/2007,ODI # 2595,2595,Northern Ireland,India
Scotland,India,India,Scotland,7 wickets,Glasgow,8/16/2007,ODI # 2608,2608,Scotland,India
England,India,England,India,104 runs,Southampton,8/21/2007,ODI # 2611,2611,England,India
England,India,India,England,9 runs,Bristol,8/24/2007,ODI # 2613,2613,England,India
England,India,England,India,42 runs,Birmingham,8/27/2007,ODI # 2616,2616,England,India
England,India,England,India,3 wickets,Manchester,8/30/2007,ODI # 2617,2617,England,India
England,India,India,England,38 runs,Leeds,9/2/2007,ODI # 2618,2618,England,India
England,India,India,England,2 wickets,The Oval,9/5/2007,ODI # 2619,2619,England,India
England,India,England,India,7 wickets,Lord's,9/8/2007,ODI # 2620,2620,England,India
India,Australia,no result,India,,Bengaluru,9/29/2007,ODI # 2621,2621,India,India
India,Australia,Australia,India,84 runs,Kochi,10/2/2007,ODI # 2623,2623,India,India
India,Australia,Australia,India,47 runs,Hyderabad (Deccan),10/5/2007,ODI # 2625,2625,India,India
India,Australia,India,Australia,8 runs,Chandigarh,10/8/2007,ODI # 2627,2627,India,India
India,Australia,Australia,India,9 wickets,Vadodara,10/11/2007,ODI # 2629,2629,India,India
India,Australia,Australia,India,18 runs,Nagpur,10/14/2007,ODI # 2631,2631,India,India
India,Australia,India,Australia,2 wickets,Wankhede,10/17/2007,ODI # 2632,2632,India,India
India,Pakistan,India,Pakistan,5 wickets,Guwahati,11/5/2007,ODI # 2643,2643,India,India
India,Pakistan,Pakistan,India,4 wickets,Mohali,11/8/2007,ODI # 2644,2644,India,India
India,Pakistan,India,Pakistan,46 runs,Kanpur,11/11/2007,ODI # 2645,2645,India,India
India,Pakistan,India,Pakistan,6 wickets,Gwalior,11/15/2007,ODI # 2646,2646,India,India
India,Pakistan,Pakistan,India,31 runs,Jaipur,11/18/2007,ODI # 2647,2647,India,India
Australia,India,no result,Australia,,Brisbane,2/3/2008,ODI # 2670,2670,Australia,India
India,Sri Lanka,no result,India,,Brisbane,2/5/2008,ODI # 2672,2672,Australia,India
Australia,India,India,Australia,5 wickets,Melbourne,2/10/2008,ODI # 2675,2675,Australia,India
India,Sri Lanka,Sri Lanka,India,8 wickets,Canberra,2/12/2008,ODI # 2676,2676,Australia,India
Australia,India,Australia,India,50 runs,Adelaide,2/17/2008,ODI # 2680,2680,Australia,India
India,Sri Lanka,India,Sri Lanka,2 wickets,Adelaide,2/19/2008,ODI # 2681,2681,Australia,India
Australia,India,Australia,India,18 runs,Sydney,2/24/2008,ODI # 2685,2685,Australia,India
India,Sri Lanka,India,Sri Lanka,7 wickets,Hobart,2/26/2008,ODI # 2686,2686,Australia,India
Australia,India,India,Australia,6 wickets,Sydney,3/2/2008,ODI # 2688,2688,Australia,India
Australia,India,India,Australia,9 runs,Brisbane,3/4/2008,ODI # 2689,2689,Australia,India
India,Pakistan,India,Pakistan,140 runs,Mirpur,6/10/2008,ODI # 2705,2705,Bangladesh,India
Bangladesh,India,India,Bangladesh,7 wickets,Mirpur,6/12/2008,ODI # 2706,2706,Bangladesh,India
India,Pakistan,Pakistan,India,25 runs,Mirpur,6/14/2008,ODI # 2707,2707,Bangladesh,India
Hong Kong,India,India,Hong Kong,256 runs,Karachi,6/25/2008,ODI # 2716,2716,Pakistan,India
Pakistan,India,India,Pakistan,6 wickets,Karachi,6/26/2008,ODI # 2717,2717,Pakistan,India
Bangladesh,India,India,Bangladesh,7 wickets,Karachi,6/28/2008,ODI # 2721,2721,Pakistan,India
Pakistan,India,Pakistan,India,8 wickets,Karachi,7/2/2008,ODI # 2730,2730,Pakistan,India
India,Sri Lanka,India,Sri Lanka,6 wickets,Karachi,7/3/2008,ODI # 2732,2732,Pakistan,India
India,Sri Lanka,Sri Lanka,India,100 runs,Karachi,7/6/2008,ODI # 2735,2735,Pakistan,India
Sri Lanka,India,Sri Lanka,India,8 wickets,Dambulla,8/18/2008,ODI # 2742,2742,Sri Lanka,India
Sri Lanka,India,India,Sri Lanka,3 wickets,Dambulla,8/20/2008,ODI # 2745,2745,Sri Lanka,India
Sri Lanka,India,India,Sri Lanka,33 runs,Colombo (RPS),8/24/2008,ODI # 2750,2750,Sri Lanka,India
Sri Lanka,India,India,Sri Lanka,46 runs,Colombo (RPS),8/27/2008,ODI # 2755,2755,Sri Lanka,India
Sri Lanka,India,Sri Lanka,India,112 runs,Colombo (RPS),8/29/2008,ODI # 2756,2756,Sri Lanka,India
India,England,India,England,158 runs,Rajkot,11/14/2008,ODI # 2774,2774,India,India
India,England,India,England,54 runs,Indore,11/17/2008,ODI # 2777,2777,India,India
India,England,India,England,16 runs,Kanpur,11/20/2008,ODI # 2778,2778,India,India
India,England,India,England,19 runs,Bengaluru,11/23/2008,ODI # 2781,2781,India,India
India,England,India,England,6 wickets,Cuttack,11/26/2008,ODI # 2783,2783,India,India
Sri Lanka,India,India,Sri Lanka,6 wickets,Dambulla,1/28/2009,ODI # 2806,2806,Sri Lanka,India
Sri Lanka,India,India,Sri Lanka,15 runs,Colombo (RPS),1/31/2009,ODI # 2810,2810,Sri Lanka,India
Sri Lanka,India,India,Sri Lanka,147 runs,Colombo (RPS),2/3/2009,ODI # 2813,2813,Sri Lanka,India
Sri Lanka,India,India,Sri Lanka,67 runs,Colombo (RPS),2/5/2009,ODI # 2815,2815,Sri Lanka,India
Sri Lanka,India,Sri Lanka,India,68 runs,Colombo (RPS),2/8/2009,ODI # 2818,2818,Sri Lanka,India
New Zealand,India,India,New Zealand,53 runs,Napier,3/3/2009,ODI # 2821,2821,New Zealand,India
New Zealand,India,no result,New Zealand,,Wellington,3/6/2009,ODI # 2822,2822,New Zealand,India
New Zealand,India,India,New Zealand,58 runs,Christchurch,3/8/2009,ODI # 2823,2823,New Zealand,India
New Zealand,India,India,New Zealand,84 runs,Hamilton,3/11/2009,ODI # 2824,2824,New Zealand,India
New Zealand,India,New Zealand,India,8 wickets,Auckland,3/14/2009,ODI # 2825,2825,New Zealand,India
West Indies,India,India,West Indies,20 runs,Kingston,6/26/2009,ODI # 2852,2852,West Indies,India
West Indies,India,West Indies,India,8 wickets,Kingston,6/28/2009,ODI # 2853,2853,West Indies,India
West Indies,India,India,West Indies,6 wickets,Gros Islet,7/3/2009,ODI # 2854,2854,West Indies,India
West Indies,India,no result,West Indies,,Gros Islet,7/5/2009,ODI # 2855,2855,West Indies,India
India,New Zealand,India,New Zealand,6 wickets,Colombo (RPS),9/11/2009,ODI # 2886,2886,Sri Lanka,India
Sri Lanka,India,Sri Lanka,India,139 runs,Colombo (RPS),9/12/2009,ODI # 2887,2887,Sri Lanka,India
Sri Lanka,India,India,Sri Lanka,46 runs,Colombo (RPS),9/14/2009,ODI # 2889,2889,Sri Lanka,India
India,Pakistan,Pakistan,India,54 runs,Centurion,9/26/2009,ODI # 2898,2898,South Africa,India
Australia,India,no result,Australia,,Centurion,9/28/2009,ODI # 2901,2901,South Africa,India
India,West Indies,India,West Indies,7 wickets,Johannesburg,9/30/2009,ODI # 2904,2904,South Africa,India
India,Australia,Australia,India,4 runs,Vadodara,10/25/2009,ODI # 2913,2913,India,India
India,Australia,India,Australia,99 runs,Nagpur,10/28/2009,ODI # 2915,2915,India,India
India,Australia,India,Australia,6 wickets,Delhi,10/31/2009,ODI # 2918,2918,India,India
India,Australia,Australia,India,24 runs,Mohali,11/2/2009,ODI # 2919,2919,India,India
India,Australia,Australia,India,3 runs,Hyderabad (Deccan),11/5/2009,ODI # 2923,2923,India,India
India,Australia,Australia,India,6 wickets,Guwahati,11/8/2009,ODI # 2925,2925,India,India
India,Sri Lanka,India,Sri Lanka,3 runs,Rajkot,12/15/2009,ODI # 2932,2932,India,India
India,Sri Lanka,Sri Lanka,India,3 wickets,Nagpur,12/18/2009,ODI # 2933,2933,India,India
India,Sri Lanka,India,Sri Lanka,7 wickets,Cuttack,12/21/2009,ODI # 2934,2934,India,India
India,Sri Lanka,India,Sri Lanka,7 wickets,Eden Gardens,12/24/2009,ODI # 2935,2935,India,India
India,Sri Lanka,no result,India,,Delhi,12/27/2009,ODI # 2936,2936,India,India
India,Sri Lanka,Sri Lanka,India,5 wickets,Mirpur,1/5/2010,ODI # 2938,2938,Bangladesh,India
Bangladesh,India,India,Bangladesh,6 wickets,Mirpur,1/7/2010,ODI # 2939,2939,Bangladesh,India
India,Sri Lanka,India,Sri Lanka,8 wickets,Mirpur,1/10/2010,ODI # 2941,2941,Bangladesh,India
Bangladesh,India,India,Bangladesh,6 wickets,Mirpur,1/11/2010,ODI # 2942,2942,Bangladesh,India
India,Sri Lanka,Sri Lanka,India,4 wickets,Mirpur,1/13/2010,ODI # 2943,2943,Bangladesh,India
India,South Africa,India,South Africa,1 run,Jaipur,2/21/2010,ODI # 2961,2961,India,India
India,South Africa,India,South Africa,153 runs,Gwalior,2/24/2010,ODI # 2962,2962,India,India
India,South Africa,South Africa,India,90 runs,Ahmedabad,2/27/2010,ODI # 2963,2963,India,India
Zimbabwe,India,Zimbabwe,India,6 wickets,Bulawayo,5/28/2010,ODI # 2981,2981,Zimbabwe,India
India,Sri Lanka,India,Sri Lanka,7 wickets,Bulawayo,5/30/2010,ODI # 2983,2983,Zimbabwe,India
Zimbabwe,India,Zimbabwe,India,7 wickets,Harare,6/3/2010,ODI # 2986,2986,Zimbabwe,India
India,Sri Lanka,Sri Lanka,India,6 wickets,Harare,6/5/2010,ODI # 2988,2988,Zimbabwe,India
Bangladesh,India,India,Bangladesh,6 wickets,Dambulla,6/16/2010,ODI # 2993,2993,Sri Lanka,India
India,Pakistan,India,Pakistan,3 wickets,Dambulla,6/19/2010,ODI # 2996,2996,Sri Lanka,India
Sri Lanka,India,Sri Lanka,India,7 wickets,Dambulla,6/22/2010,ODI # 2999,2999,Sri Lanka,India
Sri Lanka,India,India,Sri Lanka,81 runs,Dambulla,6/24/2010,ODI # 3001,3001,Sri Lanka,India
India,New Zealand,New Zealand,India,200 runs,Dambulla,8/10/2010,ODI # 3030,3030,Sri Lanka,India
Sri Lanka,India,India,Sri Lanka,6 wickets,Dambulla,8/16/2010,ODI # 3032,3032,Sri Lanka,India
Sri Lanka,India,Sri Lanka,India,8 wickets,Dambulla,8/22/2010,ODI # 3038,3038,Sri Lanka,India
India,New Zealand,India,New Zealand,105 runs,Dambulla,8/25/2010,ODI # 3039,3039,Sri Lanka,India
Sri Lanka,India,Sri Lanka,India,74 runs,Dambulla,8/28/2010,ODI # 3040,3040,Sri Lanka,India
India,Australia,India,Australia,5 wickets,Visakhapatnam,10/20/2010,ODI # 3060,3060,India,India
India,New Zealand,India,New Zealand,40 runs,Guwahati,11/28/2010,ODI # 3070,3070,India,India
India,New Zealand,India,New Zealand,8 wickets,Jaipur,12/1/2010,ODI # 3072,3072,India,India
India,New Zealand,India,New Zealand,9 wickets,Vadodara,12/4/2010,ODI # 3074,3074,India,India
India,New Zealand,India,New Zealand,5 wickets,Bengaluru,12/7/2010,ODI # 3076,3076,India,India
India,New Zealand,India,New Zealand,8 wickets,Chennai,12/10/2010,ODI # 3077,3077,India,India
South Africa,India,South Africa,India,135 runs,Durban,1/12/2011,ODI # 3079,3079,South Africa,India
South Africa,India,India,South Africa,1 run,Johannesburg,1/15/2011,ODI # 3080,3080,South Africa,India
South Africa,India,India,South Africa,2 wickets,Cape Town,1/18/2011,ODI # 3082,3082,South Africa,India
South Africa,India,South Africa,India,48 runs,Gqeberha,1/21/2011,ODI # 3084,3084,South Africa,India
South Africa,India,South Africa,India,33 runs,Centurion,1/23/2011,ODI # 3087,3087,South Africa,India
Bangladesh,India,India,Bangladesh,87 runs,Mirpur,2/19/2011,ODI # 3100,3100,Bangladesh,India
India,England,tied,India,,Bengaluru,2/27/2011,ODI # 3110,3110,India,India
India,Ireland,India,Ireland,5 wickets,Bengaluru,3/6/2011,ODI # 3121,3121,India,India
India,Netherlands,India,Netherlands,5 wickets,Delhi,3/9/2011,ODI # 3124,3124,India,India
India,South Africa,South Africa,India,3 wickets,Nagpur,3/12/2011,ODI # 3128,3128,India,India
India,West Indies,India,West Indies,80 runs,Chennai,3/20/2011,ODI # 3141,3141,India,India
India,Australia,India,Australia,5 wickets,Ahmedabad,3/24/2011,ODI # 3143,3143,India,India
India,Pakistan,India,Pakistan,29 runs,Mohali,3/30/2011,ODI # 3147,3147,India,India
India,Sri Lanka,India,Sri Lanka,6 wickets,Wankhede,4/2/2011,ODI # 3148,3148,India,India
West Indies,India,India,West Indies,4 wickets,Port of Spain,6/6/2011,ODI # 3159,3159,West Indies,India
West Indies,India,India,West Indies,7 wickets,Port of Spain,6/8/2011,ODI # 3160,3160,West Indies,India
West Indies,India,India,West Indies,3 wickets,North Sound,6/11/2011,ODI # 3161,3161,West Indies,India
West Indies,India,West Indies,India,103 runs,North Sound,6/13/2011,ODI # 3162,3162,West Indies,India
West Indies,India,West Indies,India,7 wickets,Kingston,6/16/2011,ODI # 3163,3163,West Indies,India
England,India,no result,England,,Chester-le-Street,9/3/2011,ODI # 3186,3186,England,India
England,India,England,India,7 wickets,Southampton,9/6/2011,ODI # 3187,3187,England,India
England,India,England,India,3 wickets,The Oval,9/9/2011,ODI # 3189,3189,England,India
England,India,tied,England,,Lord's,9/11/2011,ODI # 3191,3191,England,India
England,India,England,India,6 wickets,Cardiff,9/16/2011,ODI # 3195,3195,Wales,India
India,England,India,England,126 runs,Hyderabad (Deccan),10/14/2011,ODI # 3199,3199,India,India
India,England,India,England,8 wickets,Delhi,10/17/2011,ODI # 3201,3201,India,India
India,England,India,England,5 wickets,Mohali,10/20/2011,ODI # 3205,3205,India,India
India,England,India,England,6 wickets,Wankhede,10/23/2011,ODI # 3207,3207,India,India
India,England,India,England,95 runs,Eden Gardens,10/25/2011,ODI # 3210,3210,India,India
India,West Indies,India,West Indies,1 wicket,Cuttack,11/29/2011,ODI # 3217,3217,India,India
India,West Indies,India,West Indies,5 wickets,Visakhapatnam,12/2/2011,ODI # 3219,3219,India,India
India,West Indies,West Indies,India,16 runs,Ahmedabad,12/5/2011,ODI # 3221,3221,India,India
India,West Indies,India,West Indies,153 runs,Indore,12/8/2011,ODI # 3223,3223,India,India
India,West Indies,India,West Indies,34 runs,Chennai,12/11/2011,ODI # 3224,3224,India,India
Australia,India,Australia,India,65 runs,Melbourne,2/5/2012,ODI # 3231,3231,Australia,India
India,Sri Lanka,India,Sri Lanka,4 wickets,Perth,2/8/2012,ODI # 3233,3233,Australia,India
Australia,India,India,Australia,4 wickets,Adelaide,2/12/2012,ODI # 3237,3237,Australia,India
India,Sri Lanka,tied,India,,Adelaide,2/14/2012,ODI # 3239,3239,Australia,India
Australia,India,Australia,India,110 runs,Brisbane,2/19/2012,ODI # 3244,3244,Australia,India
India,Sri Lanka,Sri Lanka,India,51 runs,Brisbane,2/21/2012,ODI # 3246,3246,Australia,India
Australia,India,Australia,India,87 runs,Sydney,2/26/2012,ODI # 3250,3250,Australia,India
India,Sri Lanka,India,Sri Lanka,7 wickets,Hobart,2/28/2012,ODI # 3251,3251,Australia,India
India,Sri Lanka,India,Sri Lanka,50 runs,Mirpur,3/13/2012,ODI # 3259,3259,Bangladesh,India
Bangladesh,India,Bangladesh,India,5 wickets,Mirpur,3/16/2012,ODI # 3261,3261,Bangladesh,India
India,Pakistan,India,Pakistan,6 wickets,Mirpur,3/18/2012,ODI # 3263,3263,Bangladesh,India
Sri Lanka,India,India,Sri Lanka,21 runs,Hambantota,7/21/2012,ODI # 3291,3291,Sri Lanka,India
Sri Lanka,India,Sri Lanka,India,9 wickets,Hambantota,7/24/2012,ODI # 3292,3292,Sri Lanka,India
Sri Lanka,India,India,Sri Lanka,5 wickets,Colombo (RPS),7/28/2012,ODI # 3293,3293,Sri Lanka,India
Sri Lanka,India,India,Sri Lanka,6 wickets,Colombo (RPS),7/31/2012,ODI # 3294,3294,Sri Lanka,India
Sri Lanka,India,India,Sri Lanka,20 runs,Pallekele,8/4/2012,ODI # 3295,3295,Sri Lanka,India
India,Pakistan,Pakistan,India,6 wickets,Chennai,12/30/2012,ODI # 3314,3314,India,India
India,Pakistan,Pakistan,India,85 runs,Eden Gardens,1/3/2013,ODI # 3315,3315,India,India
India,Pakistan,India,Pakistan,10 runs,Delhi,1/6/2013,ODI # 3316,3316,India,India
India,England,England,India,9 runs,Rajkot,1/11/2013,ODI # 3318,3318,India,India
India,England,India,England,127 runs,Kochi,1/15/2013,ODI # 3320,3320,India,India
India,England,India,England,7 wickets,Ranchi,1/19/2013,ODI # 3322,3322,India,India
India,England,India,England,5 wickets,Mohali,1/23/2013,ODI # 3327,3327,India,India
India,England,England,India,7 wickets,Dharamsala,1/27/2013,ODI # 3329,3329,India,India
India,South Africa,India,South Africa,26 runs,Cardiff,6/6/2013,ODI # 3363,3363,Wales,India
India,West Indies,India,West Indies,8 wickets,The Oval,6/11/2013,ODI # 3368,3368,England,India
India,Pakistan,India,Pakistan,8 wickets,Birmingham,6/15/2013,ODI # 3372,3372,England,India
India,Sri Lanka,India,Sri Lanka,8 wickets,Cardiff,6/20/2013,ODI # 3376,3376,Wales,India
England,India,India,England,5 runs,Birmingham,6/23/2013,ODI # 3377,3377,England,India
West Indies,India,West Indies,India,1 wicket,Kingston,6/30/2013,ODI # 3380,3380,West Indies,India
India,Sri Lanka,Sri Lanka,India,161 runs,Kingston,7/2/2013,ODI # 3382,3382,West Indies,India
West Indies,India,India,West Indies,102 runs,Port of Spain,7/5/2013,ODI # 3383,3383,West Indies,India
India,Sri Lanka,India,Sri Lanka,81 runs,Port of Spain,7/9/2013,ODI # 3387,3387,West Indies,India
India,Sri Lanka,India,Sri Lanka,1 wicket,Port of Spain,7/11/2013,ODI # 3388,3388,West Indies,India
Zimbabwe,India,India,Zimbabwe,6 wickets,Harare,7/24/2013,ODI # 3395,3395,Zimbabwe,India
Zimbabwe,India,India,Zimbabwe,58 runs,Harare,7/26/2013,ODI # 3397,3397,Zimbabwe,India
Zimbabwe,India,India,Zimbabwe,7 wickets,Harare,7/28/2013,ODI # 3399,3399,Zimbabwe,India
Zimbabwe,India,India,Zimbabwe,9 wickets,Bulawayo,8/1/2013,ODI # 3402,3402,Zimbabwe,India
Zimbabwe,India,India,Zimbabwe,7 wickets,Bulawayo,8/3/2013,ODI # 3403,3403,Zimbabwe,India
India,Australia,Australia,India,72 runs,Pune,10/13/2013,ODI # 3419,3419,India,India
India,Australia,India,Australia,9 wickets,Jaipur,10/16/2013,ODI # 3420,3420,India,India
India,Australia,Australia,India,4 wickets,Mohali,10/19/2013,ODI # 3421,3421,India,India
India,Australia,no result,India,,Ranchi,10/23/2013,ODI # 3422,3422,India,India
India,Australia,India,Australia,6 wickets,Nagpur,10/30/2013,ODI # 3424,3424,India,India
India,Australia,India,Australia,57 runs,Bengaluru,11/2/2013,ODI # 3428,3428,India,India
India,West Indies,India,West Indies,6 wickets,Kochi,11/21/2013,ODI # 3436,3436,India,India
India,West Indies,West Indies,India,2 wickets,Visakhapatnam,11/24/2013,ODI # 3437,3437,India,India
India,West Indies,India,West Indies,5 wickets,Kanpur,11/27/2013,ODI # 3439,3439,India,India
South Africa,India,South Africa,India,141 runs,Johannesburg,12/5/2013,ODI # 3442,3442,South Africa,India
South Africa,India,South Africa,India,134 runs,Durban,12/8/2013,ODI # 3443,3443,South Africa,India
South Africa,India,no result,South Africa,,Centurion,12/11/2013,ODI # 3444,3444,South Africa,India
New Zealand,India,New Zealand,India,24 runs,Napier,1/19/2014,ODI # 3456,3456,New Zealand,India
New Zealand,India,New Zealand,India,15 runs,Hamilton,1/22/2014,ODI # 3458,3458,New Zealand,India
New Zealand,India,tied,New Zealand,,Auckland,1/25/2014,ODI # 3462,3462,New Zealand,India
New Zealand,India,New Zealand,India,7 wickets,Hamilton,1/28/2014,ODI # 3465,3465,New Zealand,India
New Zealand,India,New Zealand,India,87 runs,Wellington,1/31/2014,ODI # 3467,3467,New Zealand,India
Bangladesh,India,India,Bangladesh,6 wickets,Fatullah,2/26/2014,ODI # 3474,3474,Bangladesh,India
India,Sri Lanka,Sri Lanka,India,2 wickets,Fatullah,2/28/2014,ODI # 3476,3476,Bangladesh,India
India,Pakistan,Pakistan,India,1 wicket,Mirpur,3/2/2014,ODI # 3479,3479,Bangladesh,India
Afghanistan,India,India,Afghanistan,8 wickets,Mirpur,3/5/2014,ODI # 3483,3483,Bangladesh,India
Bangladesh,India,India,Bangladesh,7 wickets,Mirpur,6/15/2014,ODI # 3497,3497,Bangladesh,India
Bangladesh,India,India,Bangladesh,47 runs,Mirpur,6/17/2014,ODI # 3498,3498,Bangladesh,India
Bangladesh,India,no result,Bangladesh,,Mirpur,6/19/2014,ODI # 3499,3499,Bangladesh,India
England,India,India,England,133 runs,Cardiff,8/27/2014,ODI # 3517,3517,Wales,India
England,India,India,England,6 wickets,Nottingham,8/30/2014,ODI # 3520,3520,England,India
England,India,India,England,9 wickets,Birmingham,9/2/2014,ODI # 3523,3523,England,India
England,India,England,India,41 runs,Leeds,9/5/2014,ODI # 3525,3525,England,India
India,West Indies,West Indies,India,124 runs,Kochi,10/8/2014,ODI # 3531,3531,India,India
India,West Indies,India,West Indies,48 runs,Delhi,10/11/2014,ODI # 3533,3533,India,India
India,West Indies,India,West Indies,59 runs,Dharamsala,10/17/2014,ODI # 3535,3535,India,India
India,Sri Lanka,India,Sri Lanka,169 runs,Cuttack,11/2/2014,ODI # 3539,3539,India,India
India,Sri Lanka,India,Sri Lanka,6 wickets,Ahmedabad,11/6/2014,ODI # 3540,3540,India,India
India,Sri Lanka,India,Sri Lanka,6 wickets,Hyderabad (Deccan),11/9/2014,ODI # 3543,3543,India,India
India,Sri Lanka,India,Sri Lanka,153 runs,Eden Gardens,11/13/2014,ODI # 3544,3544,India,India
India,Sri Lanka,India,Sri Lanka,3 wickets,Ranchi,11/16/2014,ODI # 3547,3547,India,India
Australia,India,Australia,India,4 wickets,Melbourne,1/18/2015,ODI # 3582,3582,Australia,India
England,India,England,India,9 wickets,Brisbane,1/20/2015,ODI # 3586,3586,Australia,India
Australia,India,no result,Australia,,Sydney,1/26/2015,ODI # 3592,3592,Australia,India
England,India,England,India,3 wickets,Perth,1/30/2015,ODI # 3595,3595,Australia,India
India,Pakistan,India,Pakistan,76 runs,Adelaide,2/15/2015,ODI # 3602,3602,Australia,India
India,South Africa,India,South Africa,130 runs,Melbourne,2/22/2015,ODI # 3610,3610,Australia,India
India,U.A.E.,India,U.A.E.,9 wickets,Perth,2/28/2015,ODI # 3618,3618,Australia,India
India,West Indies,India,West Indies,4 wickets,Perth,3/6/2015,ODI # 3625,3625,Australia,India
India,Ireland,India,Ireland,8 wickets,Hamilton,3/10/2015,ODI # 3631,3631,New Zealand,India
India,Zimbabwe,India,Zimbabwe,6 wickets,Auckland,3/14/2015,ODI # 3636,3636,New Zealand,India
Bangladesh,India,India,Bangladesh,109 runs,Melbourne,3/19/2015,ODI # 3641,3641,Australia,India
Australia,India,Australia,India,95 runs,Sydney,3/26/2015,ODI # 3645,3645,Australia,India
Bangladesh,India,Bangladesh,India,79 runs,Mirpur,6/18/2015,ODI # 3658,3658,Bangladesh,India
Bangladesh,India,Bangladesh,India,6 wickets,Mirpur,6/21/2015,ODI # 3660,3660,Bangladesh,India
Bangladesh,India,India,Bangladesh,77 runs,Mirpur,6/24/2015,ODI # 3661,3661,Bangladesh,India
Zimbabwe,India,India,Zimbabwe,4 runs,Harare,7/10/2015,ODI # 3662,3662,Zimbabwe,India
Zimbabwe,India,India,Zimbabwe,62 runs,Harare,7/12/2015,ODI # 3665,3665,Zimbabwe,India
Zimbabwe,India,India,Zimbabwe,83 runs,Harare,7/14/2015,ODI # 3667,3667,Zimbabwe,India
India,South Africa,South Africa,India,5 runs,Kanpur,10/11/2015,ODI # 3689,3689,India,India
India,South Africa,India,South Africa,22 runs,Indore,10/14/2015,ODI # 3692,3692,India,India
India,South Africa,South Africa,India,18 runs,Rajkot,10/18/2015,ODI # 3695,3695,India,India
India,South Africa,India,South Africa,35 runs,Chennai,10/22/2015,ODI # 3698,3698,India,India
India,South Africa,South Africa,India,214 runs,Wankhede,10/25/2015,ODI # 3700,3700,India,India
Australia,India,Australia,India,5 wickets,Perth,1/12/2016,ODI # 3723,3723,Australia,India
Australia,India,Australia,India,7 wickets,Brisbane,1/15/2016,ODI # 3724,3724,Australia,India
Australia,India,Australia,India,3 wickets,Melbourne,1/17/2016,ODI # 3725,3725,Australia,India
Australia,India,Australia,India,25 runs,Canberra,1/20/2016,ODI # 3726,3726,Australia,India
Australia,India,India,Australia,6 wickets,Sydney,1/23/2016,ODI # 3727,3727,Australia,India
Zimbabwe,India,India,Zimbabwe,9 wickets,Harare,6/11/2016,ODI # 3742,3742,Zimbabwe,India
Zimbabwe,India,India,Zimbabwe,8 wickets,Harare,6/13/2016,ODI # 3744,3744,Zimbabwe,India
Zimbabwe,India,India,Zimbabwe,10 wickets,Harare,6/15/2016,ODI # 3746,3746,Zimbabwe,India
India,New Zealand,India,New Zealand,6 wickets,Dharamsala,10/16/2016,ODI # 3796,3796,India,India
India,New Zealand,New Zealand,India,6 runs,Delhi,10/20/2016,ODI # 3797,3797,India,India
India,New Zealand,India,New Zealand,7 wickets,Mohali,10/23/2016,ODI # 3798,3798,India,India
India,New Zealand,New Zealand,India,19 runs,Ranchi,10/26/2016,ODI # 3799,3799,India,India
India,New Zealand,India,New Zealand,190 runs,Visakhapatnam,10/29/2016,ODI # 3800,3800,India,India
India,England,India,England,3 wickets,Pune,1/15/2017,ODI # 3819,3819,India,India
India,England,India,England,15 runs,Cuttack,1/19/2017,ODI # 3821,3821,India,India
India,England,England,India,5 runs,Eden Gardens,1/22/2017,ODI # 3824,3824,India,India
India,Pakistan,India,Pakistan,124 runs,Birmingham,6/4/2017,ODI # 3878,3878,England,India
India,Sri Lanka,Sri Lanka,India,7 wickets,The Oval,6/8/2017,ODI # 3882,3882,England,India
India,South Africa,India,South Africa,8 wickets,The Oval,6/11/2017,ODI # 3886,3886,England,India
Bangladesh,India,India,Bangladesh,9 wickets,Birmingham,6/15/2017,ODI # 3891,3891,England,India
India,Pakistan,Pakistan,India,180 runs,The Oval,6/18/2017,ODI # 3894,3894,England,India
West Indies,India,no result,West Indies,,Port of Spain,6/23/2017,ODI # 3895,3895,West Indies,India
West Indies,India,India,West Indies,105 runs,Port of Spain,6/25/2017,ODI # 3896,3896,West Indies,India
West Indies,India,India,West Indies,93 runs,North Sound,6/30/2017,ODI # 3898,3898,West Indies,India
West Indies,India,West Indies,India,11 runs,North Sound,7/2/2017,ODI # 3900,3900,West Indies,India
West Indies,India,India,West Indies,8 wickets,Kingston,7/6/2017,ODI # 3902,3902,West Indies,India
Sri Lanka,India,India,Sri Lanka,9 wickets,Dambulla,8/20/2017,ODI # 3905,3905,Sri Lanka,India
Sri Lanka,India,India,Sri Lanka,3 wickets,Pallekele,8/24/2017,ODI # 3906,3906,Sri Lanka,India
Sri Lanka,India,India,Sri Lanka,6 wickets,Pallekele,8/27/2017,ODI # 3907,3907,Sri Lanka,India
Sri Lanka,India,India,Sri Lanka,168 runs,Colombo (RPS),8/31/2017,ODI # 3908,3908,Sri Lanka,India
Sri Lanka,India,India,Sri Lanka,6 wickets,Colombo (RPS),9/3/2017,ODI # 3909,3909,Sri Lanka,India
India,Australia,India,Australia,26 runs,Chennai,9/17/2017,ODI # 3910,3910,India,India
India,Australia,India,Australia,50 runs,Eden Gardens,9/21/2017,ODI # 3912,3912,India,India
India,Australia,India,Australia,5 wickets,Indore,9/24/2017,ODI # 3914,3914,India,India
India,Australia,Australia,India,21 runs,Bengaluru,9/28/2017,ODI # 3917,3917,India,India
India,Australia,India,Australia,7 wickets,Nagpur,10/1/2017,ODI # 3919,3919,India,India
India,New Zealand,New Zealand,India,6 wickets,Wankhede,10/22/2017,ODI # 3928,3928,India,India
India,New Zealand,India,New Zealand,6 wickets,Pune,10/25/2017,ODI # 3931,3931,India,India
India,New Zealand,India,New Zealand,6 runs,Kanpur,10/29/2017,ODI # 3932,3932,India,India
India,Sri Lanka,Sri Lanka,India,7 wickets,Dharamsala,12/10/2017,ODI # 3939,3939,India,India
India,Sri Lanka,India,Sri Lanka,141 runs,Mohali,12/13/2017,ODI # 3941,3941,India,India
India,Sri Lanka,India,Sri Lanka,8 wickets,Visakhapatnam,12/17/2017,ODI # 3942,3942,India,India
South Africa,India,India,South Africa,6 wickets,Durban,2/1/2018,ODI # 3969,3969,South Africa,India
South Africa,India,India,South Africa,9 wickets,Centurion,2/4/2018,ODI # 3970,3970,South Africa,India
South Africa,India,India,South Africa,124 runs,Cape Town,2/7/2018,ODI # 3971,3971,South Africa,India
South Africa,India,South Africa,India,5 wickets,Johannesburg,2/10/2018,ODI # 3973,3973,South Africa,India
South Africa,India,India,South Africa,73 runs,Gqeberha,2/13/2018,ODI # 3976,3976,South Africa,India
South Africa,India,India,South Africa,8 wickets,Centurion,2/16/2018,ODI # 3978,3978,South Africa,India
England,India,India,England,8 wickets,Nottingham,7/12/2018,ODI # 4014,4014,England,India
England,India,England,India,86 runs,Lord's,7/14/2018,ODI # 4016,4016,England,India
England,India,England,India,8 wickets,Leeds,7/17/2018,ODI # 4018,4018,England,India
Hong Kong,India,India,Hong Kong,26 runs,Dubai (DSC),9/18/2018,ODI # 4039,4039,United Arab Emirates,India
India,Pakistan,India,Pakistan,8 wickets,Dubai (DSC),9/19/2018,ODI # 4040,4040,United Arab Emirates,India
Bangladesh,India,India,Bangladesh,7 wickets,Dubai (DSC),9/21/2018,ODI # 4042,4042,United Arab Emirates,India
India,Pakistan,India,Pakistan,9 wickets,Dubai (DSC),9/23/2018,ODI # 4044,4044,United Arab Emirates,India
Afghanistan,India,tied,Afghanistan,,Dubai (DSC),9/25/2018,ODI # 4046,4046,United Arab Emirates,India
Bangladesh,India,India,Bangladesh,3 wickets,Dubai (DSC),9/28/2018,ODI # 4048,4048,United Arab Emirates,India
India,West Indies,India,West Indies,8 wickets,Guwahati,10/21/2018,ODI # 4056,4056,India,India
India,West Indies,tied,India,,Visakhapatnam,10/24/2018,ODI # 4059,4059,India,India
India,West Indies,West Indies,India,43 runs,Pune,10/27/2018,ODI # 4062,4062,India,India
India,West Indies,India,West Indies,224 runs,Brabourne,10/29/2018,ODI # 4063,4063,India,India
India,West Indies,India,West Indies,9 wickets,Thiruvananthapuram,11/1/2018,ODI # 4064,4064,India,India
Australia,India,Australia,India,34 runs,Sydney,1/12/2019,ODI # 4077,4077,Australia,India
Australia,India,India,Australia,6 wickets,Adelaide,1/15/2019,ODI # 4078,4078,Australia,India
Australia,India,India,Australia,7 wickets,Melbourne,1/18/2019,ODI # 4079,4079,Australia,India
New Zealand,India,India,New Zealand,8 wickets,Napier,1/23/2019,ODI # 4082,4082,New Zealand,India
New Zealand,India,India,New Zealand,90 runs,Mount Maunganui,1/26/2019,ODI # 4085,4085,New Zealand,India
New Zealand,India,India,New Zealand,7 wickets,Mount Maunganui,1/28/2019,ODI # 4088,4088,New Zealand,India
New Zealand,India,New Zealand,India,8 wickets,Hamilton,1/31/2019,ODI # 4091,4091,New Zealand,India
New Zealand,India,India,New Zealand,35 runs,Wellington,2/3/2019,ODI # 4092,4092,New Zealand,India
India,Australia,India,Australia,6 wickets,Hyderabad (Deccan),3/2/2019,ODI # 4102,4102,India,India
India,Australia,India,Australia,8 runs,Nagpur,3/5/2019,ODI # 4106,4106,India,India
India,Australia,Australia,India,32 runs,Ranchi,3/8/2019,ODI # 4109,4109,India,India
India,Australia,Australia,India,4 wickets,Mohali,3/10/2019,ODI # 4111,4111,India,India
India,Australia,Australia,India,35 runs,Delhi,3/13/2019,ODI # 4113,4113,India,India
India,South Africa,India,South Africa,6 wickets,Southampton,6/5/2019,ODI # 4150,4150,England,India
Australia,India,India,Australia,36 runs,The Oval,6/9/2019,ODI # 4155,4155,England,India
India,Pakistan,India,Pakistan,89 runs,Manchester,6/16/2019,ODI # 4161,4161,England,India
Afghanistan,India,India,Afghanistan,11 runs,Southampton,6/22/2019,ODI # 4169,4169,England,India
India,West Indies,India,West Indies,125 runs,Manchester,6/27/2019,ODI # 4175,4175,England,India
England,India,England,India,31 runs,Birmingham,6/30/2019,ODI # 4179,4179,England,India
Bangladesh,India,India,Bangladesh,28 runs,Birmingham,7/2/2019,ODI # 4182,4182,England,India
India,Sri Lanka,India,Sri Lanka,7 wickets,Leeds,7/6/2019,ODI # 4187,4187,England,India
India,New Zealand,New Zealand,India,18 runs,Manchester,7/9/2019,ODI # 4190,4190,England,India
West Indies,India,no result,West Indies,,Providence,8/8/2019,ODI # 4196,4196,West Indies,India
West Indies,India,India,West Indies,59 runs,Port of Spain,8/11/2019,ODI # 4197,4197,West Indies,India
West Indies,India,India,West Indies,6 wickets,Port of Spain,8/14/2019,ODI # 4199,4199,West Indies,India
India,West Indies,West Indies,India,8 wickets,Chennai,12/15/2019,ODI # 4221,4221,India,India
India,West Indies,India,West Indies,107 runs,Visakhapatnam,12/18/2019,ODI # 4222,4222,India,India
India,West Indies,India,West Indies,4 wickets,Cuttack,12/22/2019,ODI # 4223,4223,India,India
India,Australia,Australia,India,10 wickets,Wankhede,1/14/2020,ODI # 4231,4231,India,India
India,Australia,India,Australia,36 runs,Rajkot,1/17/2020,ODI # 4232,4232,India,India
India,Australia,India,Australia,7 wickets,Bengaluru,1/19/2020,ODI # 4233,4233,India,India
New Zealand,India,New Zealand,India,4 wickets,Hamilton,2/5/2020,ODI # 4235,4235,New Zealand,India
New Zealand,India,New Zealand,India,22 runs,Auckland,2/8/2020,ODI # 4239,4239,New Zealand,India
New Zealand,India,New Zealand,India,5 wickets,Mount Maunganui,2/11/2020,ODI # 4243,4243,New Zealand,India
Australia,India,Australia,India,66 runs,Sydney,11/27/2020,ODI # 4265,4265,Australia,India
Australia,India,Australia,India,51 runs,Sydney,11/29/2020,ODI # 4266,4266,Australia,India
Australia,India,India,Australia,13 runs,Canberra,12/2/2020,ODI # 4267,4267,Australia,India
India,England,India,England,66 runs,Pune,3/23/2021,ODI # 4281,4281,India,India
India,England,England,India,6 wickets,Pune,3/26/2021,ODI # 4283,4283,India,India
India,England,India,England,7 runs,Pune,3/28/2021,ODI # 4284,4284,India,India
Sri Lanka,India,India,Sri Lanka,7 wickets,Colombo (RPS),7/18/2021,ODI # 4307,4307,Sri Lanka,India
Sri Lanka,India,India,Sri Lanka,3 wickets,Colombo (RPS),7/20/2021,ODI # 4309,4309,Sri Lanka,India
Sri Lanka,India,Sri Lanka,India,3 wickets,Colombo (RPS),7/23/2021,ODI # 4312,4312,Sri Lanka,India
South Africa,India,South Africa,India,31 runs,Paarl,1/19/2022,ODI # 4344,4344,South Africa,India
South Africa,India,South Africa,India,7 wickets,Paarl,1/21/2022,ODI # 4346,4346,South Africa,India
South Africa,India,South Africa,India,4 runs,Cape Town,1/23/2022,ODI # 4349,4349,South Africa,India
India,West Indies,India,West Indies,6 wickets,Ahmedabad,2/6/2022,ODI # 4353,4353,India,India
India,West Indies,India,West Indies,44 runs,Ahmedabad,2/9/2022,ODI # 4355,4355,India,India
India,West Indies,India,West Indies,96 runs,Ahmedabad,2/11/2022,ODI # 4356,4356,India,India
England,India,India,England,10 wickets,The Oval,7/12/2022,ODI # 4424,4424,England,India
England,India,England,India,100 runs,Lord's,7/14/2022,ODI # 4428,4428,England,India
England,India,India,England,5 wickets,Manchester,7/17/2022,ODI # 4433,4433,England,India
West Indies,India,India,West Indies,3 runs,Port of Spain,7/22/2022,ODI # 4436,4436,West Indies,India
West Indies,India,India,West Indies,2 wickets,Port of Spain,7/24/2022,ODI # 4438,4438,West Indies,India
West Indies,India,India,West Indies,119 runs,Port of Spain,7/27/2022,ODI # 4439,4439,West Indies,India
Zimbabwe,India,India,Zimbabwe,10 wickets,Harare,8/18/2022,ODI # 4451,4451,Zimbabwe,India
Zimbabwe,India,India,Zimbabwe,5 wickets,Harare,8/20/2022,ODI # 4454,4454,Zimbabwe,India
Zimbabwe,India,India,Zimbabwe,13 runs,Harare,8/22/2022,ODI # 4457,4457,Zimbabwe,India
India,South Africa,South Africa,India,9 runs,Lucknow,10/6/2022,ODI # 4470,4470,India,India
India,South Africa,India,South Africa,7 wickets,Ranchi,10/9/2022,ODI # 4471,4471,India,India
India,South Africa,India,South Africa,7 wickets,Delhi,10/11/2022,ODI # 4472,4472,India,India
New Zealand,India,New Zealand,India,7 wickets,Auckland,11/25/2022,ODI # 4483,4483,New Zealand,India
New Zealand,India,no result,New Zealand,,Hamilton,11/27/2022,ODI # 4487,4487,New Zealand,India
New Zealand,India,no result,New Zealand,,Christchurch,11/30/2022,ODI # 4489,4489,New Zealand,India
Bangladesh,India,Bangladesh,India,1 wicket,Mirpur,12/4/2022,ODI # 4493,4493,Bangladesh,India
Bangladesh,India,Bangladesh,India,5 runs,Mirpur,12/7/2022,ODI # 4496,4496,Bangladesh,India
Bangladesh,India,India,Bangladesh,227 runs,Chattogram,12/10/2022,ODI # 4499,4499,Bangladesh,India
