Team1,Team2,Winner,Result,Venue,Date,Type
RCB,KKR,KKR,140 runs,Bengaluru,2008-04-18,T20
Kings XI,Super Kings,Super Kings,33 runs,Mohali,2008-04-19,T20
Daredevils,Royals,Daredevils,9 wickets,Delhi,2008-04-19,T20
KKR,Chargers,KKR,5 wickets,Eden Gardens,2008-04-20,T20
Mumbai,RCB,RCB,5 wickets,Wankhede,2008-04-20,T20
Royals,Kings XI,Royals,6 wickets,Jaipur,2008-04-21,T20
Chargers,Daredevils,Daredevils,9 wickets,Hyderabad (Deccan),2008-04-22,T20
Super Kings,Mumbai,Super Kings,6 runs,Chennai,2008-04-23,T20
Chargers,Royals,Royals,3 wickets,Hyderabad (Deccan),2008-04-24,T20
Kings XI,Mumbai,Kings XI,66 runs,Mohali,2008-04-25,T20
Super Kings,KKR,Super Kings,9 wickets,Chennai,2008-04-26,T20
RCB,Royals,Royals,7 wickets,Bengaluru,2008-04-26,T20
Kings XI,Daredevils,Kings XI,4 wickets,Mohali,2008-04-27,T20
Mumbai,Chargers,Chargers,10 wickets,DY Patil,2008-04-27,T20
RCB,Super Kings,Super Kings,13 runs,Bengaluru,2008-04-28,T20
KKR,Mumbai,Mumbai,7 wickets,Eden Gardens,2008-04-29,T20
Daredevils,RCB,Daredevils,10 runs,Delhi,2008-04-30,T20
Royals,KKR,Royals,45 runs,Jaipur,2008-05-01,T20
Chargers,Kings XI,Kings XI,7 wickets,Hyderabad (Deccan),2008-05-01,T20
Super Kings,Daredevils,Daredevils,8 wickets,Chennai,2008-05-02,T20
RCB,Chargers,RCB,3 runs,Bengaluru,2008-05-03,T20
Kings XI,KKR,Kings XI,9 runs,Mohali,2008-05-03,T20
Mumbai,Daredevils,Mumbai,29 runs,DY Patil,2008-05-04,T20
Royals,Super Kings,Royals,8 wickets,Jaipur,2008-05-04,T20
RCB,Kings XI,Kings XI,6 wickets,Bengaluru,2008-05-05,T20
Super Kings,Chargers,Chargers,7 wickets,Chennai,2008-05-06,T20
Mumbai,Royals,Mumbai,7 wickets,DY Patil,2008-05-07,T20
Daredevils,Super Kings,Super Kings,4 wickets,Delhi,2008-05-08,T20
KKR,RCB,KKR,5 runs,Eden Gardens,2008-05-08,T20
Royals,Chargers,Royals,8 wickets,Jaipur,2008-05-09,T20
Super Kings,Kings XI,Super Kings,18 runs,Chennai,2008-05-10,T20
Chargers,KKR,KKR,23 runs,Hyderabad (Deccan),2008-05-11,T20
Royals,Daredevils,Royals,3 wickets,Jaipur,2008-05-11,T20
Kings XI,RCB,Kings XI,9 wickets,Mohali,2008-05-12,T20
KKR,Daredevils,KKR,23 runs,Eden Gardens,2008-05-13,T20
Mumbai,Super Kings,Mumbai,9 wickets,Wankhede,2008-05-14,T20
Daredevils,Chargers,Daredevils,12 runs,Delhi,2008-05-15,T20
Mumbai,KKR,Mumbai,8 wickets,Wankhede,2008-05-16,T20
Royals,RCB,Royals,65 runs,Jaipur,2008-05-17,T20
Daredevils,Kings XI,Kings XI,6 runs,Delhi,2008-05-17,T20
KKR,Super Kings,Super Kings,3 runs,Eden Gardens,2008-05-18,T20
Chargers,Mumbai,Mumbai,25 runs,Hyderabad (Deccan),2008-05-18,T20
RCB,Daredevils,Daredevils,5 wickets,Bengaluru,2008-05-19,T20
KKR,Royals,Royals,6 wickets,Eden Gardens,2008-05-20,T20
Mumbai,Kings XI,Kings XI,1 run,Wankhede,2008-05-21,T20
Super Kings,RCB,RCB,14 runs,Chennai,2008-05-21,T20
Daredevils,KKR,abandoned,,Delhi,2008-05-22,T20
Kings XI,Chargers,Kings XI,6 wickets,Mohali,2008-05-23,T20
Super Kings,Royals,Royals,10 runs,Chennai,2008-05-24,T20
Daredevils,Mumbai,Daredevils,5 wickets,Delhi,2008-05-24,T20
Chargers,RCB,RCB,5 wickets,Hyderabad (Deccan),2008-05-25,T20
KKR,Kings XI,KKR,3 wickets,Eden Gardens,2008-05-25,T20
Royals,Mumbai,Royals,5 wickets,Jaipur,2008-05-26,T20
Chargers,Super Kings,Super Kings,7 wickets,Hyderabad (Deccan),2008-05-27,T20
RCB,Mumbai,Mumbai,9 wickets,Bengaluru,2008-05-28,T20
Kings XI,Royals,Kings XI,41 runs,Mohali,2008-05-28,T20
Daredevils,Royals,Royals,105 runs,Wankhede,2008-05-30,T20
Super Kings,Kings XI,Super Kings,9 wickets,Wankhede,2008-05-31,T20
Super Kings,Royals,Royals,3 wickets,DY Patil,2008-06-01,T20
Super Kings,Mumbai,Mumbai,19 runs,Cape Town,2009-04-18,T20
RCB,Royals,RCB,75 runs,Cape Town,2009-04-18,T20
Daredevils,Kings XI,Daredevils,10 wickets,Cape Town,2009-04-19,T20
Chargers,KKR,Chargers,8 wickets,Cape Town,2009-04-19,T20
RCB,Super Kings,Super Kings,92 runs,Gqeberha,2009-04-20,T20
Kings XI,KKR,KKR,11 runs,Durban,2009-04-21,T20
Mumbai,Royals,abandoned,,Durban,2009-04-21,T20
RCB,Chargers,Chargers,24 runs,Cape Town,2009-04-22,T20
Super Kings,Daredevils,Daredevils,9 runs,Durban,2009-04-23,T20
KKR,Royals,tied,,Cape Town,2009-04-23,T20
RCB,Kings XI,Kings XI,7 wickets,Durban,2009-04-24,T20
Chargers,Mumbai,Chargers,12 runs,Durban,2009-04-25,T20
Super Kings,KKR,abandoned,,Cape Town,2009-04-25,T20
RCB,Daredevils,Daredevils,6 wickets,Gqeberha,2009-04-26,T20
Kings XI,Royals,Kings XI,27 runs,Cape Town,2009-04-26,T20
Super Kings,Chargers,Chargers,6 wickets,Durban,2009-04-27,T20
KKR,Mumbai,Mumbai,92 runs,Gqeberha,2009-04-27,T20
Daredevils,Royals,Royals,5 wickets,Centurion,2009-04-28,T20
RCB,KKR,RCB,5 wickets,Durban,2009-04-29,T20
Kings XI,Mumbai,Kings XI,3 runs,Durban,2009-04-29,T20
Chargers,Daredevils,Daredevils,6 wickets,Centurion,2009-04-30,T20
Super Kings,Royals,Super Kings,38 runs,Centurion,2009-04-30,T20
KKR,Mumbai,Mumbai,9 runs,East London,2009-05-01,T20
RCB,Kings XI,RCB,8 runs,Durban,2009-05-01,T20
Chargers,Royals,Royals,3 wickets,Gqeberha,2009-05-02,T20
Super Kings,Daredevils,Super Kings,18 runs,Johannesburg,2009-05-02,T20
Kings XI,KKR,Kings XI,6 wickets,Gqeberha,2009-05-03,T20
RCB,Mumbai,RCB,9 wickets,Johannesburg,2009-05-03,T20
Super Kings,Chargers,Super Kings,78 runs,East London,2009-05-04,T20
Kings XI,Royals,Royals,78 runs,Durban,2009-05-05,T20
Daredevils,KKR,Daredevils,9 wickets,Durban,2009-05-05,T20
Chargers,Mumbai,Chargers,19 runs,Centurion,2009-05-06,T20
RCB,Royals,Royals,7 wickets,Centurion,2009-05-07,T20
Super Kings,Kings XI,Super Kings,12 runs,Centurion,2009-05-07,T20
Daredevils,Mumbai,Daredevils,7 wickets,East London,2009-05-08,T20
Chargers,Kings XI,Kings XI,3 wickets,Kimberley,2009-05-09,T20
Super Kings,Royals,Super Kings,7 wickets,Kimberley,2009-05-09,T20
RCB,Mumbai,Mumbai,16 runs,Gqeberha,2009-05-10,T20
Daredevils,KKR,Daredevils,7 wickets,Johannesburg,2009-05-10,T20
Chargers,Royals,Chargers,53 runs,Kimberley,2009-05-11,T20
RCB,KKR,RCB,6 wickets,Centurion,2009-05-12,T20
Kings XI,Mumbai,Mumbai,8 wickets,Centurion,2009-05-12,T20
Chargers,Daredevils,Daredevils,12 runs,Durban,2009-05-13,T20
RCB,Super Kings,RCB,2 wickets,Durban,2009-05-14,T20
Mumbai,Royals,Royals,2 runs,Durban,2009-05-14,T20
Daredevils,Kings XI,Kings XI,6 wickets,Bloemfontein,2009-05-15,T20
Super Kings,Mumbai,Super Kings,7 wickets,Gqeberha,2009-05-16,T20
Chargers,KKR,Chargers,6 wickets,Johannesburg,2009-05-16,T20
Chargers,Kings XI,Kings XI,1 run,Johannesburg,2009-05-17,T20
Daredevils,Royals,Daredevils,14 runs,Bloemfontein,2009-05-17,T20
Super Kings,KKR,KKR,7 wickets,Centurion,2009-05-18,T20
RCB,Daredevils,RCB,7 wickets,Johannesburg,2009-05-19,T20
KKR,Royals,KKR,4 wickets,Durban,2009-05-20,T20
Super Kings,Kings XI,Super Kings,24 runs,Durban,2009-05-20,T20
Daredevils,Mumbai,Daredevils,4 wickets,Centurion,2009-05-21,T20
RCB,Chargers,RCB,12 runs,Centurion,2009-05-21,T20
Chargers,Daredevils,Chargers,6 wickets,Centurion,2009-05-22,T20
Super Kings,RCB,RCB,6 wickets,Johannesburg,2009-05-23,T20
Chargers,RCB,Chargers,6 runs,Johannesburg,2009-05-24,T20
Chargers,KKR,KKR,11 runs,DY Patil,2010-03-12,T20
Mumbai,Royals,Mumbai,4 runs,Brabourne,2010-03-13,T20
Kings XI,Daredevils,Daredevils,5 wickets,Mohali,2010-03-13,T20
KKR,RCB,KKR,7 wickets,Eden Gardens,2010-03-14,T20
Super Kings,Chargers,Chargers,31 runs,Chennai,2010-03-14,T20
Royals,Daredevils,Daredevils,6 wickets,Ahmedabad,2010-03-15,T20
RCB,Kings XI,RCB,8 wickets,Bengaluru,2010-03-16,T20
KKR,Super Kings,Super Kings,55 runs,Eden Gardens,2010-03-16,T20
Daredevils,Mumbai,Mumbai,98 runs,Delhi,2010-03-17,T20
RCB,Royals,RCB,10 wickets,Bengaluru,2010-03-18,T20
Daredevils,Super Kings,Super Kings,5 wickets,Delhi,2010-03-19,T20
Chargers,Kings XI,Chargers,6 runs,Cuttack,2010-03-19,T20
Royals,KKR,Royals,34 runs,Ahmedabad,2010-03-20,T20
Mumbai,RCB,RCB,7 wickets,Brabourne,2010-03-20,T20
Chargers,Daredevils,Chargers,10 runs,Cuttack,2010-03-21,T20
Super Kings,Kings XI,tied,,Chennai,2010-03-21,T20
Mumbai,KKR,Mumbai,7 wickets,Brabourne,2010-03-22,T20
RCB,Super Kings,RCB,36 runs,Bengaluru,2010-03-23,T20
Kings XI,Royals,Royals,31 runs,Mohali,2010-03-24,T20
RCB,Daredevils,Daredevils,17 runs,Bengaluru,2010-03-25,T20
Mumbai,Super Kings,Mumbai,5 wickets,Brabourne,2010-03-25,T20
Royals,Chargers,Royals,8 wickets,Ahmedabad,2010-03-26,T20
Kings XI,KKR,KKR,39 runs,Mohali,2010-03-27,T20
Royals,Super Kings,Royals,17 runs,Ahmedabad,2010-03-28,T20
Chargers,Mumbai,Mumbai,41 runs,DY Patil,2010-03-28,T20
Daredevils,KKR,Daredevils,40 runs,Delhi,2010-03-29,T20
Mumbai,Kings XI,Mumbai,4 wickets,Brabourne,2010-03-30,T20
Super Kings,RCB,Super Kings,5 wickets,Chennai,2010-03-31,T20
Daredevils,Royals,Daredevils,67 runs,Delhi,2010-03-31,T20
KKR,Chargers,KKR,24 runs,Eden Gardens,2010-04-01,T20
Kings XI,RCB,RCB,6 wickets,Mohali,2010-04-02,T20
Super Kings,Royals,Super Kings,23 runs,Chennai,2010-04-03,T20
Mumbai,Chargers,Mumbai,63 runs,Brabourne,2010-04-03,T20
KKR,Kings XI,Kings XI,8 wickets,Eden Gardens,2010-04-04,T20
Daredevils,RCB,Daredevils,37 runs,Delhi,2010-04-04,T20
Chargers,Royals,Royals,2 runs,Nagpur,2010-04-05,T20
Super Kings,Mumbai,Super Kings,24 runs,Chennai,2010-04-06,T20
Royals,Kings XI,Royals,9 wickets,Jaipur,2010-04-07,T20
KKR,Daredevils,KKR,14 runs,Eden Gardens,2010-04-07,T20
RCB,Chargers,Chargers,7 wickets,Bengaluru,2010-04-08,T20
Kings XI,Mumbai,Kings XI,6 wickets,Mohali,2010-04-09,T20
Chargers,Super Kings,Chargers,6 wickets,Nagpur,2010-04-10,T20
RCB,KKR,RCB,7 wickets,Bengaluru,2010-04-10,T20
Daredevils,Kings XI,Kings XI,7 wickets,Delhi,2010-04-11,T20
Royals,Mumbai,Mumbai,37 runs,Jaipur,2010-04-11,T20
Chargers,RCB,Chargers,13 runs,Nagpur,2010-04-12,T20
Mumbai,Daredevils,Mumbai,39 runs,Brabourne,2010-04-13,T20
Super Kings,KKR,Super Kings,9 wickets,Chennai,2010-04-13,T20
Royals,RCB,RCB,5 wickets,Jaipur,2010-04-14,T20
Super Kings,Daredevils,Daredevils,6 wickets,Chennai,2010-04-15,T20
Kings XI,Chargers,Chargers,5 wickets,Dharamsala,2010-04-16,T20
RCB,Mumbai,Mumbai,57 runs,Bengaluru,2010-04-17,T20
KKR,Royals,KKR,8 wickets,Eden Gardens,2010-04-17,T20
Kings XI,Super Kings,Super Kings,6 wickets,Dharamsala,2010-04-18,T20
Daredevils,Chargers,Chargers,11 runs,Delhi,2010-04-18,T20
KKR,Mumbai,KKR,9 wickets,Eden Gardens,2010-04-19,T20
Mumbai,RCB,Mumbai,35 runs,DY Patil,2010-04-21,T20
Super Kings,Chargers,Super Kings,38 runs,DY Patil,2010-04-22,T20
Chargers,RCB,RCB,9 wickets,DY Patil,2010-04-24,T20
Mumbai,Super Kings,Super Kings,22 runs,DY Patil,2010-04-25,T20
Super Kings,KKR,Super Kings,2 runs,Chennai,2011-04-08,T20
Chargers,Royals,Royals,8 wickets,Hyderabad (Deccan),2011-04-09,T20
Kochi,RCB,RCB,6 wickets,Kochi,2011-04-09,T20
Daredevils,Mumbai,Mumbai,8 wickets,Delhi,2011-04-10,T20
Warriors,Kings XI,Warriors,7 wickets,DY Patil,2011-04-10,T20
KKR,Chargers,KKR,9 runs,Eden Gardens,2011-04-11,T20
Royals,Daredevils,Royals,6 wickets,Jaipur,2011-04-12,T20
RCB,Mumbai,Mumbai,9 wickets,Bengaluru,2011-04-12,T20
Kings XI,Super Kings,Kings XI,6 wickets,Mohali,2011-04-13,T20
Warriors,Kochi,Warriors,4 wickets,DY Patil,2011-04-13,T20
Chargers,RCB,Chargers,33 runs,Hyderabad (Deccan),2011-04-14,T20
Royals,KKR,KKR,9 wickets,Jaipur,2011-04-15,T20
Mumbai,Kochi,Kochi,8 wickets,Wankhede,2011-04-15,T20
Super Kings,RCB,Super Kings,21 runs,Chennai,2011-04-16,T20
Chargers,Kings XI,Kings XI,8 wickets,Hyderabad (Deccan),2011-04-16,T20
Warriors,Daredevils,Daredevils,3 wickets,DY Patil,2011-04-17,T20
KKR,Royals,KKR,8 wickets,Eden Gardens,2011-04-17,T20
Kochi,Super Kings,Kochi,7 wickets,Kochi,2011-04-18,T20
Daredevils,Chargers,Chargers,16 runs,Delhi,2011-04-19,T20
RCB,Royals,abandoned,,Bengaluru,2011-04-19,T20
Mumbai,Warriors,Mumbai,7 wickets,Wankhede,2011-04-20,T20
KKR,Kochi,Kochi,6 runs,Eden Gardens,2011-04-20,T20
Kings XI,Royals,Kings XI,48 runs,Mohali,2011-04-21,T20
KKR,RCB,RCB,9 wickets,Eden Gardens,2011-04-22,T20
Mumbai,Super Kings,Mumbai,8 runs,Wankhede,2011-04-22,T20
Daredevils,Kings XI,Daredevils,29 runs,Delhi,2011-04-23,T20
Chargers,Mumbai,Mumbai,37 runs,Hyderabad (Deccan),2011-04-24,T20
Royals,Kochi,Royals,8 wickets,Jaipur,2011-04-24,T20
Super Kings,Warriors,Super Kings,25 runs,Chennai,2011-04-25,T20
Daredevils,RCB,RCB,3 wickets,Delhi,2011-04-26,T20
Warriors,Super Kings,Super Kings,8 wickets,DY Patil,2011-04-27,T20
Kochi,Chargers,Chargers,55 runs,Kochi,2011-04-27,T20
Daredevils,KKR,KKR,17 runs,Delhi,2011-04-28,T20
Royals,Mumbai,Royals,7 wickets,Jaipur,2011-04-29,T20
RCB,Warriors,RCB,26 runs,Bengaluru,2011-04-29,T20
Kochi,Daredevils,Daredevils,38 runs,Kochi,2011-04-30,T20
KKR,Kings XI,KKR,8 wickets,Eden Gardens,2011-04-30,T20
Royals,Warriors,Royals,6 wickets,Jaipur,2011-05-01,T20
Super Kings,Chargers,Super Kings,19 runs,Chennai,2011-05-01,T20
Mumbai,Kings XI,Mumbai,23 runs,Wankhede,2011-05-02,T20
Daredevils,Kochi,Kochi,7 wickets,Delhi,2011-05-02,T20
Chargers,KKR,KKR,20 runs,Hyderabad (Deccan),2011-05-03,T20
Super Kings,Royals,Super Kings,8 wickets,Chennai,2011-05-04,T20
Warriors,Mumbai,Mumbai,21 runs,DY Patil,2011-05-04,T20
Kochi,KKR,Kochi,17 runs,Kochi,2011-05-05,T20
Chargers,Daredevils,Daredevils,4 wickets,Hyderabad (Deccan),2011-05-05,T20
RCB,Kings XI,RCB,85 runs,Bengaluru,2011-05-06,T20
KKR,Super Kings,KKR,10 runs,Eden Gardens,2011-05-07,T20
Mumbai,Daredevils,Mumbai,32 runs,Wankhede,2011-05-07,T20
RCB,Kochi,RCB,9 wickets,Bengaluru,2011-05-08,T20
Kings XI,Warriors,Warriors,5 wickets,Mohali,2011-05-08,T20
Royals,Super Kings,Super Kings,63 runs,Jaipur,2011-05-09,T20
Chargers,Warriors,Warriors,6 wickets,Hyderabad (Deccan),2011-05-10,T20
Kings XI,Mumbai,Kings XI,76 runs,Mohali,2011-05-10,T20
Royals,RCB,RCB,9 wickets,Jaipur,2011-05-11,T20
Super Kings,Daredevils,Super Kings,18 runs,Chennai,2011-05-12,T20
Kochi,Kings XI,Kings XI,6 wickets,Indore,2011-05-13,T20
RCB,KKR,RCB,4 wickets,Bengaluru,2011-05-14,T20
Mumbai,Chargers,Chargers,10 runs,Wankhede,2011-05-14,T20
Kings XI,Daredevils,Kings XI,29 runs,Dharamsala,2011-05-15,T20
Kochi,Royals,Kochi,8 wickets,Indore,2011-05-15,T20
Warriors,Chargers,Chargers,6 wickets,DY Patil,2011-05-16,T20
Kings XI,RCB,Kings XI,111 runs,Dharamsala,2011-05-17,T20
Super Kings,Kochi,Super Kings,11 runs,Chennai,2011-05-18,T20
Warriors,KKR,KKR,7 wickets,DY Patil,2011-05-19,T20
Mumbai,Royals,Royals,10 wickets,Wankhede,2011-05-20,T20
Kings XI,Chargers,Chargers,82 runs,Dharamsala,2011-05-21,T20
Daredevils,Warriors,no result,,Delhi,2011-05-21,T20
RCB,Super Kings,RCB,8 wickets,Bengaluru,2011-05-22,T20
KKR,Mumbai,Mumbai,5 wickets,Eden Gardens,2011-05-22,T20
Super Kings,RCB,Super Kings,6 wickets,Wankhede,2011-05-24,T20
Mumbai,KKR,Mumbai,4 wickets,Wankhede,2011-05-25,T20
Mumbai,RCB,RCB,43 runs,Chennai,2011-05-27,T20
Super Kings,RCB,Super Kings,58 runs,Chennai,2011-05-28,T20
Super Kings,Mumbai,Mumbai,8 wickets,Chennai,2012-04-04,T20
KKR,Daredevils,Daredevils,8 wickets,Eden Gardens,2012-04-05,T20
Mumbai,Warriors,Warriors,28 runs,Wankhede,2012-04-06,T20
Royals,Kings XI,Royals,31 runs,Jaipur,2012-04-06,T20
RCB,Daredevils,RCB,20 runs,Bengaluru,2012-04-07,T20
Chargers,Super Kings,Super Kings,74 runs,Visakhapatnam,2012-04-07,T20
Royals,KKR,Royals,22 runs,Jaipur,2012-04-08,T20
Warriors,Kings XI,Warriors,22 runs,Pune,2012-04-08,T20
Chargers,Mumbai,Mumbai,5 wickets,Visakhapatnam,2012-04-09,T20
RCB,KKR,KKR,42 runs,Bengaluru,2012-04-10,T20
Daredevils,Super Kings,Daredevils,8 wickets,Delhi,2012-04-10,T20
Mumbai,Royals,Mumbai,27 runs,Wankhede,2012-04-11,T20
Super Kings,RCB,Super Kings,5 wickets,Chennai,2012-04-12,T20
Kings XI,Warriors,Kings XI,7 wickets,Mohali,2012-04-12,T20
KKR,Royals,KKR,5 wickets,Eden Gardens,2012-04-13,T20
Warriors,Super Kings,Warriors,7 wickets,Pune,2012-04-14,T20
KKR,Kings XI,Kings XI,2 runs,Eden Gardens,2012-04-15,T20
RCB,Royals,Royals,59 runs,Bengaluru,2012-04-15,T20
Mumbai,Daredevils,Daredevils,7 wickets,Wankhede,2012-04-16,T20
Royals,Chargers,Royals,5 wickets,Jaipur,2012-04-17,T20
RCB,Warriors,RCB,6 wickets,Bengaluru,2012-04-17,T20
Kings XI,KKR,KKR,8 wickets,Mohali,2012-04-18,T20
Daredevils,Chargers,Daredevils,5 wickets,Delhi,2012-04-19,T20
Super Kings,Warriors,Super Kings,13 runs,Chennai,2012-04-19,T20
Kings XI,RCB,RCB,5 wickets,Mohali,2012-04-20,T20
Super Kings,Royals,Super Kings,7 wickets,Chennai,2012-04-21,T20
Daredevils,Warriors,Warriors,20 runs,Delhi,2012-04-21,T20
Mumbai,Kings XI,Kings XI,6 wickets,Wankhede,2012-04-22,T20
Chargers,KKR,KKR,5 wickets,Cuttack,2012-04-22,T20
Royals,RCB,RCB,46 runs,Jaipur,2012-04-23,T20
Warriors,Daredevils,Daredevils,8 wickets,Pune,2012-04-24,T20
KKR,Chargers,abandoned,,Eden Gardens,2012-04-24,T20
Kings XI,Mumbai,Mumbai,4 wickets,Mohali,2012-04-25,T20
RCB,Super Kings,no result,,Bengaluru,2012-04-25,T20
Warriors,Chargers,Chargers,18 runs,Pune,2012-04-26,T20
Daredevils,Mumbai,Daredevils,37 runs,Delhi,2012-04-27,T20
Super Kings,Kings XI,Kings XI,7 runs,Chennai,2012-04-28,T20
KKR,RCB,KKR,47 runs,Eden Gardens,2012-04-28,T20
Daredevils,Royals,Daredevils,1 run,Delhi,2012-04-29,T20
Mumbai,Chargers,Mumbai,5 wickets,Wankhede,2012-04-29,T20
Super Kings,KKR,KKR,5 wickets,Chennai,2012-04-30,T20
Chargers,Warriors,Chargers,13 runs,Cuttack,2012-05-01,T20
Royals,Daredevils,Daredevils,6 wickets,Jaipur,2012-05-01,T20
RCB,Kings XI,Kings XI,4 wickets,Bengaluru,2012-05-02,T20
Warriors,Mumbai,Mumbai,1 run,Pune,2012-05-03,T20
Super Kings,Chargers,Super Kings,10 runs,Chennai,2012-05-04,T20
KKR,Warriors,KKR,7 runs,Eden Gardens,2012-05-05,T20
Kings XI,Royals,Royals,43 runs,Mohali,2012-05-05,T20
Mumbai,Super Kings,Mumbai,2 wickets,Wankhede,2012-05-06,T20
RCB,Chargers,RCB,5 wickets,Bengaluru,2012-05-06,T20
Daredevils,KKR,KKR,6 wickets,Delhi,2012-05-07,T20
Warriors,Royals,Royals,7 wickets,Pune,2012-05-08,T20
Chargers,Kings XI,Kings XI,25 runs,Hyderabad (Deccan),2012-05-08,T20
Mumbai,RCB,RCB,9 wickets,Wankhede,2012-05-09,T20
Chargers,Daredevils,Daredevils,9 wickets,Hyderabad (Deccan),2012-05-10,T20
Royals,Super Kings,Super Kings,4 wickets,Jaipur,2012-05-10,T20
Warriors,RCB,RCB,35 runs,Pune,2012-05-11,T20
KKR,Mumbai,Mumbai,27 runs,Eden Gardens,2012-05-12,T20
Super Kings,Daredevils,Super Kings,9 wickets,Chennai,2012-05-12,T20
Royals,Warriors,Royals,45 runs,Jaipur,2012-05-13,T20
Kings XI,Chargers,Kings XI,4 wickets,Mohali,2012-05-13,T20
RCB,Mumbai,Mumbai,5 wickets,Bengaluru,2012-05-14,T20
KKR,Super Kings,Super Kings,5 wickets,Eden Gardens,2012-05-14,T20
Daredevils,Kings XI,Daredevils,5 wickets,Delhi,2012-05-15,T20
Mumbai,KKR,KKR,32 runs,Wankhede,2012-05-16,T20
Kings XI,Super Kings,Kings XI,6 wickets,Dharamsala,2012-05-17,T20
Daredevils,RCB,RCB,21 runs,Delhi,2012-05-17,T20
Chargers,Royals,Chargers,5 wickets,Hyderabad (Deccan),2012-05-18,T20
Kings XI,Daredevils,Daredevils,6 wickets,Dharamsala,2012-05-19,T20
Warriors,KKR,KKR,34 runs,Pune,2012-05-19,T20
Chargers,RCB,Chargers,9 runs,Hyderabad (Deccan),2012-05-20,T20
Royals,Mumbai,Mumbai,10 wickets,Jaipur,2012-05-20,T20
Daredevils,KKR,KKR,18 runs,Pune,2012-05-22,T20
Super Kings,Mumbai,Super Kings,38 runs,Bengaluru,2012-05-23,T20
Super Kings,Daredevils,Super Kings,86 runs,Chennai,2012-05-25,T20
Super Kings,KKR,KKR,5 wickets,Chennai,2012-05-27,T20
KKR,Daredevils,KKR,6 wickets,Eden Gardens,2013-04-03,T20
RCB,Mumbai,RCB,2 runs,Bengaluru,2013-04-04,T20
Sunrisers,Warriors,Sunrisers,22 runs,Hyderabad (Deccan),2013-04-05,T20
Daredevils,Royals,Royals,5 runs,Delhi,2013-04-06,T20
Super Kings,Mumbai,Mumbai,9 runs,Chennai,2013-04-06,T20
Warriors,Kings XI,Kings XI,8 wickets,Pune,2013-04-07,T20
Sunrisers,RCB,tied,,Hyderabad (Deccan),2013-04-07,T20
Royals,KKR,Royals,19 runs,Jaipur,2013-04-08,T20
RCB,Sunrisers,RCB,7 wickets,Bengaluru,2013-04-09,T20
Mumbai,Daredevils,Mumbai,44 runs,Wankhede,2013-04-09,T20
Kings XI,Super Kings,Super Kings,10 wickets,Mohali,2013-04-10,T20
RCB,KKR,RCB,8 wickets,Bengaluru,2013-04-11,T20
Warriors,Royals,Warriors,7 wickets,Pune,2013-04-11,T20
Daredevils,Sunrisers,Sunrisers,3 wickets,Delhi,2013-04-12,T20
Mumbai,Warriors,Mumbai,41 runs,Wankhede,2013-04-13,T20
Super Kings,RCB,Super Kings,4 wickets,Chennai,2013-04-13,T20
KKR,Sunrisers,KKR,48 runs,Eden Gardens,2013-04-14,T20
Royals,Kings XI,Royals,6 wickets,Jaipur,2013-04-14,T20
Super Kings,Warriors,Warriors,24 runs,Chennai,2013-04-15,T20
Kings XI,KKR,Kings XI,4 runs,Mohali,2013-04-16,T20
RCB,Daredevils,tied,,Bengaluru,2013-04-16,T20
Warriors,Sunrisers,Sunrisers,11 runs,Pune,2013-04-17,T20
Royals,Mumbai,Royals,87 runs,Jaipur,2013-04-17,T20
Daredevils,Super Kings,Super Kings,86 runs,Delhi,2013-04-18,T20
Sunrisers,Kings XI,Sunrisers,5 wickets,Hyderabad (Deccan),2013-04-19,T20
KKR,Super Kings,Super Kings,4 wickets,Eden Gardens,2013-04-20,T20
RCB,Royals,RCB,7 wickets,Bengaluru,2013-04-20,T20
Daredevils,Mumbai,Daredevils,9 wickets,Delhi,2013-04-21,T20
Kings XI,Warriors,Kings XI,7 wickets,Mohali,2013-04-21,T20
Super Kings,Royals,Super Kings,5 wickets,Chennai,2013-04-22,T20
RCB,Warriors,RCB,130 runs,Bengaluru,2013-04-23,T20
Daredevils,Kings XI,Kings XI,5 wickets,Delhi,2013-04-23,T20
KKR,Mumbai,Mumbai,5 wickets,Eden Gardens,2013-04-24,T20
Super Kings,Sunrisers,Super Kings,5 wickets,Chennai,2013-04-25,T20
KKR,Kings XI,KKR,6 wickets,Eden Gardens,2013-04-26,T20
Royals,Sunrisers,Royals,8 wickets,Jaipur,2013-04-27,T20
Mumbai,RCB,Mumbai,58 runs,Wankhede,2013-04-27,T20
Super Kings,KKR,Super Kings,14 runs,Chennai,2013-04-28,T20
Daredevils,Warriors,Daredevils,15 runs,Raipur,2013-04-28,T20
Royals,RCB,Royals,4 wickets,Jaipur,2013-04-29,T20
Mumbai,Kings XI,Mumbai,4 runs,Wankhede,2013-04-29,T20
Warriors,Super Kings,Super Kings,37 runs,Pune,2013-04-30,T20
Sunrisers,Mumbai,Sunrisers,7 wickets,Hyderabad (Deccan),2013-05-01,T20
Daredevils,KKR,Daredevils,7 wickets,Raipur,2013-05-01,T20
Super Kings,Kings XI,Super Kings,15 runs,Chennai,2013-05-02,T20
Warriors,RCB,RCB,17 runs,Pune,2013-05-02,T20
KKR,Royals,KKR,8 wickets,Eden Gardens,2013-05-03,T20
Sunrisers,Daredevils,Sunrisers,6 wickets,Hyderabad (Deccan),2013-05-04,T20
Mumbai,Super Kings,Mumbai,60 runs,Wankhede,2013-05-05,T20
Royals,Warriors,Royals,5 wickets,Jaipur,2013-05-05,T20
Kings XI,RCB,Kings XI,6 wickets,Mohali,2013-05-06,T20
Royals,Daredevils,Royals,9 wickets,Jaipur,2013-05-07,T20
Mumbai,KKR,Mumbai,65 runs,Wankhede,2013-05-07,T20
Sunrisers,Super Kings,Super Kings,77 runs,Hyderabad (Deccan),2013-05-08,T20
Kings XI,Royals,Royals,8 wickets,Mohali,2013-05-09,T20
Warriors,KKR,KKR,46 runs,Pune,2013-05-09,T20
Daredevils,RCB,RCB,4 runs,Delhi,2013-05-10,T20
Warriors,Mumbai,Mumbai,5 wickets,Pune,2013-05-11,T20
Kings XI,Sunrisers,Sunrisers,30 runs,Mohali,2013-05-11,T20
KKR,RCB,KKR,5 wickets,Ranchi,2013-05-12,T20
Royals,Super Kings,Royals,5 wickets,Jaipur,2013-05-12,T20
Mumbai,Sunrisers,Mumbai,7 wickets,Wankhede,2013-05-13,T20
RCB,Kings XI,Kings XI,7 wickets,Bengaluru,2013-05-14,T20
Super Kings,Daredevils,Super Kings,33 runs,Chennai,2013-05-14,T20
KKR,Warriors,Warriors,7 runs,Ranchi,2013-05-15,T20
Mumbai,Royals,Mumbai,14 runs,Wankhede,2013-05-15,T20
Kings XI,Daredevils,Kings XI,7 runs,Dharamsala,2013-05-16,T20
Sunrisers,Royals,Sunrisers,23 runs,Hyderabad (Deccan),2013-05-17,T20
Kings XI,Mumbai,Kings XI,50 runs,Dharamsala,2013-05-18,T20
RCB,Super Kings,RCB,24 runs,Bengaluru,2013-05-18,T20
Warriors,Daredevils,Warriors,38 runs,Pune,2013-05-19,T20
Sunrisers,KKR,Sunrisers,5 wickets,Hyderabad (Deccan),2013-05-19,T20
Super Kings,Mumbai,Super Kings,48 runs,Delhi,2013-05-21,T20
Royals,Sunrisers,Royals,4 wickets,Delhi,2013-05-22,T20
Mumbai,Royals,Mumbai,4 wickets,Eden Gardens,2013-05-24,T20
Super Kings,Mumbai,Mumbai,23 runs,Eden Gardens,2013-05-26,T20
Match results,,,,,,
Mumbai,KKR,KKR,41 runs,Abu Dhabi,2014-04-16,T20
Daredevils,RCB,RCB,8 wickets,Sharjah,2014-04-17,T20
Super Kings,Kings XI,Kings XI,6 wickets,Abu Dhabi,2014-04-18,T20
Sunrisers,Royals,Royals,4 wickets,Abu Dhabi,2014-04-18,T20
RCB,Mumbai,RCB,7 wickets,Dubai (DSC),2014-04-19,T20
KKR,Daredevils,Daredevils,4 wickets,Dubai (DSC),2014-04-19,T20
Royals,Kings XI,Kings XI,7 wickets,Sharjah,2014-04-20,T20
Super Kings,Daredevils,Super Kings,93 runs,Abu Dhabi,2014-04-21,T20
Kings XI,Sunrisers,Kings XI,72 runs,Sharjah,2014-04-22,T20
Royals,Super Kings,Super Kings,7 runs,Dubai (DSC),2014-04-23,T20
RCB,KKR,KKR,2 runs,Sharjah,2014-04-24,T20
Sunrisers,Daredevils,Sunrisers,4 runs,Dubai (DSC),2014-04-25,T20
Super Kings,Mumbai,Super Kings,7 wickets,Dubai (DSC),2014-04-25,T20
Royals,RCB,Royals,6 wickets,Abu Dhabi,2014-04-26,T20
KKR,Kings XI,Kings XI,23 runs,Abu Dhabi,2014-04-26,T20
Daredevils,Mumbai,Daredevils,6 wickets,Sharjah,2014-04-27,T20
Sunrisers,Super Kings,Super Kings,5 wickets,Sharjah,2014-04-27,T20
Kings XI,RCB,Kings XI,5 wickets,Dubai (DSC),2014-04-28,T20
KKR,Royals,tied,,Abu Dhabi,2014-04-29,T20
Mumbai,Sunrisers,Sunrisers,15 runs,Dubai (DSC),2014-04-30,T20
Super Kings,KKR,Super Kings,34 runs,Ranchi,2014-05-02,T20
Mumbai,Kings XI,Mumbai,5 wickets,Wankhede,2014-05-03,T20
Daredevils,Royals,Royals,7 wickets,Delhi,2014-05-03,T20
RCB,Sunrisers,RCB,4 wickets,Bengaluru,2014-05-04,T20
Royals,KKR,Royals,10 runs,Ahmedabad,2014-05-05,T20
Daredevils,Super Kings,Super Kings,8 wickets,Delhi,2014-05-05,T20
Mumbai,RCB,Mumbai,19 runs,Wankhede,2014-05-06,T20
Daredevils,KKR,KKR,8 wickets,Delhi,2014-05-07,T20
Kings XI,Super Kings,Kings XI,44 runs,Cuttack,2014-05-07,T20
Royals,Sunrisers,Sunrisers,32 runs,Ahmedabad,2014-05-08,T20
RCB,Kings XI,Kings XI,32 runs,Bengaluru,2014-05-09,T20
Daredevils,Sunrisers,Sunrisers,8 wickets,Delhi,2014-05-10,T20
Mumbai,Super Kings,Super Kings,4 wickets,Wankhede,2014-05-10,T20
Kings XI,KKR,KKR,9 wickets,Cuttack,2014-05-11,T20
RCB,Royals,Royals,5 wickets,Bengaluru,2014-05-11,T20
Sunrisers,Mumbai,Mumbai,7 wickets,Hyderabad (Deccan),2014-05-12,T20
Super Kings,Royals,Super Kings,5 wickets,Ranchi,2014-05-13,T20
RCB,Daredevils,RCB,16 runs,Bengaluru,2014-05-13,T20
Sunrisers,Kings XI,Kings XI,6 wickets,Hyderabad (Deccan),2014-05-14,T20
KKR,Mumbai,KKR,6 wickets,Cuttack,2014-05-14,T20
Royals,Daredevils,Royals,62 runs,Ahmedabad,2014-05-15,T20
Super Kings,RCB,RCB,5 wickets,Ranchi,2014-05-18,T20
Sunrisers,KKR,KKR,7 wickets,Hyderabad (Deccan),2014-05-18,T20
Royals,Mumbai,Mumbai,25 runs,Ahmedabad,2014-05-19,T20
Daredevils,Kings XI,Kings XI,4 wickets,Delhi,2014-05-19,T20
Sunrisers,RCB,Sunrisers,7 wickets,Hyderabad (Deccan),2014-05-20,T20
KKR,Super Kings,KKR,8 wickets,Eden Gardens,2014-05-20,T20
Kings XI,Mumbai,Mumbai,7 wickets,Mohali,2014-05-21,T20
KKR,RCB,KKR,30 runs,Eden Gardens,2014-05-22,T20
Super Kings,Sunrisers,Sunrisers,6 wickets,Ranchi,2014-05-22,T20
Mumbai,Daredevils,Mumbai,15 runs,Wankhede,2014-05-23,T20
Kings XI,Royals,Kings XI,16 runs,Mohali,2014-05-23,T20
RCB,Super Kings,Super Kings,8 wickets,Bengaluru,2014-05-24,T20
KKR,Sunrisers,KKR,4 wickets,Eden Gardens,2014-05-24,T20
Kings XI,Daredevils,Kings XI,7 wickets,Mohali,2014-05-25,T20
Mumbai,Royals,Mumbai,5 wickets,Wankhede,2014-05-25,T20
KKR,Kings XI,KKR,28 runs,Eden Gardens,2014-05-27,T20
Mumbai,Super Kings,Super Kings,7 wickets,Brabourne,2014-05-28,T20
Super Kings,Kings XI,Kings XI,24 runs,Wankhede,2014-05-30,T20
Kings XI,KKR,KKR,3 wickets,Bengaluru,2014-06-01,T20
KKR,Mumbai,KKR,7 wickets,Eden Gardens,2015-04-08,T20
Super Kings,Daredevils,Super Kings,1 run,Chennai,2015-04-09,T20
Kings XI,Royals,Royals,26 runs,Pune,2015-04-10,T20
Super Kings,Sunrisers,Super Kings,45 runs,Chennai,2015-04-11,T20
KKR,RCB,RCB,3 wickets,Eden Gardens,2015-04-11,T20
Daredevils,Royals,Royals,3 wickets,Delhi,2015-04-12,T20
Mumbai,Kings XI,Kings XI,18 runs,Wankhede,2015-04-12,T20
RCB,Sunrisers,Sunrisers,8 wickets,Bengaluru,2015-04-13,T20
Royals,Mumbai,Royals,7 wickets,Ahmedabad,2015-04-14,T20
Kings XI,Daredevils,Daredevils,5 wickets,Pune,2015-04-15,T20
Sunrisers,Royals,Royals,6 wickets,Visakhapatnam,2015-04-16,T20
Mumbai,Super Kings,Super Kings,6 wickets,Wankhede,2015-04-17,T20
Sunrisers,Daredevils,Daredevils,4 runs,Visakhapatnam,2015-04-18,T20
Kings XI,KKR,KKR,4 wickets,Pune,2015-04-18,T20
Royals,Super Kings,Royals,8 wickets,Ahmedabad,2015-04-19,T20
RCB,Mumbai,Mumbai,18 runs,Bengaluru,2015-04-19,T20
Daredevils,KKR,KKR,6 wickets,Delhi,2015-04-20,T20
Royals,Kings XI,tied,,Ahmedabad,2015-04-21,T20
Sunrisers,KKR,Sunrisers,16 runs,Visakhapatnam,2015-04-22,T20
RCB,Super Kings,Super Kings,27 runs,Bengaluru,2015-04-22,T20
Daredevils,Mumbai,Daredevils,37 runs,Delhi,2015-04-23,T20
Royals,RCB,RCB,9 wickets,Ahmedabad,2015-04-24,T20
Mumbai,Sunrisers,Mumbai,20 runs,Wankhede,2015-04-25,T20
Super Kings,Kings XI,Super Kings,97 runs,Chennai,2015-04-25,T20
KKR,Royals,abandoned,,Eden Gardens,2015-04-26,T20
Daredevils,RCB,RCB,10 wickets,Delhi,2015-04-26,T20
Kings XI,Sunrisers,Sunrisers,20 runs,Mohali,2015-04-27,T20
Super Kings,KKR,Super Kings,2 runs,Chennai,2015-04-28,T20
RCB,Royals,no result,,Bengaluru,2015-04-29,T20
KKR,Super Kings,KKR,7 wickets,Eden Gardens,2015-04-30,T20
Daredevils,Kings XI,Daredevils,9 wickets,Delhi,2015-05-01,T20
Mumbai,Royals,Mumbai,8 runs,Wankhede,2015-05-01,T20
RCB,KKR,RCB,7 wickets,Bengaluru,2015-05-02,T20
Sunrisers,Super Kings,Sunrisers,22 runs,Hyderabad (Deccan),2015-05-02,T20
Kings XI,Mumbai,Mumbai,23 runs,Mohali,2015-05-03,T20
Royals,Daredevils,Royals,14 runs,Brabourne,2015-05-03,T20
Super Kings,RCB,Super Kings,24 runs,Chennai,2015-05-04,T20
KKR,Sunrisers,KKR,35 runs,Eden Gardens,2015-05-04,T20
Mumbai,Daredevils,Mumbai,5 wickets,Wankhede,2015-05-05,T20
RCB,Kings XI,RCB,138 runs,Bengaluru,2015-05-06,T20
Royals,Sunrisers,Sunrisers,7 runs,Brabourne,2015-05-07,T20
KKR,Daredevils,KKR,13 runs,Eden Gardens,2015-05-07,T20
Super Kings,Mumbai,Mumbai,6 wickets,Chennai,2015-05-08,T20
KKR,Kings XI,KKR,1 wicket,Eden Gardens,2015-05-09,T20
Daredevils,Sunrisers,Sunrisers,6 runs,Raipur,2015-05-09,T20
Mumbai,RCB,RCB,39 runs,Wankhede,2015-05-10,T20
Super Kings,Royals,Super Kings,12 runs,Chennai,2015-05-10,T20
Sunrisers,Kings XI,Sunrisers,5 runs,Hyderabad (Deccan),2015-05-11,T20
Daredevils,Super Kings,Daredevils,6 wickets,Raipur,2015-05-12,T20
Kings XI,RCB,Kings XI,22 runs,Mohali,2015-05-13,T20
Mumbai,KKR,Mumbai,5 runs,Wankhede,2015-05-14,T20
Sunrisers,RCB,RCB,6 wickets,Hyderabad (Deccan),2015-05-15,T20
Kings XI,Super Kings,Super Kings,7 wickets,Mohali,2015-05-16,T20
Royals,KKR,Royals,9 runs,Brabourne,2015-05-16,T20
RCB,Daredevils,no result,,Bengaluru,2015-05-17,T20
Sunrisers,Mumbai,Mumbai,9 wickets,Hyderabad (Deccan),2015-05-17,T20
Super Kings,Mumbai,Mumbai,25 runs,Wankhede,2015-05-19,T20
Royals,RCB,RCB,71 runs,Pune,2015-05-20,T20
Super Kings,RCB,Super Kings,3 wickets,Ranchi,2015-05-22,T20
Super Kings,Mumbai,Mumbai,41 runs,Eden Gardens,2015-05-24,T20
Mumbai,Supergiants,Supergiants,9 wickets,Wankhede,2016-04-09,T20
KKR,Daredevils,KKR,9 wickets,Eden Gardens,2016-04-10,T20
Kings XI,Guj Lions,Guj Lions,5 wickets,Mohali,2016-04-11,T20
RCB,Sunrisers,RCB,45 runs,Bengaluru,2016-04-12,T20
KKR,Mumbai,Mumbai,6 wickets,Eden Gardens,2016-04-13,T20
Guj Lions,Supergiants,Guj Lions,7 wickets,Rajkot,2016-04-14,T20
Daredevils,Kings XI,Daredevils,8 wickets,Delhi,2016-04-15,T20
Sunrisers,KKR,KKR,8 wickets,Hyderabad (Deccan),2016-04-16,T20
Mumbai,Guj Lions,Guj Lions,3 wickets,Wankhede,2016-04-16,T20
Kings XI,Supergiants,Kings XI,6 wickets,Mohali,2016-04-17,T20
RCB,Daredevils,Daredevils,7 wickets,Bengaluru,2016-04-17,T20
Sunrisers,Mumbai,Sunrisers,7 wickets,Hyderabad (Deccan),2016-04-18,T20
Kings XI,KKR,KKR,6 wickets,Mohali,2016-04-19,T20
Mumbai,RCB,Mumbai,6 wickets,Wankhede,2016-04-20,T20
Guj Lions,Sunrisers,Sunrisers,10 wickets,Rajkot,2016-04-21,T20
Supergiants,RCB,RCB,13 runs,Pune,2016-04-22,T20
Daredevils,Mumbai,Daredevils,10 runs,Delhi,2016-04-23,T20
Sunrisers,Kings XI,Sunrisers,5 wickets,Hyderabad (Deccan),2016-04-23,T20
Guj Lions,RCB,Guj Lions,6 wickets,Rajkot,2016-04-24,T20
Supergiants,KKR,KKR,2 wickets,Pune,2016-04-24,T20
Kings XI,Mumbai,Mumbai,25 runs,Mohali,2016-04-25,T20
Sunrisers,Supergiants,Supergiants,34 runs,Hyderabad (Deccan),2016-04-26,T20
Daredevils,Guj Lions,Guj Lions,1 run,Delhi,2016-04-27,T20
Mumbai,KKR,Mumbai,6 wickets,Wankhede,2016-04-28,T20
Supergiants,Guj Lions,Guj Lions,3 wickets,Pune,2016-04-29,T20
Daredevils,KKR,Daredevils,27 runs,Delhi,2016-04-30,T20
Sunrisers,RCB,Sunrisers,15 runs,Hyderabad (Deccan),2016-04-30,T20
Guj Lions,Kings XI,Kings XI,23 runs,Rajkot,2016-05-01,T20
Supergiants,Mumbai,Mumbai,8 wickets,Pune,2016-05-01,T20
RCB,KKR,KKR,5 wickets,Bengaluru,2016-05-02,T20
Guj Lions,Daredevils,Daredevils,8 wickets,Rajkot,2016-05-03,T20
KKR,Kings XI,KKR,7 runs,Eden Gardens,2016-05-04,T20
Daredevils,Supergiants,Supergiants,7 wickets,Delhi,2016-05-05,T20
Sunrisers,Guj Lions,Sunrisers,5 wickets,Hyderabad (Deccan),2016-05-06,T20
RCB,Supergiants,RCB,7 wickets,Bengaluru,2016-05-07,T20
Kings XI,Daredevils,Kings XI,9 runs,Mohali,2016-05-07,T20
Mumbai,Sunrisers,Sunrisers,85 runs,Visakhapatnam,2016-05-08,T20
KKR,Guj Lions,Guj Lions,5 wickets,Eden Gardens,2016-05-08,T20
Kings XI,RCB,RCB,1 run,Mohali,2016-05-09,T20
Supergiants,Sunrisers,Sunrisers,4 runs,Visakhapatnam,2016-05-10,T20
RCB,Mumbai,Mumbai,6 wickets,Bengaluru,2016-05-11,T20
Sunrisers,Daredevils,Daredevils,7 wickets,Hyderabad (Deccan),2016-05-12,T20
Mumbai,Kings XI,Kings XI,7 wickets,Visakhapatnam,2016-05-13,T20
RCB,Guj Lions,RCB,144 runs,Bengaluru,2016-05-14,T20
KKR,Supergiants,KKR,8 wickets,Eden Gardens,2016-05-14,T20
Kings XI,Sunrisers,Sunrisers,7 wickets,Mohali,2016-05-15,T20
Mumbai,Daredevils,Mumbai,80 runs,Visakhapatnam,2016-05-15,T20
KKR,RCB,RCB,9 wickets,Eden Gardens,2016-05-16,T20
Supergiants,Daredevils,Supergiants,19 runs,Visakhapatnam,2016-05-17,T20
RCB,Kings XI,RCB,82 runs,Bengaluru,2016-05-18,T20
Guj Lions,KKR,Guj Lions,6 wickets,Kanpur,2016-05-19,T20
Daredevils,Sunrisers,Daredevils,6 wickets,Raipur,2016-05-20,T20
Supergiants,Kings XI,Supergiants,4 wickets,Visakhapatnam,2016-05-21,T20
Guj Lions,Mumbai,Guj Lions,6 wickets,Kanpur,2016-05-21,T20
KKR,Sunrisers,KKR,22 runs,Eden Gardens,2016-05-22,T20
Daredevils,RCB,RCB,6 wickets,Raipur,2016-05-22,T20
RCB,Guj Lions,RCB,4 wickets,Bengaluru,2016-05-24,T20
KKR,Sunrisers,Sunrisers,22 runs,Delhi,2016-05-25,T20
Guj Lions,Sunrisers,Sunrisers,4 wickets,Delhi,2016-05-27,T20
RCB,Sunrisers,Sunrisers,8 runs,Bengaluru,2016-05-29,T20
Sunrisers,RCB,Sunrisers,35 runs,Hyderabad (Deccan),2017-04-05,T20
Supergiant,Mumbai,Supergiant,7 wickets,Pune,2017-04-06,T20
Guj Lions,KKR,KKR,10 wickets,Rajkot,2017-04-07,T20
Kings XI,Supergiant,Kings XI,6 wickets,Indore,2017-04-08,T20
RCB,Daredevils,RCB,15 runs,Bengaluru,2017-04-08,T20
Sunrisers,Guj Lions,Sunrisers,9 wickets,Hyderabad (Deccan),2017-04-09,T20
Mumbai,KKR,Mumbai,4 wickets,Wankhede,2017-04-09,T20
Kings XI,RCB,Kings XI,8 wickets,Indore,2017-04-10,T20
Supergiant,Daredevils,Daredevils,97 runs,Pune,2017-04-11,T20
Mumbai,Sunrisers,Mumbai,4 wickets,Wankhede,2017-04-12,T20
KKR,Kings XI,KKR,8 wickets,Eden Gardens,2017-04-13,T20
RCB,Mumbai,Mumbai,4 wickets,Bengaluru,2017-04-14,T20
Guj Lions,Supergiant,Guj Lions,7 wickets,Rajkot,2017-04-14,T20
KKR,Sunrisers,KKR,17 runs,Eden Gardens,2017-04-15,T20
Daredevils,Kings XI,Daredevils,51 runs,Delhi,2017-04-15,T20
Mumbai,Guj Lions,Mumbai,6 wickets,Wankhede,2017-04-16,T20
RCB,Supergiant,Supergiant,27 runs,Bengaluru,2017-04-16,T20
Daredevils,KKR,KKR,4 wickets,Delhi,2017-04-17,T20
Sunrisers,Kings XI,Sunrisers,5 runs,Hyderabad (Deccan),2017-04-17,T20
Guj Lions,RCB,RCB,21 runs,Rajkot,2017-04-18,T20
Sunrisers,Daredevils,Sunrisers,15 runs,Hyderabad (Deccan),2017-04-19,T20
Kings XI,Mumbai,Mumbai,8 wickets,Indore,2017-04-20,T20
KKR,Guj Lions,Guj Lions,4 wickets,Eden Gardens,2017-04-21,T20
Supergiant,Sunrisers,Supergiant,6 wickets,Pune,2017-04-22,T20
Mumbai,Daredevils,Mumbai,14 runs,Wankhede,2017-04-22,T20
Guj Lions,Kings XI,Kings XI,26 runs,Rajkot,2017-04-23,T20
KKR,RCB,KKR,82 runs,Eden Gardens,2017-04-23,T20
Mumbai,Supergiant,Supergiant,3 runs,Wankhede,2017-04-24,T20
RCB,Sunrisers,abandoned,,Bengaluru,2017-04-25,T20
Supergiant,KKR,KKR,7 wickets,Pune,2017-04-26,T20
RCB,Guj Lions,Guj Lions,7 wickets,Bengaluru,2017-04-27,T20
KKR,Daredevils,KKR,7 wickets,Eden Gardens,2017-04-28,T20
Kings XI,Sunrisers,Sunrisers,26 runs,Mohali,2017-04-28,T20
Supergiant,RCB,Supergiant,61 runs,Pune,2017-04-29,T20
Guj Lions,Mumbai,tied,,Rajkot,2017-04-29,T20
Kings XI,Daredevils,Kings XI,10 wickets,Mohali,2017-04-30,T20
Sunrisers,KKR,Sunrisers,48 runs,Hyderabad (Deccan),2017-04-30,T20
Mumbai,RCB,Mumbai,5 wickets,Wankhede,2017-05-01,T20
Supergiant,Guj Lions,Supergiant,5 wickets,Pune,2017-05-01,T20
Daredevils,Sunrisers,Daredevils,6 wickets,Delhi,2017-05-02,T20
KKR,Supergiant,Supergiant,4 wickets,Eden Gardens,2017-05-03,T20
Daredevils,Guj Lions,Daredevils,7 wickets,Delhi,2017-05-04,T20
RCB,Kings XI,Kings XI,19 runs,Bengaluru,2017-05-05,T20
Sunrisers,Supergiant,Supergiant,12 runs,Hyderabad (Deccan),2017-05-06,T20
Daredevils,Mumbai,Mumbai,146 runs,Delhi,2017-05-06,T20
RCB,KKR,KKR,6 wickets,Bengaluru,2017-05-07,T20
Kings XI,Guj Lions,Guj Lions,6 wickets,Mohali,2017-05-07,T20
Sunrisers,Mumbai,Sunrisers,7 wickets,Hyderabad (Deccan),2017-05-08,T20
Kings XI,KKR,Kings XI,14 runs,Mohali,2017-05-09,T20
Guj Lions,Daredevils,Daredevils,2 wickets,Kanpur,2017-05-10,T20
Mumbai,Kings XI,Kings XI,7 runs,Wankhede,2017-05-11,T20
Daredevils,Supergiant,Daredevils,7 runs,Delhi,2017-05-12,T20
Guj Lions,Sunrisers,Sunrisers,8 wickets,Kanpur,2017-05-13,T20
KKR,Mumbai,Mumbai,9 runs,Eden Gardens,2017-05-13,T20
Supergiant,Kings XI,Supergiant,9 wickets,Pune,2017-05-14,T20
Daredevils,RCB,RCB,10 runs,Delhi,2017-05-14,T20
Mumbai,Supergiant,Supergiant,20 runs,Wankhede,2017-05-16,T20
KKR,Sunrisers,KKR,7 wickets,Bengaluru,2017-05-17,T20
KKR,Mumbai,Mumbai,6 wickets,Bengaluru,2017-05-19,T20
Mumbai,Supergiant,Mumbai,1 run,Hyderabad (Deccan),2017-05-21,T20
Mumbai,Super Kings,Super Kings,1 wicket,Wankhede,2018-04-07,T20
Kings XI,Daredevils,Kings XI,6 wickets,Mohali,2018-04-08,T20
KKR,RCB,KKR,4 wickets,Eden Gardens,2018-04-08,T20
Sunrisers,Royals,Sunrisers,9 wickets,Hyderabad (Deccan),2018-04-09,T20
Super Kings,KKR,Super Kings,5 wickets,Chennai,2018-04-10,T20
Royals,Daredevils,Royals,10 runs,Jaipur,2018-04-11,T20
Sunrisers,Mumbai,Sunrisers,1 wicket,Hyderabad (Deccan),2018-04-12,T20
RCB,Kings XI,RCB,4 wickets,Bengaluru,2018-04-13,T20
Mumbai,Daredevils,Daredevils,7 wickets,Wankhede,2018-04-14,T20
KKR,Sunrisers,Sunrisers,5 wickets,Eden Gardens,2018-04-14,T20
RCB,Royals,Royals,19 runs,Bengaluru,2018-04-15,T20
Kings XI,Super Kings,Kings XI,4 runs,Mohali,2018-04-15,T20
KKR,Daredevils,KKR,71 runs,Eden Gardens,2018-04-16,T20
Mumbai,RCB,Mumbai,46 runs,Wankhede,2018-04-17,T20
Royals,KKR,KKR,7 wickets,Jaipur,2018-04-18,T20
Kings XI,Sunrisers,Kings XI,15 runs,Mohali,2018-04-19,T20
Super Kings,Royals,Super Kings,64 runs,Pune,2018-04-20,T20
KKR,Kings XI,Kings XI,9 wickets,Eden Gardens,2018-04-21,T20
RCB,Daredevils,RCB,6 wickets,Bengaluru,2018-04-21,T20
Sunrisers,Super Kings,Super Kings,4 runs,Hyderabad (Deccan),2018-04-22,T20
Royals,Mumbai,Royals,3 wickets,Jaipur,2018-04-22,T20
Daredevils,Kings XI,Kings XI,4 runs,Delhi,2018-04-23,T20
Mumbai,Sunrisers,Sunrisers,31 runs,Wankhede,2018-04-24,T20
RCB,Super Kings,Super Kings,5 wickets,Bengaluru,2018-04-25,T20
Sunrisers,Kings XI,Sunrisers,13 runs,Hyderabad (Deccan),2018-04-26,T20
Daredevils,KKR,Daredevils,55 runs,Delhi,2018-04-27,T20
Super Kings,Mumbai,Mumbai,8 wickets,Pune,2018-04-28,T20
Royals,Sunrisers,Sunrisers,11 runs,Jaipur,2018-04-29,T20
RCB,KKR,KKR,6 wickets,Bengaluru,2018-04-29,T20
Super Kings,Daredevils,Super Kings,13 runs,Pune,2018-04-30,T20
RCB,Mumbai,RCB,14 runs,Bengaluru,2018-05-01,T20
Daredevils,Royals,Daredevils,4 runs,Delhi,2018-05-02,T20
KKR,Super Kings,KKR,6 wickets,Eden Gardens,2018-05-03,T20
Kings XI,Mumbai,Mumbai,6 wickets,Indore,2018-05-04,T20
Super Kings,RCB,Super Kings,6 wickets,Pune,2018-05-05,T20
Sunrisers,Daredevils,Sunrisers,7 wickets,Hyderabad (Deccan),2018-05-05,T20
Mumbai,KKR,Mumbai,13 runs,Wankhede,2018-05-06,T20
Kings XI,Royals,Kings XI,6 wickets,Indore,2018-05-06,T20
Sunrisers,RCB,Sunrisers,5 runs,Hyderabad (Deccan),2018-05-07,T20
Royals,Kings XI,Royals,15 runs,Jaipur,2018-05-08,T20
KKR,Mumbai,Mumbai,102 runs,Eden Gardens,2018-05-09,T20
Daredevils,Sunrisers,Sunrisers,9 wickets,Delhi,2018-05-10,T20
Royals,Super Kings,Royals,4 wickets,Jaipur,2018-05-11,T20
Kings XI,KKR,KKR,31 runs,Indore,2018-05-12,T20
Daredevils,RCB,RCB,5 wickets,Delhi,2018-05-12,T20
Super Kings,Sunrisers,Super Kings,8 wickets,Pune,2018-05-13,T20
Mumbai,Royals,Royals,7 wickets,Wankhede,2018-05-13,T20
Kings XI,RCB,RCB,10 wickets,Indore,2018-05-14,T20
KKR,Royals,KKR,6 wickets,Eden Gardens,2018-05-15,T20
Mumbai,Kings XI,Mumbai,3 runs,Wankhede,2018-05-16,T20
RCB,Sunrisers,RCB,14 runs,Bengaluru,2018-05-17,T20
Daredevils,Super Kings,Daredevils,34 runs,Delhi,2018-05-18,T20
Royals,RCB,Royals,30 runs,Jaipur,2018-05-19,T20
Sunrisers,KKR,KKR,5 wickets,Hyderabad (Deccan),2018-05-19,T20
Daredevils,Mumbai,Daredevils,11 runs,Delhi,2018-05-20,T20
Super Kings,Kings XI,Super Kings,5 wickets,Pune,2018-05-20,T20
Super Kings,Sunrisers,Super Kings,2 wickets,Wankhede,2018-05-22,T20
KKR,Royals,KKR,25 runs,Eden Gardens,2018-05-23,T20
KKR,Sunrisers,Sunrisers,14 runs,Eden Gardens,2018-05-25,T20
Super Kings,Sunrisers,Super Kings,8 wickets,Wankhede,2018-05-27,T20
Super Kings,RCB,Super Kings,7 wickets,Chennai,2019-03-23,T20
KKR,Sunrisers,KKR,6 wickets,Eden Gardens,2019-03-24,T20
Mumbai,Capitals,Capitals,37 runs,Wankhede,2019-03-24,T20
Royals,Kings XI,Kings XI,14 runs,Jaipur,2019-03-25,T20
Capitals,Super Kings,Super Kings,6 wickets,Delhi,2019-03-26,T20
KKR,Kings XI,KKR,28 runs,Eden Gardens,2019-03-27,T20
RCB,Mumbai,Mumbai,6 runs,Bengaluru,2019-03-28,T20
Sunrisers,Royals,Sunrisers,5 wickets,Hyderabad (Deccan),2019-03-29,T20
Kings XI,Mumbai,Kings XI,8 wickets,Mohali,2019-03-30,T20
Capitals,KKR,tied,,Delhi,2019-03-30,T20
Sunrisers,RCB,Sunrisers,118 runs,Hyderabad (Deccan),2019-03-31,T20
Super Kings,Royals,Super Kings,8 runs,Chennai,2019-03-31,T20
Kings XI,Capitals,Kings XI,14 runs,Mohali,2019-04-01,T20
Royals,RCB,Royals,7 wickets,Jaipur,2019-04-02,T20
Mumbai,Super Kings,Mumbai,37 runs,Wankhede,2019-04-03,T20
Capitals,Sunrisers,Sunrisers,5 wickets,Delhi,2019-04-04,T20
RCB,KKR,KKR,5 wickets,Bengaluru,2019-04-05,T20
Super Kings,Kings XI,Super Kings,22 runs,Chennai,2019-04-06,T20
Sunrisers,Mumbai,Mumbai,40 runs,Hyderabad (Deccan),2019-04-06,T20
RCB,Capitals,Capitals,4 wickets,Bengaluru,2019-04-07,T20
Royals,KKR,KKR,8 wickets,Jaipur,2019-04-07,T20
Kings XI,Sunrisers,Kings XI,6 wickets,Mohali,2019-04-08,T20
Super Kings,KKR,Super Kings,7 wickets,Chennai,2019-04-09,T20
Mumbai,Kings XI,Mumbai,3 wickets,Wankhede,2019-04-10,T20
Royals,Super Kings,Super Kings,4 wickets,Jaipur,2019-04-11,T20
KKR,Capitals,Capitals,7 wickets,Eden Gardens,2019-04-12,T20
Mumbai,Royals,Royals,4 wickets,Wankhede,2019-04-13,T20
Kings XI,RCB,RCB,8 wickets,Mohali,2019-04-13,T20
KKR,Super Kings,Super Kings,5 wickets,Eden Gardens,2019-04-14,T20
Sunrisers,Capitals,Capitals,39 runs,Hyderabad (Deccan),2019-04-14,T20
Mumbai,RCB,Mumbai,5 wickets,Wankhede,2019-04-15,T20
Kings XI,Royals,Kings XI,12 runs,Mohali,2019-04-16,T20
Sunrisers,Super Kings,Sunrisers,6 wickets,Hyderabad (Deccan),2019-04-17,T20
Capitals,Mumbai,Mumbai,40 runs,Delhi,2019-04-18,T20
KKR,RCB,RCB,10 runs,Eden Gardens,2019-04-19,T20
Royals,Mumbai,Royals,5 wickets,Jaipur,2019-04-20,T20
Capitals,Kings XI,Capitals,5 wickets,Delhi,2019-04-20,T20
Sunrisers,KKR,Sunrisers,9 wickets,Hyderabad (Deccan),2019-04-21,T20
RCB,Super Kings,RCB,1 run,Bengaluru,2019-04-21,T20
Royals,Capitals,Capitals,6 wickets,Jaipur,2019-04-22,T20
Super Kings,Sunrisers,Super Kings,6 wickets,Chennai,2019-04-23,T20
RCB,Kings XI,RCB,17 runs,Bengaluru,2019-04-24,T20
KKR,Royals,Royals,3 wickets,Eden Gardens,2019-04-25,T20
Super Kings,Mumbai,Mumbai,46 runs,Chennai,2019-04-26,T20
Royals,Sunrisers,Royals,7 wickets,Jaipur,2019-04-27,T20
Capitals,RCB,Capitals,16 runs,Delhi,2019-04-28,T20
KKR,Mumbai,KKR,34 runs,Eden Gardens,2019-04-28,T20
Sunrisers,Kings XI,Sunrisers,45 runs,Hyderabad (Deccan),2019-04-29,T20
RCB,Royals,no result,,Bengaluru,2019-04-30,T20
Super Kings,Capitals,Super Kings,80 runs,Chennai,2019-05-01,T20
Mumbai,Sunrisers,tied,,Wankhede,2019-05-02,T20
Kings XI,KKR,KKR,7 wickets,Mohali,2019-05-03,T20
Capitals,Royals,Capitals,5 wickets,Delhi,2019-05-04,T20
RCB,Sunrisers,RCB,4 wickets,Bengaluru,2019-05-04,T20
Kings XI,Super Kings,Kings XI,6 wickets,Mohali,2019-05-05,T20
Mumbai,KKR,Mumbai,9 wickets,Wankhede,2019-05-05,T20
Super Kings,Mumbai,Mumbai,6 wickets,Chennai,2019-05-07,T20
Sunrisers,Capitals,Capitals,2 wickets,Visakhapatnam,2019-05-08,T20
Super Kings,Capitals,Super Kings,6 wickets,Visakhapatnam,2019-05-10,T20
Super Kings,Mumbai,Mumbai,1 run,Hyderabad (Deccan),2019-05-12,T20
Match results,,,,,,
Mumbai,Super Kings,Super Kings,5 wickets,Abu Dhabi,2020-09-19,T20
Capitals,Kings XI,tied,,Dubai (DSC),2020-09-20,T20
Sunrisers,RCB,RCB,10 runs,Dubai (DSC),2020-09-21,T20
Royals,Super Kings,Royals,16 runs,Sharjah,2020-09-22,T20
KKR,Mumbai,Mumbai,49 runs,Abu Dhabi,2020-09-23,T20
Kings XI,RCB,Kings XI,97 runs,Dubai (DSC),2020-09-24,T20
Super Kings,Capitals,Capitals,44 runs,Dubai (DSC),2020-09-25,T20
KKR,Sunrisers,KKR,7 wickets,Abu Dhabi,2020-09-26,T20
Royals,Kings XI,Royals,4 wickets,Sharjah,2020-09-27,T20
RCB,Mumbai,tied,,Dubai (DSC),2020-09-28,T20
Capitals,Sunrisers,Sunrisers,15 runs,Abu Dhabi,2020-09-29,T20
Royals,KKR,KKR,37 runs,Dubai (DSC),2020-09-30,T20
Kings XI,Mumbai,Mumbai,48 runs,Abu Dhabi,2020-10-01,T20
Super Kings,Sunrisers,Sunrisers,7 runs,Dubai (DSC),2020-10-02,T20
RCB,Royals,RCB,8 wickets,Abu Dhabi,2020-10-03,T20
Capitals,KKR,Capitals,18 runs,Sharjah,2020-10-03,T20
Mumbai,Sunrisers,Mumbai,34 runs,Sharjah,2020-10-04,T20
Kings XI,Super Kings,Super Kings,10 wickets,Dubai (DSC),2020-10-04,T20
RCB,Capitals,Capitals,59 runs,Dubai (DSC),2020-10-05,T20
Mumbai,Royals,Mumbai,57 runs,Abu Dhabi,2020-10-06,T20
KKR,Super Kings,KKR,10 runs,Abu Dhabi,2020-10-07,T20
Sunrisers,Kings XI,Sunrisers,69 runs,Dubai (DSC),2020-10-08,T20
Royals,Capitals,Capitals,46 runs,Sharjah,2020-10-09,T20
Kings XI,KKR,KKR,2 runs,Abu Dhabi,2020-10-10,T20
Super Kings,RCB,RCB,37 runs,Dubai (DSC),2020-10-10,T20
Sunrisers,Royals,Royals,5 wickets,Dubai (DSC),2020-10-11,T20
Mumbai,Capitals,Mumbai,5 wickets,Abu Dhabi,2020-10-11,T20
RCB,KKR,RCB,82 runs,Sharjah,2020-10-12,T20
Sunrisers,Super Kings,Super Kings,20 runs,Dubai (DSC),2020-10-13,T20
Capitals,Royals,Capitals,13 runs,Dubai (DSC),2020-10-14,T20
RCB,Kings XI,Kings XI,8 wickets,Sharjah,2020-10-15,T20
Mumbai,KKR,Mumbai,8 wickets,Abu Dhabi,2020-10-16,T20
Royals,RCB,RCB,7 wickets,Dubai (DSC),2020-10-17,T20
Capitals,Super Kings,Capitals,5 wickets,Sharjah,2020-10-17,T20
Sunrisers,KKR,tied,,Abu Dhabi,2020-10-18,T20
Mumbai,Kings XI,tied,,Dubai (DSC),2020-10-18,T20
Super Kings,Royals,Royals,7 wickets,Abu Dhabi,2020-10-19,T20
Kings XI,Capitals,Kings XI,5 wickets,Dubai (DSC),2020-10-20,T20
KKR,RCB,RCB,8 wickets,Abu Dhabi,2020-10-21,T20
Royals,Sunrisers,Sunrisers,8 wickets,Dubai (DSC),2020-10-22,T20
Super Kings,Mumbai,Mumbai,10 wickets,Sharjah,2020-10-23,T20
KKR,Capitals,KKR,59 runs,Abu Dhabi,2020-10-24,T20
Kings XI,Sunrisers,Kings XI,12 runs,Dubai (DSC),2020-10-24,T20
RCB,Super Kings,Super Kings,8 wickets,Dubai (DSC),2020-10-25,T20
Royals,Mumbai,Royals,8 wickets,Abu Dhabi,2020-10-25,T20
KKR,Kings XI,Kings XI,8 wickets,Sharjah,2020-10-26,T20
Sunrisers,Capitals,Sunrisers,88 runs,Dubai (DSC),2020-10-27,T20
Mumbai,RCB,Mumbai,5 wickets,Abu Dhabi,2020-10-28,T20
Super Kings,KKR,Super Kings,6 wickets,Dubai (DSC),2020-10-29,T20
Kings XI,Royals,Royals,7 wickets,Abu Dhabi,2020-10-30,T20
Capitals,Mumbai,Mumbai,9 wickets,Dubai (DSC),2020-10-31,T20
RCB,Sunrisers,Sunrisers,5 wickets,Sharjah,2020-10-31,T20
Super Kings,Kings XI,Super Kings,9 wickets,Abu Dhabi,2020-11-01,T20
KKR,Royals,KKR,60 runs,Dubai (DSC),2020-11-01,T20
Capitals,RCB,Capitals,6 wickets,Abu Dhabi,2020-11-02,T20
Sunrisers,Mumbai,Sunrisers,10 wickets,Sharjah,2020-11-03,T20
Capitals,Mumbai,Mumbai,57 runs,Dubai (DSC),2020-11-05,T20
RCB,Sunrisers,Sunrisers,6 wickets,Abu Dhabi,2020-11-06,T20
Capitals,Sunrisers,Capitals,17 runs,Abu Dhabi,2020-11-08,T20
Capitals,Mumbai,Mumbai,5 wickets,Dubai (DSC),2020-11-10,T20
Mumbai,RCB,RCB,2 wickets,Chennai,2021-04-09,T20
Super Kings,Capitals,Capitals,7 wickets,Wankhede,2021-04-10,T20
Sunrisers,KKR,KKR,10 runs,Chennai,2021-04-11,T20
Royals,Punjab Kings,Punjab Kings,4 runs,Wankhede,2021-04-12,T20
KKR,Mumbai,Mumbai,10 runs,Chennai,2021-04-13,T20
Sunrisers,RCB,RCB,6 runs,Chennai,2021-04-14,T20
Royals,Capitals,Royals,3 wickets,Wankhede,2021-04-15,T20
Punjab Kings,Super Kings,Super Kings,6 wickets,Wankhede,2021-04-16,T20
Mumbai,Sunrisers,Mumbai,13 runs,Chennai,2021-04-17,T20
RCB,KKR,RCB,38 runs,Chennai,2021-04-18,T20
Capitals,Punjab Kings,Capitals,6 wickets,Wankhede,2021-04-18,T20
Super Kings,Royals,Super Kings,45 runs,Wankhede,2021-04-19,T20
Capitals,Mumbai,Capitals,6 wickets,Chennai,2021-04-20,T20
Punjab Kings,Sunrisers,Sunrisers,9 wickets,Chennai,2021-04-21,T20
KKR,Super Kings,Super Kings,18 runs,Wankhede,2021-04-21,T20
RCB,Royals,RCB,10 wickets,Wankhede,2021-04-22,T20
Punjab Kings,Mumbai,Punjab Kings,9 wickets,Chennai,2021-04-23,T20
Royals,KKR,Royals,6 wickets,Wankhede,2021-04-24,T20
Super Kings,RCB,Super Kings,69 runs,Wankhede,2021-04-25,T20
Sunrisers,Capitals,tied,,Chennai,2021-04-25,T20
Punjab Kings,KKR,KKR,5 wickets,Ahmedabad,2021-04-26,T20
Capitals,RCB,RCB,1 run,Ahmedabad,2021-04-27,T20
Super Kings,Sunrisers,Super Kings,7 wickets,Delhi,2021-04-28,T20
Mumbai,Royals,Mumbai,7 wickets,Delhi,2021-04-29,T20
Capitals,KKR,Capitals,7 wickets,Ahmedabad,2021-04-29,T20
Punjab Kings,RCB,Punjab Kings,34 runs,Ahmedabad,2021-04-30,T20
Mumbai,Super Kings,Mumbai,4 wickets,Delhi,2021-05-01,T20
Royals,Sunrisers,Royals,55 runs,Delhi,2021-05-02,T20
Punjab Kings,Capitals,Capitals,7 wickets,Ahmedabad,2021-05-02,T20
Super Kings,Mumbai,Super Kings,20 runs,Dubai (DSC),2021-09-19,T20
KKR,RCB,KKR,9 wickets,Abu Dhabi,2021-09-20,T20
Punjab Kings,Royals,Royals,2 runs,Dubai (DSC),2021-09-21,T20
Capitals,Sunrisers,Capitals,8 wickets,Dubai (DSC),2021-09-22,T20
Mumbai,KKR,KKR,7 wickets,Abu Dhabi,2021-09-23,T20
RCB,Super Kings,Super Kings,6 wickets,Sharjah,2021-09-24,T20
Capitals,Royals,Capitals,33 runs,Abu Dhabi,2021-09-25,T20
Sunrisers,Punjab Kings,Punjab Kings,5 runs,Sharjah,2021-09-25,T20
Super Kings,KKR,Super Kings,2 wickets,Abu Dhabi,2021-09-26,T20
RCB,Mumbai,RCB,54 runs,Dubai (DSC),2021-09-26,T20
Sunrisers,Royals,Sunrisers,7 wickets,Dubai (DSC),2021-09-27,T20
KKR,Capitals,KKR,3 wickets,Sharjah,2021-09-28,T20
Mumbai,Punjab Kings,Mumbai,6 wickets,Abu Dhabi,2021-09-28,T20
Royals,RCB,RCB,7 wickets,Dubai (DSC),2021-09-29,T20
Sunrisers,Super Kings,Super Kings,6 wickets,Sharjah,2021-09-30,T20
KKR,Punjab Kings,Punjab Kings,5 wickets,Dubai (DSC),2021-10-01,T20
Mumbai,Capitals,Capitals,4 wickets,Sharjah,2021-10-02,T20
Royals,Super Kings,Royals,7 wickets,Abu Dhabi,2021-10-02,T20
RCB,Punjab Kings,RCB,6 runs,Sharjah,2021-10-03,T20
KKR,Sunrisers,KKR,6 wickets,Dubai (DSC),2021-10-03,T20
Capitals,Super Kings,Capitals,3 wickets,Dubai (DSC),2021-10-04,T20
Royals,Mumbai,Mumbai,8 wickets,Sharjah,2021-10-05,T20
RCB,Sunrisers,Sunrisers,4 runs,Abu Dhabi,2021-10-06,T20
Super Kings,Punjab Kings,Punjab Kings,6 wickets,Dubai (DSC),2021-10-07,T20
KKR,Royals,KKR,86 runs,Sharjah,2021-10-07,T20
RCB,Capitals,RCB,7 wickets,Dubai (DSC),2021-10-08,T20
Sunrisers,Mumbai,Mumbai,42 runs,Abu Dhabi,2021-10-08,T20
Capitals,Super Kings,Super Kings,4 wickets,Dubai (DSC),2021-10-10,T20
RCB,KKR,KKR,4 wickets,Sharjah,2021-10-11,T20
Capitals,KKR,KKR,3 wickets,Sharjah,2021-10-13,T20
Super Kings,KKR,Super Kings,27 runs,Dubai (DSC),2021-10-15,T20
Super Kings,KKR,KKR,6 wickets,Wankhede,2022-03-26,T20
Capitals,Mumbai,Capitals,4 wickets,Brabourne,2022-03-27,T20
Punjab Kings,RCB,Punjab Kings,5 wickets,DY Patil,2022-03-27,T20
Titans,Super Giants,Titans,5 wickets,Wankhede,2022-03-28,T20
Sunrisers,Royals,Royals,61 runs,Pune,2022-03-29,T20
RCB,KKR,RCB,3 wickets,DY Patil,2022-03-30,T20
Super Giants,Super Kings,Super Giants,6 wickets,Brabourne,2022-03-31,T20
KKR,Punjab Kings,KKR,6 wickets,Wankhede,2022-04-01,T20
Mumbai,Royals,Royals,23 runs,DY Patil,2022-04-02,T20
Titans,Capitals,Titans,14 runs,Pune,2022-04-02,T20
Super Kings,Punjab Kings,Punjab Kings,54 runs,Brabourne,2022-04-03,T20
Sunrisers,Super Giants,Super Giants,12 runs,DY Patil,2022-04-04,T20
Royals,RCB,RCB,4 wickets,Wankhede,2022-04-05,T20
KKR,Mumbai,KKR,5 wickets,Pune,2022-04-06,T20
Super Giants,Capitals,Super Giants,6 wickets,DY Patil,2022-04-07,T20
Punjab Kings,Titans,Titans,6 wickets,Brabourne,2022-04-08,T20
Super Kings,Sunrisers,Sunrisers,8 wickets,DY Patil,2022-04-09,T20
RCB,Mumbai,RCB,7 wickets,Pune,2022-04-09,T20
KKR,Capitals,Capitals,44 runs,Brabourne,2022-04-10,T20
Royals,Super Giants,Royals,3 runs,Wankhede,2022-04-10,T20
Sunrisers,Titans,Sunrisers,8 wickets,DY Patil,2022-04-11,T20
Super Kings,RCB,Super Kings,23 runs,DY Patil,2022-04-12,T20
Mumbai,Punjab Kings,Punjab Kings,12 runs,Pune,2022-04-13,T20
Royals,Titans,Titans,37 runs,DY Patil,2022-04-14,T20
Sunrisers,KKR,Sunrisers,7 wickets,Brabourne,2022-04-15,T20
Mumbai,Super Giants,Super Giants,18 runs,Brabourne,2022-04-16,T20
Capitals,RCB,RCB,16 runs,Wankhede,2022-04-16,T20
Punjab Kings,Sunrisers,Sunrisers,7 wickets,DY Patil,2022-04-17,T20
Titans,Super Kings,Titans,3 wickets,Pune,2022-04-17,T20
Royals,KKR,Royals,7 runs,Brabourne,2022-04-18,T20
Super Giants,RCB,RCB,18 runs,DY Patil,2022-04-19,T20
Capitals,Punjab Kings,Capitals,9 wickets,Brabourne,2022-04-20,T20
Mumbai,Super Kings,Super Kings,3 wickets,DY Patil,2022-04-21,T20
Capitals,Royals,Royals,15 runs,Wankhede,2022-04-22,T20
KKR,Titans,Titans,8 runs,DY Patil,2022-04-23,T20
RCB,Sunrisers,Sunrisers,9 wickets,Brabourne,2022-04-23,T20
Super Giants,Mumbai,Super Giants,36 runs,Wankhede,2022-04-24,T20
Punjab Kings,Super Kings,Punjab Kings,11 runs,Wankhede,2022-04-25,T20
RCB,Royals,Royals,29 runs,Pune,2022-04-26,T20
Titans,Sunrisers,Titans,5 wickets,Wankhede,2022-04-27,T20
Capitals,KKR,Capitals,4 wickets,Wankhede,2022-04-28,T20
Punjab Kings,Super Giants,Super Giants,20 runs,Pune,2022-04-29,T20
Titans,RCB,Titans,6 wickets,Brabourne,2022-04-30,T20
Royals,Mumbai,Mumbai,5 wickets,DY Patil,2022-04-30,T20
Capitals,Super Giants,Super Giants,6 runs,Wankhede,2022-05-01,T20
Sunrisers,Super Kings,Super Kings,13 runs,Pune,2022-05-01,T20
KKR,Royals,KKR,7 wickets,Wankhede,2022-05-02,T20
Titans,Punjab Kings,Punjab Kings,8 wickets,DY Patil,2022-05-03,T20
RCB,Super Kings,RCB,13 runs,Pune,2022-05-04,T20
Capitals,Sunrisers,Capitals,21 runs,Brabourne,2022-05-05,T20
Titans,Mumbai,Mumbai,5 runs,Brabourne,2022-05-06,T20
Punjab Kings,Royals,Royals,6 wickets,Wankhede,2022-05-07,T20
Super Giants,KKR,Super Giants,75 runs,Pune,2022-05-07,T20
Sunrisers,RCB,RCB,67 runs,Wankhede,2022-05-08,T20
Super Kings,Capitals,Super Kings,91 runs,DY Patil,2022-05-08,T20
Mumbai,KKR,KKR,52 runs,DY Patil,2022-05-09,T20
Super Giants,Titans,Titans,62 runs,Pune,2022-05-10,T20
Royals,Capitals,Capitals,8 wickets,DY Patil,2022-05-11,T20
Super Kings,Mumbai,Mumbai,5 wickets,Wankhede,2022-05-12,T20
RCB,Punjab Kings,Punjab Kings,54 runs,Brabourne,2022-05-13,T20
KKR,Sunrisers,KKR,54 runs,Pune,2022-05-14,T20
Super Kings,Titans,Titans,7 wickets,Wankhede,2022-05-15,T20
Super Giants,Royals,Royals,24 runs,Brabourne,2022-05-15,T20
Punjab Kings,Capitals,Capitals,17 runs,DY Patil,2022-05-16,T20
Mumbai,Sunrisers,Sunrisers,3 runs,Wankhede,2022-05-17,T20
KKR,Super Giants,Super Giants,2 runs,DY Patil,2022-05-18,T20
RCB,Titans,RCB,8 wickets,Wankhede,2022-05-19,T20
Royals,Super Kings,Royals,5 wickets,Brabourne,2022-05-20,T20
Mumbai,Capitals,Mumbai,5 wickets,Wankhede,2022-05-21,T20
Sunrisers,Punjab Kings,Punjab Kings,5 wickets,Wankhede,2022-05-22,T20
Titans,Royals,Titans,7 wickets,Eden Gardens,2022-05-24,T20
Super Giants,RCB,RCB,14 runs,Eden Gardens,2022-05-25,T20
Royals,RCB,Royals,7 wickets,Ahmedabad,2022-05-27,T20
Titans,Royals,Titans,7 wickets,Ahmedabad,2022-05-29,T20
