Team1,Team2,Winner,Loser,Margin,Ground,Date,Scorecard,MatchCount,Country,New Zealand
New Zealand,Pakistan,New Zealand,Pakistan,22 runs,Christchurch,2/11/1973,ODI # 5,5,New Zealand,New Zealand
England,New Zealand,England,New Zealand,7 wickets,Swansea,7/18/1973,ODI # 6,6,Wales,New Zealand
England,New Zealand,no result,England,,Manchester,7/20/1973,ODI # 7,7,England,New Zealand
New Zealand,Australia,Australia,New Zealand,7 wickets,Dunedin,3/30/1974,ODI # 10,10,New Zealand,New Zealand
New Zealand,Australia,Australia,New Zealand,31 runs,Christchurch,3/31/1974,ODI # 11,11,New Zealand,New Zealand
New Zealand,England,no result,New Zealand,,Dunedin,3/8/1975,ODI # 17,17,New Zealand,New Zealand
New Zealand,England,no result,New Zealand,,Wellington,3/9/1975,ODI # 18,18,New Zealand,New Zealand
East Africa,New Zealand,New Zealand,East Africa,181 runs,Birmingham,6/7/1975,ODI # 20,20,England,New Zealand
England,New Zealand,England,New Zealand,80 runs,Nottingham,6/11/1975,ODI # 23,23,England,New Zealand
India,New Zealand,New Zealand,India,4 wickets,Manchester,6/14/1975,ODI # 28,28,England,New Zealand
New Zealand,West Indies,West Indies,New Zealand,5 wickets,The Oval,6/18/1975,ODI # 32,32,England,New Zealand
New Zealand,India,New Zealand,India,9 wickets,Christchurch,2/21/1976,ODI # 35,35,New Zealand,New Zealand
New Zealand,India,New Zealand,India,80 runs,Auckland,2/22/1976,ODI # 36,36,New Zealand,New Zealand
Pakistan,New Zealand,New Zealand,Pakistan,1 run,Sialkot,10/16/1976,ODI # 40,40,Pakistan,New Zealand
England,New Zealand,England,New Zealand,19 runs,Scarborough,7/15/1978,ODI # 52,52,England,New Zealand
England,New Zealand,England,New Zealand,126 runs,Manchester,7/17/1978,ODI # 53,53,England,New Zealand
New Zealand,Sri Lanka,New Zealand,Sri Lanka,9 wickets,Nottingham,6/9/1979,ODI # 62,62,England,New Zealand
India,New Zealand,New Zealand,India,8 wickets,Leeds,6/13/1979,ODI # 65,65,England,New Zealand
New Zealand,West Indies,West Indies,New Zealand,32 runs,Nottingham,6/16/1979,ODI # 69,69,England,New Zealand
England,New Zealand,England,New Zealand,9 runs,Manchester,6/20/1979,ODI # 72,72,England,New Zealand
New Zealand,West Indies,New Zealand,West Indies,1 wicket,Christchurch,2/6/1980,ODI # 88,88,New Zealand,New Zealand
Australia,New Zealand,New Zealand,Australia,3 wickets,Adelaide,11/23/1980,ODI # 94,94,Australia,New Zealand
Australia,New Zealand,Australia,New Zealand,94 runs,Sydney,11/25/1980,ODI # 95,95,Australia,New Zealand
Australia,New Zealand,Australia,New Zealand,4 wickets,Melbourne,12/7/1980,ODI # 98,98,Australia,New Zealand
India,New Zealand,India,New Zealand,5 runs,Perth,12/9/1980,ODI # 99,99,Australia,New Zealand
India,New Zealand,New Zealand,India,3 wickets,Brisbane,12/21/1980,ODI # 102,102,Australia,New Zealand
India,New Zealand,India,New Zealand,6 runs,Adelaide,12/23/1980,ODI # 103,103,Australia,New Zealand
India,New Zealand,New Zealand,India,10 wickets,Melbourne,1/10/1981,ODI # 105,105,Australia,New Zealand
Australia,New Zealand,New Zealand,Australia,1 run,Sydney,1/13/1981,ODI # 107,107,Australia,New Zealand
India,New Zealand,New Zealand,India,22 runs,Brisbane,1/18/1981,ODI # 109,109,Australia,New Zealand
Australia,New Zealand,no result,Australia,,Sydney,1/21/1981,ODI # 110,110,Australia,New Zealand
Australia,New Zealand,New Zealand,Australia,78 runs,Sydney,1/29/1981,ODI # 111,111,Australia,New Zealand
Australia,New Zealand,Australia,New Zealand,7 wickets,Melbourne,1/31/1981,ODI # 112,112,Australia,New Zealand
Australia,New Zealand,Australia,New Zealand,6 runs,Melbourne,2/1/1981,ODI # 113,113,Australia,New Zealand
Australia,New Zealand,Australia,New Zealand,6 wickets,Sydney,2/3/1981,ODI # 114,114,Australia,New Zealand
New Zealand,India,New Zealand,India,78 runs,Auckland,2/14/1981,ODI # 116,116,New Zealand,New Zealand
New Zealand,India,New Zealand,India,57 runs,Hamilton,2/15/1981,ODI # 117,117,New Zealand,New Zealand
New Zealand,Australia,New Zealand,Australia,46 runs,Auckland,2/13/1982,ODI # 144,144,New Zealand,New Zealand
New Zealand,Australia,Australia,New Zealand,6 wickets,Dunedin,2/17/1982,ODI # 147,147,New Zealand,New Zealand
New Zealand,Australia,Australia,New Zealand,8 wickets,Wellington,2/20/1982,ODI # 148,148,New Zealand,New Zealand
Australia,New Zealand,Australia,New Zealand,8 wickets,Melbourne,1/9/1983,ODI # 165,165,Australia,New Zealand
England,New Zealand,New Zealand,England,2 runs,Melbourne,1/13/1983,ODI # 167,167,Australia,New Zealand
England,New Zealand,England,New Zealand,54 runs,Brisbane,1/15/1983,ODI # 168,168,Australia,New Zealand
Australia,New Zealand,New Zealand,Australia,47 runs,Sydney,1/18/1983,ODI # 170,170,Australia,New Zealand
England,New Zealand,England,New Zealand,8 wickets,Sydney,1/20/1983,ODI # 171,171,Australia,New Zealand
Australia,New Zealand,New Zealand,Australia,58 runs,Melbourne,1/22/1983,ODI # 173,173,Australia,New Zealand
England,New Zealand,New Zealand,England,4 wickets,Adelaide,1/29/1983,ODI # 176,176,Australia,New Zealand
Australia,New Zealand,New Zealand,Australia,47 runs,Adelaide,1/31/1983,ODI # 178,178,Australia,New Zealand
England,New Zealand,New Zealand,England,7 wickets,Perth,2/5/1983,ODI # 179,179,Australia,New Zealand
Australia,New Zealand,Australia,New Zealand,27 runs,Perth,2/6/1983,ODI # 180,180,Australia,New Zealand
Australia,New Zealand,Australia,New Zealand,6 wickets,Sydney,2/9/1983,ODI # 181,181,Australia,New Zealand
Australia,New Zealand,Australia,New Zealand,149 runs,Melbourne,2/13/1983,ODI # 182,182,Australia,New Zealand
New Zealand,England,New Zealand,England,6 wickets,Auckland,2/19/1983,ODI # 183,183,New Zealand,New Zealand
New Zealand,England,New Zealand,England,103 runs,Wellington,2/23/1983,ODI # 184,184,New Zealand,New Zealand
New Zealand,England,New Zealand,England,84 runs,Christchurch,2/26/1983,ODI # 185,185,New Zealand,New Zealand
New Zealand,Sri Lanka,New Zealand,Sri Lanka,65 runs,Dunedin,3/2/1983,ODI # 186,186,New Zealand,New Zealand
Australia,New Zealand,New Zealand,Australia,14 runs,Sydney,3/17/1983,ODI # 188,188,Australia,New Zealand
New Zealand,Sri Lanka,New Zealand,Sri Lanka,7 wickets,Napier,3/19/1983,ODI # 189,189,New Zealand,New Zealand
New Zealand,Sri Lanka,New Zealand,Sri Lanka,116 runs,Auckland,3/20/1983,ODI # 190,190,New Zealand,New Zealand
England,New Zealand,England,New Zealand,106 runs,The Oval,6/9/1983,ODI # 197,197,England,New Zealand
New Zealand,Pakistan,New Zealand,Pakistan,52 runs,Birmingham,6/11/1983,ODI # 202,202,England,New Zealand
New Zealand,Sri Lanka,New Zealand,Sri Lanka,5 wickets,Bristol,6/13/1983,ODI # 206,206,England,New Zealand
England,New Zealand,New Zealand,England,2 wickets,Birmingham,6/15/1983,ODI # 209,209,England,New Zealand
New Zealand,Sri Lanka,Sri Lanka,New Zealand,3 wickets,Derby,6/18/1983,ODI # 214,214,England,New Zealand
New Zealand,Pakistan,Pakistan,New Zealand,11 runs,Nottingham,6/20/1983,ODI # 218,218,England,New Zealand
New Zealand,England,England,New Zealand,54 runs,Christchurch,2/18/1984,ODI # 249,249,New Zealand,New Zealand
New Zealand,England,England,New Zealand,6 wickets,Wellington,2/22/1984,ODI # 250,250,New Zealand,New Zealand
New Zealand,England,New Zealand,England,7 wickets,Auckland,2/25/1984,ODI # 251,251,New Zealand,New Zealand
Sri Lanka,New Zealand,New Zealand,Sri Lanka,104 runs,Colombo (SSC),3/3/1984,ODI # 253,253,Sri Lanka,New Zealand
Sri Lanka,New Zealand,Sri Lanka,New Zealand,41 runs,Moratuwa,3/31/1984,ODI # 257,257,Sri Lanka,New Zealand
Sri Lanka,New Zealand,New Zealand,Sri Lanka,86 runs,Colombo (PSS),4/1/1984,ODI # 258,258,Sri Lanka,New Zealand
Sri Lanka,New Zealand,Sri Lanka,New Zealand,4 wickets,Colombo (PSS),11/3/1984,ODI # 274,274,Sri Lanka,New Zealand
Sri Lanka,New Zealand,New Zealand,Sri Lanka,7 wickets,Moratuwa,11/4/1984,ODI # 275,275,Sri Lanka,New Zealand
Pakistan,New Zealand,Pakistan,New Zealand,46 runs,Peshawar,11/12/1984,ODI # 276,276,Pakistan,New Zealand
Pakistan,New Zealand,Pakistan,New Zealand,5 runs,Faisalabad,11/23/1984,ODI # 277,277,Pakistan,New Zealand
Pakistan,New Zealand,New Zealand,Pakistan,34 runs,Sialkot,12/2/1984,ODI # 278,278,Pakistan,New Zealand
Pakistan,New Zealand,Pakistan,New Zealand,1 wicket,Multan,12/7/1984,ODI # 280,280,Pakistan,New Zealand
New Zealand,Pakistan,New Zealand,Pakistan,110 runs,Napier,1/12/1985,ODI # 285,285,New Zealand,New Zealand
New Zealand,Pakistan,New Zealand,Pakistan,4 wickets,Hamilton,1/15/1985,ODI # 288,288,New Zealand,New Zealand
New Zealand,Pakistan,New Zealand,Pakistan,13 runs,Christchurch,2/6/1985,ODI # 302,302,New Zealand,New Zealand
New Zealand,Pakistan,no result,New Zealand,,Auckland,2/16/1985,ODI # 306,306,New Zealand,New Zealand
New Zealand,West Indies,no result,New Zealand,,Sydney,2/19/1985,ODI # 308,308,Australia,New Zealand
New Zealand,Sri Lanka,New Zealand,Sri Lanka,51 runs,Melbourne,2/23/1985,ODI # 310,310,Australia,New Zealand
India,New Zealand,India,New Zealand,7 wickets,Sydney,3/5/1985,ODI # 316,316,Australia,New Zealand
New Zealand,West Indies,West Indies,New Zealand,6 wickets,Sydney,3/9/1985,ODI # 318,318,Australia,New Zealand
West Indies,New Zealand,West Indies,New Zealand,23 runs,St John's,3/20/1985,ODI # 320,320,West Indies,New Zealand
West Indies,New Zealand,West Indies,New Zealand,6 wickets,Port of Spain,3/27/1985,ODI # 324,324,West Indies,New Zealand
West Indies,New Zealand,West Indies,New Zealand,130 runs,Albion,4/14/1985,ODI # 326,326,West Indies,New Zealand
West Indies,New Zealand,West Indies,New Zealand,10 wickets,Port of Spain,4/17/1985,ODI # 327,327,West Indies,New Zealand
West Indies,New Zealand,West Indies,New Zealand,112 runs,Bridgetown,4/23/1985,ODI # 328,328,West Indies,New Zealand
Australia,New Zealand,no result,Australia,,Melbourne,1/9/1986,ODI # 347,347,Australia,New Zealand
India,New Zealand,India,New Zealand,5 wickets,Brisbane,1/11/1986,ODI # 348,348,Australia,New Zealand
Australia,New Zealand,Australia,New Zealand,4 wickets,Sydney,1/14/1986,ODI # 350,350,Australia,New Zealand
India,New Zealand,New Zealand,India,3 wickets,Perth,1/18/1986,ODI # 352,352,Australia,New Zealand
Australia,New Zealand,Australia,New Zealand,4 wickets,Perth,1/19/1986,ODI # 353,353,Australia,New Zealand
India,New Zealand,New Zealand,India,5 wickets,Melbourne,1/23/1986,ODI # 355,355,Australia,New Zealand
India,New Zealand,India,New Zealand,5 wickets,Adelaide,1/25/1986,ODI # 356,356,Australia,New Zealand
Australia,New Zealand,New Zealand,Australia,206 runs,Adelaide,1/27/1986,ODI # 358,358,Australia,New Zealand
Australia,New Zealand,Australia,New Zealand,99 runs,Sydney,1/29/1986,ODI # 359,359,Australia,New Zealand
India,New Zealand,India,New Zealand,22 runs,Launceston,2/2/1986,ODI # 361,361,Australia,New Zealand
New Zealand,Australia,New Zealand,Australia,30 runs,Dunedin,3/19/1986,ODI # 369,369,New Zealand,New Zealand
New Zealand,Australia,New Zealand,Australia,53 runs,Christchurch,3/22/1986,ODI # 371,371,New Zealand,New Zealand
New Zealand,Australia,Australia,New Zealand,3 wickets,Wellington,3/26/1986,ODI # 372,372,New Zealand,New Zealand
New Zealand,Australia,Australia,New Zealand,44 runs,Auckland,3/29/1986,ODI # 373,373,New Zealand,New Zealand
Sri Lanka,New Zealand,New Zealand,Sri Lanka,6 wickets,Colombo (RPS),4/5/1986,ODI # 378,378,Sri Lanka,New Zealand
New Zealand,Pakistan,Pakistan,New Zealand,4 wickets,Colombo (SSC),4/7/1986,ODI # 380,380,Sri Lanka,New Zealand
India,New Zealand,India,New Zealand,3 wickets,Sharjah,4/10/1986,ODI # 381,381,United Arab Emirates,New Zealand
New Zealand,Pakistan,Pakistan,New Zealand,10 wickets,Sharjah,4/15/1986,ODI # 384,384,United Arab Emirates,New Zealand
England,New Zealand,New Zealand,England,47 runs,Leeds,7/16/1986,ODI # 388,388,England,New Zealand
England,New Zealand,England,New Zealand,6 wickets,Manchester,7/18/1986,ODI # 389,389,England,New Zealand
New Zealand,West Indies,West Indies,New Zealand,95 runs,Dunedin,3/18/1987,ODI # 435,435,New Zealand,New Zealand
New Zealand,West Indies,West Indies,New Zealand,6 wickets,Auckland,3/21/1987,ODI # 437,437,New Zealand,New Zealand
New Zealand,West Indies,West Indies,New Zealand,10 wickets,Christchurch,3/28/1987,ODI # 441,441,New Zealand,New Zealand
New Zealand,Zimbabwe,New Zealand,Zimbabwe,3 runs,Hyderabad (Deccan),10/10/1987,ODI # 454,454,India,New Zealand
India,New Zealand,India,New Zealand,16 runs,Bengaluru,10/14/1987,ODI # 458,458,India,New Zealand
Australia,New Zealand,Australia,New Zealand,3 runs,Indore,10/18/1987,ODI # 462,462,India,New Zealand
New Zealand,Zimbabwe,New Zealand,Zimbabwe,4 wickets,Eden Gardens,10/23/1987,ODI # 466,466,India,New Zealand
Australia,New Zealand,Australia,New Zealand,17 runs,Chandigarh,10/27/1987,ODI # 470,470,India,New Zealand
India,New Zealand,India,New Zealand,9 wickets,Nagpur,10/31/1987,ODI # 474,474,India,New Zealand
Australia,New Zealand,New Zealand,Australia,1 run,Perth,1/3/1988,ODI # 485,485,Australia,New Zealand
New Zealand,Sri Lanka,New Zealand,Sri Lanka,6 wickets,Sydney,1/5/1988,ODI # 486,486,Australia,New Zealand
Australia,New Zealand,Australia,New Zealand,6 runs,Melbourne,1/7/1988,ODI # 488,488,Australia,New Zealand
New Zealand,Sri Lanka,New Zealand,Sri Lanka,4 wickets,Adelaide,1/9/1988,ODI # 490,490,Australia,New Zealand
New Zealand,Sri Lanka,Sri Lanka,New Zealand,4 wickets,Hobart,1/12/1988,ODI # 492,492,Australia,New Zealand
New Zealand,Sri Lanka,New Zealand,Sri Lanka,4 wickets,Brisbane,1/16/1988,ODI # 494,494,Australia,New Zealand
Australia,New Zealand,Australia,New Zealand,5 wickets,Brisbane,1/17/1988,ODI # 495,495,Australia,New Zealand
Australia,New Zealand,Australia,New Zealand,78 runs,Sydney,1/20/1988,ODI # 498,498,Australia,New Zealand
Australia,New Zealand,Australia,New Zealand,8 wickets,Melbourne,1/22/1988,ODI # 499,499,Australia,New Zealand
Australia,New Zealand,Australia,New Zealand,6 wickets,Sydney,1/24/1988,ODI # 501,501,Australia,New Zealand
New Zealand,England,England,New Zealand,5 wickets,Dunedin,3/9/1988,ODI # 504,504,New Zealand,New Zealand
New Zealand,England,England,New Zealand,6 wickets,Christchurch,3/12/1988,ODI # 505,505,New Zealand,New Zealand
New Zealand,England,New Zealand,England,7 wickets,Napier,3/16/1988,ODI # 508,508,New Zealand,New Zealand
New Zealand,England,New Zealand,England,4 wickets,Auckland,3/19/1988,ODI # 510,510,New Zealand,New Zealand
India,New Zealand,India,New Zealand,73 runs,Sharjah,3/27/1988,ODI # 513,513,United Arab Emirates,New Zealand
New Zealand,Sri Lanka,New Zealand,Sri Lanka,99 runs,Sharjah,3/29/1988,ODI # 514,514,United Arab Emirates,New Zealand
New Zealand,Sri Lanka,New Zealand,Sri Lanka,43 runs,Sharjah,3/31/1988,ODI # 516,516,United Arab Emirates,New Zealand
India,New Zealand,India,New Zealand,52 runs,Sharjah,4/1/1988,ODI # 517,517,United Arab Emirates,New Zealand
India,New Zealand,India,New Zealand,4 wickets,Visakhapatnam,12/10/1988,ODI # 536,536,India,New Zealand
India,New Zealand,India,New Zealand,5 wickets,Cuttack,12/12/1988,ODI # 538,538,India,New Zealand
India,New Zealand,India,New Zealand,53 runs,Indore,12/15/1988,ODI # 541,541,India,New Zealand
India,New Zealand,India,New Zealand,2 wickets,Vadodara,12/17/1988,ODI # 543,543,India,New Zealand
New Zealand,Pakistan,New Zealand,Pakistan,8 wickets,Dunedin,2/6/1989,ODI # 554,554,New Zealand,New Zealand
New Zealand,Pakistan,New Zealand,Pakistan,7 wickets,Christchurch,3/4/1989,ODI # 555,555,New Zealand,New Zealand
New Zealand,Pakistan,New Zealand,Pakistan,6 wickets,Wellington,3/8/1989,ODI # 557,557,New Zealand,New Zealand
New Zealand,Pakistan,Pakistan,New Zealand,7 wickets,Auckland,3/11/1989,ODI # 559,559,New Zealand,New Zealand
New Zealand,Pakistan,New Zealand,Pakistan,7 wickets,Hamilton,3/14/1989,ODI # 561,561,New Zealand,New Zealand
New Zealand,India,New Zealand,India,108 runs,Dunedin,3/1/1990,ODI # 612,612,New Zealand,New Zealand
New Zealand,Australia,Australia,New Zealand,150 runs,Christchurch,3/4/1990,ODI # 615,615,New Zealand,New Zealand
New Zealand,India,India,New Zealand,1 run,Wellington,3/6/1990,ODI # 616,616,New Zealand,New Zealand
New Zealand,Australia,Australia,New Zealand,10 runs,Auckland,3/10/1990,ODI # 619,619,New Zealand,New Zealand
New Zealand,Australia,Australia,New Zealand,8 wickets,Auckland,3/11/1990,ODI # 620,620,New Zealand,New Zealand
Australia,New Zealand,Australia,New Zealand,63 runs,Sharjah,4/26/1990,ODI # 624,624,United Arab Emirates,New Zealand
Bangladesh,New Zealand,New Zealand,Bangladesh,161 runs,Sharjah,4/28/1990,ODI # 626,626,United Arab Emirates,New Zealand
New Zealand,Pakistan,Pakistan,New Zealand,8 wickets,Sharjah,5/1/1990,ODI # 629,629,United Arab Emirates,New Zealand
England,New Zealand,New Zealand,England,4 wickets,Leeds,5/23/1990,ODI # 632,632,England,New Zealand
England,New Zealand,England,New Zealand,6 wickets,The Oval,5/25/1990,ODI # 633,633,England,New Zealand
Pakistan,New Zealand,Pakistan,New Zealand,19 runs,Lahore,11/2/1990,ODI # 636,636,Pakistan,New Zealand
Pakistan,New Zealand,Pakistan,New Zealand,8 wickets,Peshawar,11/4/1990,ODI # 637,637,Pakistan,New Zealand
Pakistan,New Zealand,Pakistan,New Zealand,105 runs,Sialkot,11/6/1990,ODI # 638,638,Pakistan,New Zealand
Australia,New Zealand,Australia,New Zealand,61 runs,Sydney,11/29/1990,ODI # 642,642,Australia,New Zealand
England,New Zealand,New Zealand,England,7 runs,Adelaide,12/1/1990,ODI # 643,643,Australia,New Zealand
Australia,New Zealand,Australia,New Zealand,6 wickets,Adelaide,12/2/1990,ODI # 645,645,Australia,New Zealand
England,New Zealand,England,New Zealand,4 wickets,Perth,12/7/1990,ODI # 647,647,Australia,New Zealand
Australia,New Zealand,Australia,New Zealand,39 runs,Melbourne,12/11/1990,ODI # 650,650,Australia,New Zealand
England,New Zealand,England,New Zealand,33 runs,Sydney,12/13/1990,ODI # 651,651,Australia,New Zealand
England,New Zealand,New Zealand,England,8 wickets,Brisbane,12/15/1990,ODI # 652,652,Australia,New Zealand
Australia,New Zealand,New Zealand,Australia,1 run,Hobart,12/18/1990,ODI # 654,654,Australia,New Zealand
Australia,New Zealand,Australia,New Zealand,6 wickets,Sydney,1/13/1991,ODI # 663,663,Australia,New Zealand
Australia,New Zealand,Australia,New Zealand,7 wickets,Melbourne,1/15/1991,ODI # 664,664,Australia,New Zealand
New Zealand,Sri Lanka,New Zealand,Sri Lanka,5 wickets,Napier,1/26/1991,ODI # 665,665,New Zealand,New Zealand
New Zealand,Sri Lanka,New Zealand,Sri Lanka,41 runs,Auckland,1/28/1991,ODI # 666,666,New Zealand,New Zealand
New Zealand,Sri Lanka,New Zealand,Sri Lanka,107 runs,Dunedin,2/6/1991,ODI # 667,667,New Zealand,New Zealand
New Zealand,England,England,New Zealand,14 runs,Christchurch,2/9/1991,ODI # 668,668,New Zealand,New Zealand
New Zealand,England,New Zealand,England,9 runs,Wellington,2/13/1991,ODI # 669,669,New Zealand,New Zealand
New Zealand,England,New Zealand,England,7 runs,Auckland,2/16/1991,ODI # 670,670,New Zealand,New Zealand
New Zealand,England,England,New Zealand,7 wickets,Auckland,1/11/1992,ODI # 701,701,New Zealand,New Zealand
New Zealand,England,England,New Zealand,3 wickets,Dunedin,2/12/1992,ODI # 712,712,New Zealand,New Zealand
New Zealand,England,England,New Zealand,71 runs,Christchurch,2/15/1992,ODI # 713,713,New Zealand,New Zealand
New Zealand,Australia,New Zealand,Australia,37 runs,Auckland,2/22/1992,ODI # 714,714,New Zealand,New Zealand
New Zealand,Sri Lanka,New Zealand,Sri Lanka,6 wickets,Hamilton,2/25/1992,ODI # 718,718,New Zealand,New Zealand
New Zealand,South Africa,New Zealand,South Africa,7 wickets,Auckland,2/29/1992,ODI # 723,723,New Zealand,New Zealand
New Zealand,Zimbabwe,New Zealand,Zimbabwe,48 runs,Napier,3/3/1992,ODI # 728,728,New Zealand,New Zealand
New Zealand,West Indies,New Zealand,West Indies,5 wickets,Auckland,3/8/1992,ODI # 734,734,New Zealand,New Zealand
New Zealand,India,New Zealand,India,4 wickets,Dunedin,3/12/1992,ODI # 740,740,New Zealand,New Zealand
New Zealand,England,New Zealand,England,7 wickets,Wellington,3/15/1992,ODI # 744,744,New Zealand,New Zealand
New Zealand,Pakistan,Pakistan,New Zealand,7 wickets,Christchurch,3/18/1992,ODI # 747,747,New Zealand,New Zealand
New Zealand,Pakistan,Pakistan,New Zealand,4 wickets,Auckland,3/21/1992,ODI # 750,750,New Zealand,New Zealand
Zimbabwe,New Zealand,New Zealand,Zimbabwe,22 runs,Bulawayo,10/31/1992,ODI # 765,765,Zimbabwe,New Zealand
Zimbabwe,New Zealand,New Zealand,Zimbabwe,4 wickets,Harare,11/8/1992,ODI # 766,766,Zimbabwe,New Zealand
Sri Lanka,New Zealand,no result,Sri Lanka,,Colombo (RPS),12/4/1992,ODI # 768,768,Sri Lanka,New Zealand
Sri Lanka,New Zealand,Sri Lanka,New Zealand,8 wickets,Colombo (PSS),12/12/1992,ODI # 776,776,Sri Lanka,New Zealand
Sri Lanka,New Zealand,Sri Lanka,New Zealand,31 runs,Colombo (RPS),12/13/1992,ODI # 778,778,Sri Lanka,New Zealand
New Zealand,Pakistan,Pakistan,New Zealand,50 runs,Wellington,12/26/1992,ODI # 785,785,New Zealand,New Zealand
New Zealand,Pakistan,New Zealand,Pakistan,6 wickets,Napier,12/28/1992,ODI # 786,786,New Zealand,New Zealand
New Zealand,Pakistan,New Zealand,Pakistan,6 wickets,Auckland,12/30/1992,ODI # 787,787,New Zealand,New Zealand
New Zealand,Australia,Australia,New Zealand,129 runs,Dunedin,3/19/1993,ODI # 816,816,New Zealand,New Zealand
New Zealand,Australia,Australia,New Zealand,1 wicket,Christchurch,3/21/1993,ODI # 819,819,New Zealand,New Zealand
New Zealand,Australia,New Zealand,Australia,88 runs,Wellington,3/24/1993,ODI # 822,822,New Zealand,New Zealand
New Zealand,Australia,New Zealand,Australia,3 wickets,Hamilton,3/27/1993,ODI # 825,825,New Zealand,New Zealand
New Zealand,Australia,Australia,New Zealand,3 runs,Auckland,3/28/1993,ODI # 827,827,New Zealand,New Zealand
Australia,New Zealand,Australia,New Zealand,8 wickets,Adelaide,12/12/1993,ODI # 861,861,Australia,New Zealand
Australia,New Zealand,Australia,New Zealand,3 runs,Melbourne,12/16/1993,ODI # 863,863,Australia,New Zealand
New Zealand,South Africa,New Zealand,South Africa,4 wickets,Hobart,12/18/1993,ODI # 865,865,Australia,New Zealand
New Zealand,South Africa,New Zealand,South Africa,9 runs,Brisbane,1/8/1994,ODI # 870,870,Australia,New Zealand
Australia,New Zealand,New Zealand,Australia,13 runs,Sydney,1/11/1994,ODI # 872,872,Australia,New Zealand
New Zealand,South Africa,South Africa,New Zealand,5 wickets,Perth,1/14/1994,ODI # 873,873,Australia,New Zealand
Australia,New Zealand,Australia,New Zealand,51 runs,Melbourne,1/19/1994,ODI # 875,875,Australia,New Zealand
New Zealand,Pakistan,Pakistan,New Zealand,5 wickets,Dunedin,3/3/1994,ODI # 889,889,New Zealand,New Zealand
New Zealand,Pakistan,Pakistan,New Zealand,36 runs,Auckland,3/6/1994,ODI # 891,891,New Zealand,New Zealand
New Zealand,Pakistan,Pakistan,New Zealand,11 runs,Wellington,3/9/1994,ODI # 893,893,New Zealand,New Zealand
New Zealand,Pakistan,tied,New Zealand,,Auckland,3/13/1994,ODI # 894,894,New Zealand,New Zealand
New Zealand,Pakistan,New Zealand,Pakistan,7 wickets,Christchurch,3/16/1994,ODI # 895,895,New Zealand,New Zealand
New Zealand,India,New Zealand,India,28 runs,Napier,3/25/1994,ODI # 896,896,New Zealand,New Zealand
New Zealand,India,India,New Zealand,7 wickets,Auckland,3/27/1994,ODI # 897,897,New Zealand,New Zealand
New Zealand,India,India,New Zealand,12 runs,Wellington,3/30/1994,ODI # 898,898,New Zealand,New Zealand
New Zealand,India,New Zealand,India,6 wickets,Christchurch,4/2/1994,ODI # 899,899,New Zealand,New Zealand
Australia,New Zealand,Australia,New Zealand,7 wickets,Sharjah,4/16/1994,ODI # 907,907,United Arab Emirates,New Zealand
New Zealand,Sri Lanka,New Zealand,Sri Lanka,2 runs,Sharjah,4/18/1994,ODI # 909,909,United Arab Emirates,New Zealand
New Zealand,Pakistan,Pakistan,New Zealand,62 runs,Sharjah,4/20/1994,ODI # 911,911,United Arab Emirates,New Zealand
England,New Zealand,England,New Zealand,42 runs,Birmingham,5/19/1994,ODI # 913,913,England,New Zealand
New Zealand,West Indies,no result,New Zealand,,Margao,10/26/1994,ODI # 938,938,India,New Zealand
India,New Zealand,India,New Zealand,7 wickets,Vadodara,10/28/1994,ODI # 939,939,India,New Zealand
New Zealand,West Indies,West Indies,New Zealand,135 runs,Guwahati,11/1/1994,ODI # 943,943,India,New Zealand
India,New Zealand,India,New Zealand,107 runs,Delhi,11/3/1994,ODI # 944,944,India,New Zealand
South Africa,New Zealand,South Africa,New Zealand,69 runs,Cape Town,12/6/1994,ODI # 956,956,South Africa,New Zealand
New Zealand,Sri Lanka,no result,New Zealand,,Bloemfontein,12/8/1994,ODI # 958,958,South Africa,New Zealand
South Africa,New Zealand,South Africa,New Zealand,81 runs,Centurion,12/11/1994,ODI # 960,960,South Africa,New Zealand
New Zealand,Pakistan,Pakistan,New Zealand,5 wickets,Gqeberha,12/13/1994,ODI # 961,961,South Africa,New Zealand
New Zealand,Sri Lanka,Sri Lanka,New Zealand,5 wickets,East London,12/18/1994,ODI # 965,965,South Africa,New Zealand
New Zealand,Pakistan,Pakistan,New Zealand,5 wickets,East London,12/19/1994,ODI # 966,966,South Africa,New Zealand
New Zealand,West Indies,West Indies,New Zealand,25 runs,Auckland,1/22/1995,ODI # 972,972,New Zealand,New Zealand
New Zealand,West Indies,West Indies,New Zealand,41 runs,Wellington,1/25/1995,ODI # 973,973,New Zealand,New Zealand
New Zealand,West Indies,West Indies,New Zealand,9 wickets,Christchurch,1/28/1995,ODI # 974,974,New Zealand,New Zealand
New Zealand,India,New Zealand,India,4 wickets,Napier,2/16/1995,ODI # 976,976,New Zealand,New Zealand
New Zealand,Australia,Australia,New Zealand,27 runs,Auckland,2/19/1995,ODI # 978,978,New Zealand,New Zealand
New Zealand,South Africa,New Zealand,South Africa,46 runs,Christchurch,2/23/1995,ODI # 981,981,New Zealand,New Zealand
New Zealand,Australia,Australia,New Zealand,6 wickets,Auckland,2/26/1995,ODI # 983,983,New Zealand,New Zealand
New Zealand,Sri Lanka,New Zealand,Sri Lanka,33 runs,Christchurch,3/26/1995,ODI # 990,990,New Zealand,New Zealand
New Zealand,Sri Lanka,New Zealand,Sri Lanka,57 runs,Hamilton,3/29/1995,ODI # 991,991,New Zealand,New Zealand
New Zealand,Sri Lanka,Sri Lanka,New Zealand,51 runs,Auckland,4/1/1995,ODI # 992,992,New Zealand,New Zealand
India,New Zealand,New Zealand,India,8 wickets,Jamshedpur,11/15/1995,ODI # 1015,1015,India,New Zealand
India,New Zealand,India,New Zealand,6 wickets,Amritsar,11/18/1995,ODI # 1016,1016,India,New Zealand
India,New Zealand,India,New Zealand,5 wickets,Pune,11/24/1995,ODI # 1017,1017,India,New Zealand
India,New Zealand,New Zealand,India,99 runs,Nagpur,11/26/1995,ODI # 1018,1018,India,New Zealand
India,New Zealand,India,New Zealand,6 wickets,Brabourne,11/29/1995,ODI # 1019,1019,India,New Zealand
New Zealand,Pakistan,Pakistan,New Zealand,20 runs,Dunedin,12/15/1995,ODI # 1020,1020,New Zealand,New Zealand
New Zealand,Pakistan,New Zealand,Pakistan,1 wicket,Christchurch,12/17/1995,ODI # 1022,1022,New Zealand,New Zealand
New Zealand,Pakistan,Pakistan,New Zealand,54 runs,Wellington,12/20/1995,ODI # 1025,1025,New Zealand,New Zealand
New Zealand,Pakistan,New Zealand,Pakistan,32 runs,Auckland,12/23/1995,ODI # 1027,1027,New Zealand,New Zealand
New Zealand,Zimbabwe,New Zealand,Zimbabwe,74 runs,Auckland,1/28/1996,ODI # 1045,1045,New Zealand,New Zealand
New Zealand,Zimbabwe,New Zealand,Zimbabwe,6 wickets,Wellington,1/31/1996,ODI # 1046,1046,New Zealand,New Zealand
New Zealand,Zimbabwe,Zimbabwe,New Zealand,21 runs,Napier,2/3/1996,ODI # 1047,1047,New Zealand,New Zealand
England,New Zealand,New Zealand,England,11 runs,Ahmedabad,2/14/1996,ODI # 1048,1048,India,New Zealand
Netherlands,New Zealand,New Zealand,Netherlands,119 runs,Vadodara,2/17/1996,ODI # 1051,1051,India,New Zealand
New Zealand,South Africa,South Africa,New Zealand,5 wickets,Faisalabad,2/20/1996,ODI # 1054,1054,Pakistan,New Zealand
New Zealand,U.A.E.,New Zealand,U.A.E.,109 runs,Faisalabad,2/27/1996,ODI # 1064,1064,Pakistan,New Zealand
Pakistan,New Zealand,Pakistan,New Zealand,46 runs,Lahore,3/6/1996,ODI # 1076,1076,Pakistan,New Zealand
Australia,New Zealand,Australia,New Zealand,6 wickets,Chennai,3/11/1996,ODI # 1080,1080,India,New Zealand
West Indies,New Zealand,West Indies,New Zealand,1 wicket,Kingston,3/26/1996,ODI # 1084,1084,West Indies,New Zealand
West Indies,New Zealand,New Zealand,West Indies,4 wickets,Port of Spain,3/29/1996,ODI # 1085,1085,West Indies,New Zealand
West Indies,New Zealand,West Indies,New Zealand,7 wickets,Port of Spain,3/30/1996,ODI # 1086,1086,West Indies,New Zealand
West Indies,New Zealand,New Zealand,West Indies,4 runs,Georgetown,4/3/1996,ODI # 1090,1090,West Indies,New Zealand
West Indies,New Zealand,West Indies,New Zealand,7 wickets,Kingstown,4/6/1996,ODI # 1092,1092,West Indies,New Zealand
New Zealand,Sri Lanka,New Zealand,Sri Lanka,29 runs,Sharjah,11/7/1996,ODI # 1139,1139,United Arab Emirates,New Zealand
New Zealand,Pakistan,Pakistan,New Zealand,4 wickets,Sharjah,11/10/1996,ODI # 1141,1141,United Arab Emirates,New Zealand
New Zealand,Sri Lanka,tied,New Zealand,,Sharjah,11/11/1996,ODI # 1142,1142,United Arab Emirates,New Zealand
New Zealand,Pakistan,Pakistan,New Zealand,4 wickets,Sharjah,11/13/1996,ODI # 1144,1144,United Arab Emirates,New Zealand
New Zealand,Pakistan,Pakistan,New Zealand,41 runs,Sharjah,11/15/1996,ODI # 1145,1145,United Arab Emirates,New Zealand
Pakistan,New Zealand,Pakistan,New Zealand,11 runs,Gujranwala,12/4/1996,ODI # 1146,1146,Pakistan,New Zealand
Pakistan,New Zealand,Pakistan,New Zealand,46 runs,Sialkot,12/6/1996,ODI # 1148,1148,Pakistan,New Zealand
Pakistan,New Zealand,New Zealand,Pakistan,7 wickets,Karachi,12/8/1996,ODI # 1150,1150,Pakistan,New Zealand
New Zealand,England,England,New Zealand,4 wickets,Christchurch,2/20/1997,ODI # 1179,1179,New Zealand,New Zealand
New Zealand,England,England,New Zealand,6 wickets,Auckland,2/23/1997,ODI # 1180,1180,New Zealand,New Zealand
New Zealand,England,tied,New Zealand,,Napier,2/26/1997,ODI # 1181,1181,New Zealand,New Zealand
New Zealand,England,New Zealand,England,9 runs,Auckland,3/2/1997,ODI # 1182,1182,New Zealand,New Zealand
New Zealand,England,New Zealand,England,28 runs,Wellington,3/4/1997,ODI # 1183,1183,New Zealand,New Zealand
New Zealand,Sri Lanka,Sri Lanka,New Zealand,6 wickets,Christchurch,3/25/1997,ODI # 1184,1184,New Zealand,New Zealand
New Zealand,Sri Lanka,New Zealand,Sri Lanka,69 runs,Wellington,3/27/1997,ODI # 1185,1185,New Zealand,New Zealand
New Zealand,Pakistan,New Zealand,Pakistan,22 runs,Mohali,5/9/1997,ODI # 1204,1204,India,New Zealand
India,New Zealand,India,New Zealand,8 wickets,Bengaluru,5/14/1997,ODI # 1206,1206,India,New Zealand
New Zealand,Sri Lanka,Sri Lanka,New Zealand,52 runs,Hyderabad (Deccan),5/20/1997,ODI # 1208,1208,India,New Zealand
Zimbabwe,New Zealand,tied,Zimbabwe,,Bulawayo,10/1/1997,ODI # 1235,1235,Zimbabwe,New Zealand
Zimbabwe,New Zealand,Zimbabwe,New Zealand,3 wickets,Harare,10/4/1997,ODI # 1237,1237,Zimbabwe,New Zealand
Zimbabwe,New Zealand,New Zealand,Zimbabwe,83 runs,Harare,10/5/1997,ODI # 1238,1238,Zimbabwe,New Zealand
New Zealand,South Africa,New Zealand,South Africa,47 runs,Adelaide,12/6/1997,ODI # 1255,1255,Australia,New Zealand
Australia,New Zealand,Australia,New Zealand,3 wickets,Adelaide,12/7/1997,ODI # 1256,1256,Australia,New Zealand
New Zealand,South Africa,South Africa,New Zealand,1 run,Hobart,12/11/1997,ODI # 1258,1258,Australia,New Zealand
Australia,New Zealand,Australia,New Zealand,6 wickets,Melbourne,12/17/1997,ODI # 1265,1265,Australia,New Zealand
New Zealand,South Africa,South Africa,New Zealand,2 runs,Brisbane,1/9/1998,ODI # 1270,1270,Australia,New Zealand
Australia,New Zealand,Australia,New Zealand,131 runs,Sydney,1/14/1998,ODI # 1275,1275,Australia,New Zealand
New Zealand,South Africa,South Africa,New Zealand,67 runs,Perth,1/16/1998,ODI # 1278,1278,Australia,New Zealand
Australia,New Zealand,New Zealand,Australia,4 wickets,Melbourne,1/21/1998,ODI # 1281,1281,Australia,New Zealand
New Zealand,Zimbabwe,New Zealand,Zimbabwe,40 runs,Hamilton,2/4/1998,ODI # 1288,1288,New Zealand,New Zealand
New Zealand,Zimbabwe,New Zealand,Zimbabwe,8 wickets,Wellington,2/6/1998,ODI # 1289,1289,New Zealand,New Zealand
New Zealand,Australia,Australia,New Zealand,7 wickets,Christchurch,2/8/1998,ODI # 1290,1290,New Zealand,New Zealand
New Zealand,Australia,Australia,New Zealand,66 runs,Wellington,2/10/1998,ODI # 1291,1291,New Zealand,New Zealand
New Zealand,Australia,New Zealand,Australia,7 wickets,Napier,2/12/1998,ODI # 1292,1292,New Zealand,New Zealand
New Zealand,Australia,New Zealand,Australia,30 runs,Auckland,2/14/1998,ODI # 1293,1293,New Zealand,New Zealand
New Zealand,Zimbabwe,Zimbabwe,New Zealand,1 run,Christchurch,3/4/1998,ODI # 1294,1294,New Zealand,New Zealand
New Zealand,Zimbabwe,New Zealand,Zimbabwe,9 wickets,Napier,3/6/1998,ODI # 1295,1295,New Zealand,New Zealand
New Zealand,Zimbabwe,New Zealand,Zimbabwe,2 runs,Auckland,3/8/1998,ODI # 1296,1296,New Zealand,New Zealand
India,New Zealand,India,New Zealand,15 runs,Sharjah,4/17/1998,ODI # 1319,1319,United Arab Emirates,New Zealand
Australia,New Zealand,Australia,New Zealand,6 wickets,Sharjah,4/18/1998,ODI # 1320,1320,United Arab Emirates,New Zealand
India,New Zealand,New Zealand,India,4 wickets,Sharjah,4/20/1998,ODI # 1323,1323,United Arab Emirates,New Zealand
Australia,New Zealand,Australia,New Zealand,5 wickets,Sharjah,4/21/1998,ODI # 1324,1324,United Arab Emirates,New Zealand
Sri Lanka,New Zealand,Sri Lanka,New Zealand,7 wickets,Colombo (RPS),6/21/1998,ODI # 1339,1339,Sri Lanka,New Zealand
India,New Zealand,no result,India,,Colombo (RPS),6/23/1998,ODI # 1340,1340,Sri Lanka,New Zealand
India,New Zealand,no result,India,,Colombo (SSC),7/3/1998,ODI # 1342,1342,Sri Lanka,New Zealand
Sri Lanka,New Zealand,Sri Lanka,New Zealand,87 runs,Colombo (SSC),7/5/1998,ODI # 1343,1343,Sri Lanka,New Zealand
New Zealand,Zimbabwe,New Zealand,Zimbabwe,5 wickets,Dhaka,10/24/1998,ODI # 1357,1357,Bangladesh,New Zealand
New Zealand,Sri Lanka,Sri Lanka,New Zealand,5 wickets,Dhaka,10/26/1998,ODI # 1359,1359,Bangladesh,New Zealand
New Zealand,India,New Zealand,India,5 wickets,Taupo,1/9/1999,ODI # 1378,1378,New Zealand,New Zealand
New Zealand,India,India,New Zealand,2 wickets,Napier,1/12/1999,ODI # 1381,1381,New Zealand,New Zealand
New Zealand,India,no result,New Zealand,,Wellington,1/14/1999,ODI # 1383,1383,New Zealand,New Zealand
New Zealand,India,India,New Zealand,5 wickets,Auckland,1/16/1999,ODI # 1385,1385,New Zealand,New Zealand
New Zealand,India,New Zealand,India,70 runs,Christchurch,1/19/1999,ODI # 1387,1387,New Zealand,New Zealand
New Zealand,South Africa,New Zealand,South Africa,3 wickets,Dunedin,2/14/1999,ODI # 1407,1407,New Zealand,New Zealand
New Zealand,South Africa,South Africa,New Zealand,7 wickets,Christchurch,2/17/1999,ODI # 1408,1408,New Zealand,New Zealand
New Zealand,South Africa,New Zealand,South Africa,7 wickets,Auckland,2/20/1999,ODI # 1409,1409,New Zealand,New Zealand
New Zealand,South Africa,no result,New Zealand,,Napier,3/25/1999,ODI # 1419,1419,New Zealand,New Zealand
New Zealand,South Africa,South Africa,New Zealand,2 wickets,Napier,3/26/1999,ODI # 1421,1421,New Zealand,New Zealand
New Zealand,South Africa,South Africa,New Zealand,143 runs,Auckland,3/27/1999,ODI # 1422,1422,New Zealand,New Zealand
New Zealand,South Africa,no result,New Zealand,,Wellington,3/30/1999,ODI # 1425,1425,New Zealand,New Zealand
Bangladesh,New Zealand,New Zealand,Bangladesh,6 wickets,Chelmsford,5/17/1999,ODI # 1448,1448,England,New Zealand
Australia,New Zealand,New Zealand,Australia,5 wickets,Cardiff,5/20/1999,ODI # 1452,1452,Wales,New Zealand
New Zealand,West Indies,West Indies,New Zealand,7 wickets,Southampton,5/24/1999,ODI # 1460,1460,England,New Zealand
New Zealand,Pakistan,Pakistan,New Zealand,62 runs,Derby,5/28/1999,ODI # 1466,1466,England,New Zealand
Scotland,New Zealand,New Zealand,Scotland,6 wickets,Edinburgh,5/31/1999,ODI # 1472,1472,Scotland,New Zealand
New Zealand,Zimbabwe,no result,New Zealand,,Leeds,6/6/1999,ODI # 1475,1475,England,New Zealand
New Zealand,South Africa,South Africa,New Zealand,74 runs,Birmingham,6/10/1999,ODI # 1478,1478,England,New Zealand
India,New Zealand,New Zealand,India,5 wickets,Nottingham,6/12/1999,ODI # 1480,1480,England,New Zealand
New Zealand,Pakistan,Pakistan,New Zealand,9 wickets,Manchester,6/16/1999,ODI # 1482,1482,England,New Zealand
India,New Zealand,New Zealand,India,43 runs,Rajkot,11/5/1999,ODI # 1522,1522,India,New Zealand
India,New Zealand,India,New Zealand,174 runs,Hyderabad (Deccan),11/8/1999,ODI # 1523,1523,India,New Zealand
India,New Zealand,India,New Zealand,14 runs,Gwalior,11/11/1999,ODI # 1524,1524,India,New Zealand
India,New Zealand,New Zealand,India,48 runs,Guwahati,11/14/1999,ODI # 1525,1525,India,New Zealand
India,New Zealand,India,New Zealand,7 wickets,Delhi,11/17/1999,ODI # 1526,1526,India,New Zealand
New Zealand,West Indies,New Zealand,West Indies,3 wickets,Auckland,1/2/2000,ODI # 1532,1532,New Zealand,New Zealand
New Zealand,West Indies,New Zealand,West Indies,7 wickets,Taupo,1/4/2000,ODI # 1533,1533,New Zealand,New Zealand
New Zealand,West Indies,New Zealand,West Indies,4 wickets,Napier,1/6/2000,ODI # 1534,1534,New Zealand,New Zealand
New Zealand,West Indies,New Zealand,West Indies,8 wickets,Wellington,1/8/2000,ODI # 1535,1535,New Zealand,New Zealand
New Zealand,West Indies,New Zealand,West Indies,20 runs,Christchurch,1/11/2000,ODI # 1538,1538,New Zealand,New Zealand
New Zealand,Australia,no result,New Zealand,,Wellington,2/17/2000,ODI # 1563,1563,New Zealand,New Zealand
New Zealand,Australia,Australia,New Zealand,5 wickets,Auckland,2/19/2000,ODI # 1565,1565,New Zealand,New Zealand
New Zealand,Australia,Australia,New Zealand,50 runs,Dunedin,2/23/2000,ODI # 1568,1568,New Zealand,New Zealand
New Zealand,Australia,Australia,New Zealand,48 runs,Christchurch,2/26/2000,ODI # 1569,1569,New Zealand,New Zealand
New Zealand,Australia,Australia,New Zealand,5 wickets,Napier,3/1/2000,ODI # 1570,1570,New Zealand,New Zealand
New Zealand,Australia,New Zealand,Australia,7 wickets,Auckland,3/3/2000,ODI # 1571,1571,New Zealand,New Zealand
New Zealand,Pakistan,Pakistan,New Zealand,12 runs,Singapore,8/20/2000,ODI # 1623,1623,Singapore,New Zealand
New Zealand,South Africa,South Africa,New Zealand,8 wickets,Singapore,8/25/2000,ODI # 1625,1625,Singapore,New Zealand
Zimbabwe,New Zealand,New Zealand,Zimbabwe,7 wickets,Harare,9/27/2000,ODI # 1627,1627,Zimbabwe,New Zealand
Zimbabwe,New Zealand,Zimbabwe,New Zealand,21 runs,Bulawayo,9/30/2000,ODI # 1628,1628,Zimbabwe,New Zealand
Zimbabwe,New Zealand,Zimbabwe,New Zealand,6 wickets,Bulawayo,10/1/2000,ODI # 1629,1629,Zimbabwe,New Zealand
New Zealand,Zimbabwe,New Zealand,Zimbabwe,64 runs,Nairobi (Gym),10/9/2000,ODI # 1635,1635,Kenya,New Zealand
New Zealand,Pakistan,New Zealand,Pakistan,4 wickets,Nairobi (Gym),10/11/2000,ODI # 1637,1637,Kenya,New Zealand
India,New Zealand,New Zealand,India,4 wickets,Nairobi (Gym),10/15/2000,ODI # 1639,1639,Kenya,New Zealand
South Africa,New Zealand,no result,South Africa,,Potchefstroom,10/20/2000,ODI # 1641,1641,South Africa,New Zealand
South Africa,New Zealand,South Africa,New Zealand,6 wickets,Benoni,10/22/2000,ODI # 1643,1643,South Africa,New Zealand
South Africa,New Zealand,South Africa,New Zealand,115 runs,Centurion,10/25/2000,ODI # 1647,1647,South Africa,New Zealand
South Africa,New Zealand,South Africa,New Zealand,5 wickets,Kimberley,10/28/2000,ODI # 1651,1651,South Africa,New Zealand
South Africa,New Zealand,South Africa,New Zealand,6 wickets,Durban,11/1/2000,ODI # 1654,1654,South Africa,New Zealand
South Africa,New Zealand,South Africa,New Zealand,3 wickets,Cape Town,11/4/2000,ODI # 1655,1655,South Africa,New Zealand
New Zealand,Zimbabwe,Zimbabwe,New Zealand,70 runs,Taupo,1/2/2001,ODI # 1663,1663,New Zealand,New Zealand
New Zealand,Zimbabwe,New Zealand,Zimbabwe,8 wickets,Wellington,1/4/2001,ODI # 1664,1664,New Zealand,New Zealand
New Zealand,Zimbabwe,Zimbabwe,New Zealand,1 wicket,Auckland,1/7/2001,ODI # 1665,1665,New Zealand,New Zealand
New Zealand,Sri Lanka,Sri Lanka,New Zealand,61 runs,Napier,1/31/2001,ODI # 1680,1680,New Zealand,New Zealand
New Zealand,Sri Lanka,Sri Lanka,New Zealand,3 wickets,Wellington,2/3/2001,ODI # 1682,1682,New Zealand,New Zealand
New Zealand,Sri Lanka,Sri Lanka,New Zealand,9 wickets,Auckland,2/6/2001,ODI # 1684,1684,New Zealand,New Zealand
New Zealand,Sri Lanka,Sri Lanka,New Zealand,3 runs,Hamilton,2/8/2001,ODI # 1686,1686,New Zealand,New Zealand
New Zealand,Sri Lanka,New Zealand,Sri Lanka,13 runs,Christchurch,2/11/2001,ODI # 1688,1688,New Zealand,New Zealand
New Zealand,Pakistan,Pakistan,New Zealand,6 wickets,Auckland,2/17/2001,ODI # 1689,1689,New Zealand,New Zealand
New Zealand,Pakistan,New Zealand,Pakistan,6 wickets,Napier,2/20/2001,ODI # 1690,1690,New Zealand,New Zealand
New Zealand,Pakistan,Pakistan,New Zealand,28 runs,Wellington,2/22/2001,ODI # 1691,1691,New Zealand,New Zealand
New Zealand,Pakistan,New Zealand,Pakistan,138 runs,Christchurch,2/25/2001,ODI # 1692,1692,New Zealand,New Zealand
New Zealand,Pakistan,New Zealand,Pakistan,4 wickets,Dunedin,2/28/2001,ODI # 1693,1693,New Zealand,New Zealand
New Zealand,Sri Lanka,Sri Lanka,New Zealand,106 runs,Sharjah,4/10/2001,ODI # 1705,1705,United Arab Emirates,New Zealand
New Zealand,Pakistan,Pakistan,New Zealand,8 wickets,Sharjah,4/12/2001,ODI # 1707,1707,United Arab Emirates,New Zealand
New Zealand,Pakistan,Pakistan,New Zealand,7 wickets,Sharjah,4/15/2001,ODI # 1709,1709,United Arab Emirates,New Zealand
New Zealand,Sri Lanka,New Zealand,Sri Lanka,79 runs,Sharjah,4/17/2001,ODI # 1710,1710,United Arab Emirates,New Zealand
Sri Lanka,New Zealand,Sri Lanka,New Zealand,16 runs,Colombo (RPS),7/18/2001,ODI # 1735,1735,Sri Lanka,New Zealand
India,New Zealand,New Zealand,India,84 runs,Colombo (RPS),7/20/2001,ODI # 1736,1736,Sri Lanka,New Zealand
Sri Lanka,New Zealand,Sri Lanka,New Zealand,5 wickets,Colombo (RPS),7/25/2001,ODI # 1738,1738,Sri Lanka,New Zealand
India,New Zealand,New Zealand,India,67 runs,Colombo (RPS),7/26/2001,ODI # 1739,1739,Sri Lanka,New Zealand
Sri Lanka,New Zealand,Sri Lanka,New Zealand,106 runs,Colombo (SSC),7/31/2001,ODI # 1741,1741,Sri Lanka,New Zealand
India,New Zealand,India,New Zealand,7 wickets,Colombo (SSC),8/2/2001,ODI # 1743,1743,Sri Lanka,New Zealand
Australia,New Zealand,New Zealand,Australia,23 runs,Melbourne,1/11/2002,ODI # 1783,1783,Australia,New Zealand
New Zealand,South Africa,South Africa,New Zealand,26 runs,Hobart,1/15/2002,ODI # 1785,1785,Australia,New Zealand
Australia,New Zealand,New Zealand,Australia,23 runs,Sydney,1/17/2002,ODI # 1786,1786,Australia,New Zealand
New Zealand,South Africa,New Zealand,South Africa,4 wickets,Brisbane,1/19/2002,ODI # 1787,1787,Australia,New Zealand
Australia,New Zealand,New Zealand,Australia,77 runs,Adelaide,1/26/2002,ODI # 1796,1796,Australia,New Zealand
New Zealand,South Africa,South Africa,New Zealand,93 runs,Adelaide,1/27/2002,ODI # 1797,1797,Australia,New Zealand
Australia,New Zealand,Australia,New Zealand,2 wickets,Melbourne,1/29/2002,ODI # 1799,1799,Australia,New Zealand
New Zealand,South Africa,South Africa,New Zealand,67 runs,Perth,2/1/2002,ODI # 1801,1801,Australia,New Zealand
New Zealand,South Africa,South Africa,New Zealand,8 wickets,Melbourne,2/6/2002,ODI # 1804,1804,Australia,New Zealand
New Zealand,South Africa,South Africa,New Zealand,6 wickets,Sydney,2/8/2002,ODI # 1805,1805,Australia,New Zealand
New Zealand,England,New Zealand,England,4 wickets,Christchurch,2/13/2002,ODI # 1806,1806,New Zealand,New Zealand
New Zealand,England,New Zealand,England,155 runs,Wellington,2/16/2002,ODI # 1809,1809,New Zealand,New Zealand
New Zealand,England,England,New Zealand,43 runs,Napier,2/20/2002,ODI # 1811,1811,New Zealand,New Zealand
New Zealand,England,England,New Zealand,33 runs,Auckland,2/23/2002,ODI # 1812,1812,New Zealand,New Zealand
New Zealand,England,New Zealand,England,5 wickets,Dunedin,2/26/2002,ODI # 1813,1813,New Zealand,New Zealand
New Zealand,Sri Lanka,New Zealand,Sri Lanka,11 runs,Sharjah,4/9/2002,ODI # 1826,1826,United Arab Emirates,New Zealand
New Zealand,Pakistan,Pakistan,New Zealand,51 runs,Sharjah,4/11/2002,ODI # 1828,1828,United Arab Emirates,New Zealand
New Zealand,Sri Lanka,Sri Lanka,New Zealand,46 runs,Sharjah,4/14/2002,ODI # 1830,1830,United Arab Emirates,New Zealand
New Zealand,Pakistan,Pakistan,New Zealand,8 wickets,Sharjah,4/15/2002,ODI # 1831,1831,United Arab Emirates,New Zealand
Pakistan,New Zealand,Pakistan,New Zealand,153 runs,Karachi,4/21/2002,ODI # 1833,1833,Pakistan,New Zealand
Pakistan,New Zealand,Pakistan,New Zealand,3 wickets,Rawalpindi,4/24/2002,ODI # 1834,1834,Pakistan,New Zealand
Pakistan,New Zealand,Pakistan,New Zealand,66 runs,Lahore,4/27/2002,ODI # 1835,1835,Pakistan,New Zealand
West Indies,New Zealand,no result,West Indies,,Kingston,6/5/2002,ODI # 1839,1839,West Indies,New Zealand
West Indies,New Zealand,West Indies,New Zealand,6 wickets,Gros Islet,6/8/2002,ODI # 1840,1840,West Indies,New Zealand
West Indies,New Zealand,West Indies,New Zealand,7 wickets,Gros Islet,6/9/2002,ODI # 1841,1841,West Indies,New Zealand
West Indies,New Zealand,New Zealand,West Indies,9 runs,Port of Spain,6/12/2002,ODI # 1843,1843,West Indies,New Zealand
West Indies,New Zealand,West Indies,New Zealand,4 wickets,Kingstown,6/16/2002,ODI # 1845,1845,West Indies,New Zealand
Australia,New Zealand,Australia,New Zealand,164 runs,Colombo (SSC),9/15/2002,ODI # 1877,1877,Sri Lanka,New Zealand
Bangladesh,New Zealand,New Zealand,Bangladesh,167 runs,Colombo (SSC),9/23/2002,ODI # 1885,1885,Sri Lanka,New Zealand
New Zealand,India,New Zealand,India,3 wickets,Auckland,12/26/2002,ODI # 1926,1926,New Zealand,New Zealand
New Zealand,India,New Zealand,India,35 runs,Napier,12/29/2002,ODI # 1927,1927,New Zealand,New Zealand
New Zealand,India,New Zealand,India,5 wickets,Christchurch,1/1/2003,ODI # 1928,1928,New Zealand,New Zealand
New Zealand,India,New Zealand,India,7 wickets,Queenstown,1/4/2003,ODI # 1929,1929,New Zealand,New Zealand
New Zealand,India,India,New Zealand,2 wickets,Wellington,1/8/2003,ODI # 1930,1930,New Zealand,New Zealand
New Zealand,India,India,New Zealand,1 wicket,Auckland,1/11/2003,ODI # 1933,1933,New Zealand,New Zealand
New Zealand,India,New Zealand,India,6 wickets,Hamilton,1/14/2003,ODI # 1935,1935,New Zealand,New Zealand
New Zealand,Sri Lanka,Sri Lanka,New Zealand,47 runs,Bloemfontein,2/10/2003,ODI # 1944,1944,South Africa,New Zealand
New Zealand,West Indies,New Zealand,West Indies,20 runs,Gqeberha,2/13/2003,ODI # 1949,1949,South Africa,New Zealand
South Africa,New Zealand,New Zealand,South Africa,9 wickets,Johannesburg,2/16/2003,ODI # 1955,1955,South Africa,New Zealand
Bangladesh,New Zealand,New Zealand,Bangladesh,7 wickets,Kimberley,2/26/2003,ODI # 1968,1968,South Africa,New Zealand
Canada,New Zealand,New Zealand,Canada,5 wickets,Benoni,3/3/2003,ODI # 1977,1977,South Africa,New Zealand
New Zealand,Zimbabwe,New Zealand,Zimbabwe,6 wickets,Bloemfontein,3/8/2003,ODI # 1984,1984,South Africa,New Zealand
Australia,New Zealand,Australia,New Zealand,96 runs,Gqeberha,3/11/2003,ODI # 1986,1986,South Africa,New Zealand
India,New Zealand,India,New Zealand,7 wickets,Centurion,3/14/2003,ODI # 1988,1988,South Africa,New Zealand
New Zealand,Pakistan,New Zealand,Pakistan,7 wickets,Dambulla,5/11/2003,ODI # 2009,2009,Sri Lanka,New Zealand
Sri Lanka,New Zealand,Sri Lanka,New Zealand,5 wickets,Dambulla,5/13/2003,ODI # 2010,2010,Sri Lanka,New Zealand
Sri Lanka,New Zealand,New Zealand,Sri Lanka,9 runs,Dambulla,5/19/2003,ODI # 2014,2014,Sri Lanka,New Zealand
New Zealand,Pakistan,Pakistan,New Zealand,22 runs,Dambulla,5/20/2003,ODI # 2015,2015,Sri Lanka,New Zealand
New Zealand,Pakistan,New Zealand,Pakistan,4 wickets,Dambulla,5/23/2003,ODI # 2017,2017,Sri Lanka,New Zealand
India,New Zealand,no result,India,,Chennai,10/23/2003,ODI # 2051,2051,India,New Zealand
Australia,New Zealand,Australia,New Zealand,8 wickets,Faridabad,10/29/2003,ODI # 2053,2053,India,New Zealand
Australia,New Zealand,Australia,New Zealand,2 wickets,Pune,11/3/2003,ODI # 2055,2055,India,New Zealand
India,New Zealand,New Zealand,India,4 wickets,Cuttack,11/6/2003,ODI # 2056,2056,India,New Zealand
Australia,New Zealand,Australia,New Zealand,44 runs,Guwahati,11/9/2003,ODI # 2058,2058,India,New Zealand
India,New Zealand,India,New Zealand,145 runs,Hyderabad (Deccan),11/15/2003,ODI # 2062,2062,India,New Zealand
Pakistan,New Zealand,Pakistan,New Zealand,3 wickets,Lahore,11/29/2003,ODI # 2068,2068,Pakistan,New Zealand
Pakistan,New Zealand,Pakistan,New Zealand,124 runs,Lahore,12/1/2003,ODI # 2071,2071,Pakistan,New Zealand
Pakistan,New Zealand,Pakistan,New Zealand,51 runs,Faisalabad,12/3/2003,ODI # 2072,2072,Pakistan,New Zealand
Pakistan,New Zealand,Pakistan,New Zealand,7 wickets,Rawalpindi,12/5/2003,ODI # 2073,2073,Pakistan,New Zealand
Pakistan,New Zealand,Pakistan,New Zealand,49 runs,Rawalpindi,12/7/2003,ODI # 2074,2074,Pakistan,New Zealand
New Zealand,Pakistan,New Zealand,Pakistan,4 wickets,Auckland,1/3/2004,ODI # 2075,2075,New Zealand,New Zealand
New Zealand,Pakistan,Pakistan,New Zealand,6 wickets,Queenstown,1/7/2004,ODI # 2076,2076,New Zealand,New Zealand
New Zealand,Pakistan,New Zealand,Pakistan,7 wickets,Christchurch,1/10/2004,ODI # 2078,2078,New Zealand,New Zealand
New Zealand,Pakistan,New Zealand,Pakistan,8 wickets,Napier,1/14/2004,ODI # 2081,2081,New Zealand,New Zealand
New Zealand,Pakistan,New Zealand,Pakistan,4 runs,Wellington,1/17/2004,ODI # 2083,2083,New Zealand,New Zealand
New Zealand,South Africa,South Africa,New Zealand,5 wickets,Auckland,2/13/2004,ODI # 2099,2099,New Zealand,New Zealand
New Zealand,South Africa,New Zealand,South Africa,5 wickets,Christchurch,2/17/2004,ODI # 2100,2100,New Zealand,New Zealand
New Zealand,South Africa,New Zealand,South Africa,5 runs,Wellington,2/20/2004,ODI # 2101,2101,New Zealand,New Zealand
New Zealand,South Africa,New Zealand,South Africa,6 wickets,Dunedin,2/25/2004,ODI # 2104,2104,New Zealand,New Zealand
New Zealand,South Africa,New Zealand,South Africa,2 runs,Auckland,2/29/2004,ODI # 2107,2107,New Zealand,New Zealand
New Zealand,South Africa,New Zealand,South Africa,5 wickets,Napier,3/2/2004,ODI # 2109,2109,New Zealand,New Zealand
New Zealand,West Indies,no result,New Zealand,,Birmingham,6/26/2004,ODI # 2134,2134,England,New Zealand
England,New Zealand,New Zealand,England,7 wickets,Chester-le-Street,6/29/2004,ODI # 2136,2136,England,New Zealand
New Zealand,West Indies,New Zealand,West Indies,5 wickets,Cardiff,7/3/2004,ODI # 2138,2138,Wales,New Zealand
England,New Zealand,New Zealand,England,6 wickets,Bristol,7/4/2004,ODI # 2139,2139,England,New Zealand
New Zealand,West Indies,no result,New Zealand,,Southampton,7/8/2004,ODI # 2141,2141,England,New Zealand
New Zealand,West Indies,New Zealand,West Indies,107 runs,Lord's,7/10/2004,ODI # 2142,2142,England,New Zealand
New Zealand,U.S.A.,New Zealand,U.S.A.,210 runs,The Oval,9/10/2004,ODI # 2169,2169,England,New Zealand
Australia,New Zealand,Australia,New Zealand,7 wickets,The Oval,9/16/2004,ODI # 2176,2176,England,New Zealand
Bangladesh,New Zealand,New Zealand,Bangladesh,138 runs,Chattogram,11/2/2004,ODI # 2189,2189,Bangladesh,New Zealand
Bangladesh,New Zealand,New Zealand,Bangladesh,3 wickets,Dhaka,11/5/2004,ODI # 2190,2190,Bangladesh,New Zealand
Bangladesh,New Zealand,New Zealand,Bangladesh,83 runs,Dhaka,11/7/2004,ODI # 2191,2191,Bangladesh,New Zealand
Australia,New Zealand,New Zealand,Australia,4 wickets,Melbourne (Docklands),12/5/2004,ODI # 2196,2196,Australia,New Zealand
Australia,New Zealand,Australia,New Zealand,17 runs,Sydney,12/8/2004,ODI # 2198,2198,Australia,New Zealand
New Zealand,Sri Lanka,New Zealand,Sri Lanka,7 wickets,Auckland,12/26/2004,ODI # 2200,2200,New Zealand,New Zealand
New Zealand,Australia,Australia,New Zealand,10 runs,Wellington,2/19/2005,ODI # 2227,2227,New Zealand,New Zealand
New Zealand,Australia,Australia,New Zealand,106 runs,Christchurch,2/22/2005,ODI # 2228,2228,New Zealand,New Zealand
New Zealand,Australia,Australia,New Zealand,86 runs,Auckland,2/26/2005,ODI # 2230,2230,New Zealand,New Zealand
New Zealand,Australia,Australia,New Zealand,7 wickets,Wellington,3/1/2005,ODI # 2232,2232,New Zealand,New Zealand
New Zealand,Australia,Australia,New Zealand,122 runs,Napier,3/5/2005,ODI # 2234,2234,New Zealand,New Zealand
Zimbabwe,New Zealand,New Zealand,Zimbabwe,192 runs,Bulawayo,8/24/2005,ODI # 2272,2272,Zimbabwe,New Zealand
India,New Zealand,New Zealand,India,51 runs,Bulawayo,8/26/2005,ODI # 2273,2273,Zimbabwe,New Zealand
Zimbabwe,New Zealand,New Zealand,Zimbabwe,27 runs,Harare,8/31/2005,ODI # 2276,2276,Zimbabwe,New Zealand
India,New Zealand,India,New Zealand,6 wickets,Harare,9/2/2005,ODI # 2278,2278,Zimbabwe,New Zealand
India,New Zealand,New Zealand,India,6 wickets,Harare,9/6/2005,ODI # 2281,2281,Zimbabwe,New Zealand
South Africa,New Zealand,South Africa,New Zealand,2 wickets,Bloemfontein,10/23/2005,ODI # 2285,2285,South Africa,New Zealand
South Africa,New Zealand,South Africa,New Zealand,19 runs,Cape Town,10/28/2005,ODI # 2288,2288,South Africa,New Zealand
South Africa,New Zealand,South Africa,New Zealand,4 wickets,Gqeberha,10/30/2005,ODI # 2289,2289,South Africa,New Zealand
South Africa,New Zealand,no result,South Africa,,Durban,11/4/2005,ODI # 2292,2292,South Africa,New Zealand
South Africa,New Zealand,South Africa,New Zealand,5 wickets,Centurion,11/6/2005,ODI # 2293,2293,South Africa,New Zealand
New Zealand,Australia,Australia,New Zealand,147 runs,Auckland,12/3/2005,ODI # 2301,2301,New Zealand,New Zealand
New Zealand,Australia,Australia,New Zealand,2 runs,Wellington,12/7/2005,ODI # 2302,2302,New Zealand,New Zealand
New Zealand,Australia,New Zealand,Australia,2 wickets,Christchurch,12/10/2005,ODI # 2303,2303,New Zealand,New Zealand
New Zealand,Sri Lanka,New Zealand,Sri Lanka,7 wickets,Queenstown,12/31/2005,ODI # 2309,2309,New Zealand,New Zealand
New Zealand,Sri Lanka,New Zealand,Sri Lanka,5 wickets,Christchurch,1/3/2006,ODI # 2310,2310,New Zealand,New Zealand
New Zealand,Sri Lanka,New Zealand,Sri Lanka,21 runs,Wellington,1/6/2006,ODI # 2311,2311,New Zealand,New Zealand
New Zealand,Sri Lanka,Sri Lanka,New Zealand,20 runs,Napier,1/8/2006,ODI # 2312,2312,New Zealand,New Zealand
New Zealand,West Indies,New Zealand,West Indies,81 runs,Wellington,2/18/2006,ODI # 2332,2332,New Zealand,New Zealand
New Zealand,West Indies,New Zealand,West Indies,3 wickets,Queenstown,2/22/2006,ODI # 2335,2335,New Zealand,New Zealand
New Zealand,West Indies,New Zealand,West Indies,21 runs,Christchurch,2/25/2006,ODI # 2337,2337,New Zealand,New Zealand
New Zealand,West Indies,New Zealand,West Indies,91 runs,Napier,3/1/2006,ODI # 2342,2342,New Zealand,New Zealand
New Zealand,West Indies,West Indies,New Zealand,3 wickets,Auckland,3/4/2006,ODI # 2346,2346,New Zealand,New Zealand
New Zealand,South Africa,New Zealand,South Africa,87 runs,Brabourne,10/16/2006,ODI # 2430,2430,India,New Zealand
New Zealand,Sri Lanka,Sri Lanka,New Zealand,7 wickets,Brabourne,10/20/2006,ODI # 2433,2433,India,New Zealand
New Zealand,Pakistan,New Zealand,Pakistan,51 runs,Mohali,10/25/2006,ODI # 2436,2436,India,New Zealand
Australia,New Zealand,Australia,New Zealand,34 runs,Mohali,11/1/2006,ODI # 2441,2441,India,New Zealand
New Zealand,Sri Lanka,Sri Lanka,New Zealand,7 wickets,Napier,12/28/2006,ODI # 2468,2468,New Zealand,New Zealand
New Zealand,Sri Lanka,New Zealand,Sri Lanka,1 wicket,Queenstown,12/31/2006,ODI # 2469,2469,New Zealand,New Zealand
New Zealand,Sri Lanka,New Zealand,Sri Lanka,4 wickets,Christchurch,1/2/2007,ODI # 2470,2470,New Zealand,New Zealand
New Zealand,Sri Lanka,Sri Lanka,New Zealand,189 runs,Auckland,1/6/2007,ODI # 2471,2471,New Zealand,New Zealand
New Zealand,Sri Lanka,no result,New Zealand,,Hamilton,1/9/2007,ODI # 2472,2472,New Zealand,New Zealand
Australia,New Zealand,Australia,New Zealand,105 runs,Hobart,1/14/2007,ODI # 2474,2474,Australia,New Zealand
England,New Zealand,England,New Zealand,3 wickets,Hobart,1/16/2007,ODI # 2475,2475,Australia,New Zealand
Australia,New Zealand,Australia,New Zealand,2 wickets,Sydney,1/21/2007,ODI # 2479,2479,Australia,New Zealand
England,New Zealand,New Zealand,England,90 runs,Adelaide,1/23/2007,ODI # 2482,2482,Australia,New Zealand
Australia,New Zealand,Australia,New Zealand,8 runs,Perth,1/28/2007,ODI # 2488,2488,Australia,New Zealand
England,New Zealand,New Zealand,England,58 runs,Perth,1/30/2007,ODI # 2490,2490,Australia,New Zealand
Australia,New Zealand,Australia,New Zealand,5 wickets,Melbourne,2/4/2007,ODI # 2501,2501,Australia,New Zealand
England,New Zealand,England,New Zealand,14 runs,Brisbane,2/6/2007,ODI # 2510,2510,Australia,New Zealand
New Zealand,Australia,New Zealand,Australia,10 wickets,Wellington,2/16/2007,ODI # 2524,2524,New Zealand,New Zealand
New Zealand,Australia,New Zealand,Australia,5 wickets,Auckland,2/18/2007,ODI # 2526,2526,New Zealand,New Zealand
New Zealand,Australia,New Zealand,Australia,1 wicket,Hamilton,2/20/2007,ODI # 2527,2527,New Zealand,New Zealand
England,New Zealand,New Zealand,England,6 wickets,Gros Islet,3/16/2007,ODI # 2536,2536,West Indies,New Zealand
Kenya,New Zealand,New Zealand,Kenya,148 runs,Gros Islet,3/20/2007,ODI # 2544,2544,West Indies,New Zealand
Canada,New Zealand,New Zealand,Canada,114 runs,Gros Islet,3/22/2007,ODI # 2548,2548,West Indies,New Zealand
West Indies,New Zealand,New Zealand,West Indies,7 wickets,North Sound,3/29/2007,ODI # 2557,2557,West Indies,New Zealand
Bangladesh,New Zealand,New Zealand,Bangladesh,9 wickets,North Sound,4/2/2007,ODI # 2561,2561,West Indies,New Zealand
Ireland,New Zealand,New Zealand,Ireland,129 runs,Providence,4/9/2007,ODI # 2566,2566,West Indies,New Zealand
New Zealand,Sri Lanka,Sri Lanka,New Zealand,6 wickets,St George's,4/12/2007,ODI # 2569,2569,West Indies,New Zealand
New Zealand,South Africa,New Zealand,South Africa,5 wickets,St George's,4/14/2007,ODI # 2571,2571,West Indies,New Zealand
Australia,New Zealand,Australia,New Zealand,215 runs,St George's,4/20/2007,ODI # 2577,2577,West Indies,New Zealand
New Zealand,Sri Lanka,Sri Lanka,New Zealand,81 runs,Kingston,4/24/2007,ODI # 2579,2579,West Indies,New Zealand
South Africa,New Zealand,South Africa,New Zealand,2 wickets,Durban,11/25/2007,ODI # 2648,2648,South Africa,New Zealand
South Africa,New Zealand,New Zealand,South Africa,7 wickets,Gqeberha,11/30/2007,ODI # 2650,2650,South Africa,New Zealand
South Africa,New Zealand,South Africa,New Zealand,5 wickets,Cape Town,12/2/2007,ODI # 2652,2652,South Africa,New Zealand
Australia,New Zealand,Australia,New Zealand,7 wickets,Adelaide,12/14/2007,ODI # 2655,2655,Australia,New Zealand
Australia,New Zealand,no result,Australia,,Sydney,12/16/2007,ODI # 2656,2656,Australia,New Zealand
Australia,New Zealand,Australia,New Zealand,114 runs,Hobart,12/20/2007,ODI # 2657,2657,Australia,New Zealand
New Zealand,Bangladesh,New Zealand,Bangladesh,6 wickets,Auckland,12/26/2007,ODI # 2658,2658,New Zealand,New Zealand
New Zealand,Bangladesh,New Zealand,Bangladesh,102 runs,Napier,12/28/2007,ODI # 2659,2659,New Zealand,New Zealand
New Zealand,Bangladesh,New Zealand,Bangladesh,10 wickets,Queenstown,12/31/2007,ODI # 2660,2660,New Zealand,New Zealand
New Zealand,England,New Zealand,England,6 wickets,Wellington,2/9/2008,ODI # 2674,2674,New Zealand,New Zealand
New Zealand,England,New Zealand,England,10 wickets,Hamilton,2/12/2008,ODI # 2677,2677,New Zealand,New Zealand
New Zealand,England,England,New Zealand,6 wickets,Auckland,2/15/2008,ODI # 2678,2678,New Zealand,New Zealand
New Zealand,England,tied,New Zealand,,Napier,2/20/2008,ODI # 2682,2682,New Zealand,New Zealand
New Zealand,England,New Zealand,England,34 runs,Christchurch,2/23/2008,ODI # 2684,2684,New Zealand,New Zealand
England,New Zealand,England,New Zealand,114 runs,Chester-le-Street,6/15/2008,ODI # 2708,2708,England,New Zealand
England,New Zealand,no result,England,,Birmingham,6/18/2008,ODI # 2709,2709,England,New Zealand
England,New Zealand,New Zealand,England,22 runs,Bristol,6/21/2008,ODI # 2710,2710,England,New Zealand
England,New Zealand,New Zealand,England,1 wicket,The Oval,6/25/2008,ODI # 2714,2714,England,New Zealand
England,New Zealand,New Zealand,England,51 runs,Lord's,6/28/2008,ODI # 2720,2720,England,New Zealand
Ireland,New Zealand,New Zealand,Ireland,290 runs,Aberdeen,7/1/2008,ODI # 2727,2727,Scotland,New Zealand
Scotland,New Zealand,New Zealand,Scotland,8 wickets,Aberdeen,7/3/2008,ODI # 2731,2731,Scotland,New Zealand
Bangladesh,New Zealand,Bangladesh,New Zealand,7 wickets,Mirpur,10/9/2008,ODI # 2763,2763,Bangladesh,New Zealand
Bangladesh,New Zealand,New Zealand,Bangladesh,75 runs,Mirpur,10/11/2008,ODI # 2764,2764,Bangladesh,New Zealand
Bangladesh,New Zealand,New Zealand,Bangladesh,79 runs,Chattogram,10/14/2008,ODI # 2765,2765,Bangladesh,New Zealand
New Zealand,West Indies,no result,New Zealand,,Queenstown,12/31/2008,ODI # 2786,2786,New Zealand,New Zealand
New Zealand,West Indies,West Indies,New Zealand,5 wickets,Christchurch,1/3/2009,ODI # 2787,2787,New Zealand,New Zealand
New Zealand,West Indies,New Zealand,West Indies,7 wickets,Wellington,1/7/2009,ODI # 2788,2788,New Zealand,New Zealand
New Zealand,West Indies,no result,New Zealand,,Auckland,1/10/2009,ODI # 2789,2789,New Zealand,New Zealand
New Zealand,West Indies,New Zealand,West Indies,9 runs,Napier,1/13/2009,ODI # 2792,2792,New Zealand,New Zealand
Australia,New Zealand,New Zealand,Australia,2 wickets,Perth,2/1/2009,ODI # 2811,2811,Australia,New Zealand
Australia,New Zealand,New Zealand,Australia,6 wickets,Melbourne,2/6/2009,ODI # 2816,2816,Australia,New Zealand
Australia,New Zealand,Australia,New Zealand,32 runs,Sydney,2/8/2009,ODI # 2817,2817,Australia,New Zealand
Australia,New Zealand,Australia,New Zealand,6 wickets,Adelaide,2/10/2009,ODI # 2819,2819,Australia,New Zealand
Australia,New Zealand,no result,Australia,,Brisbane,2/13/2009,ODI # 2820,2820,Australia,New Zealand
New Zealand,India,India,New Zealand,53 runs,Napier,3/3/2009,ODI # 2821,2821,New Zealand,New Zealand
New Zealand,India,no result,New Zealand,,Wellington,3/6/2009,ODI # 2822,2822,New Zealand,New Zealand
New Zealand,India,India,New Zealand,58 runs,Christchurch,3/8/2009,ODI # 2823,2823,New Zealand,New Zealand
New Zealand,India,India,New Zealand,84 runs,Hamilton,3/11/2009,ODI # 2824,2824,New Zealand,New Zealand
New Zealand,India,New Zealand,India,8 wickets,Auckland,3/14/2009,ODI # 2825,2825,New Zealand,New Zealand
Sri Lanka,New Zealand,Sri Lanka,New Zealand,97 runs,Colombo (RPS),9/8/2009,ODI # 2884,2884,Sri Lanka,New Zealand
India,New Zealand,India,New Zealand,6 wickets,Colombo (RPS),9/11/2009,ODI # 2886,2886,Sri Lanka,New Zealand
South Africa,New Zealand,South Africa,New Zealand,5 wickets,Centurion,9/24/2009,ODI # 2895,2895,South Africa,New Zealand
New Zealand,Sri Lanka,New Zealand,Sri Lanka,38 runs,Johannesburg,9/27/2009,ODI # 2899,2899,South Africa,New Zealand
England,New Zealand,New Zealand,England,4 wickets,Johannesburg,9/29/2009,ODI # 2902,2902,South Africa,New Zealand
New Zealand,Pakistan,New Zealand,Pakistan,5 wickets,Johannesburg,10/3/2009,ODI # 2906,2906,South Africa,New Zealand
Australia,New Zealand,Australia,New Zealand,6 wickets,Centurion,10/5/2009,ODI # 2907,2907,South Africa,New Zealand
New Zealand,Pakistan,Pakistan,New Zealand,138 runs,Abu Dhabi,11/3/2009,ODI # 2921,2921,United Arab Emirates,New Zealand
New Zealand,Pakistan,New Zealand,Pakistan,64 runs,Abu Dhabi,11/6/2009,ODI # 2924,2924,United Arab Emirates,New Zealand
New Zealand,Pakistan,New Zealand,Pakistan,7 runs,Abu Dhabi,11/9/2009,ODI # 2927,2927,United Arab Emirates,New Zealand
New Zealand,Bangladesh,New Zealand,Bangladesh,146 runs,Napier,2/5/2010,ODI # 2949,2949,New Zealand,New Zealand
New Zealand,Bangladesh,New Zealand,Bangladesh,5 wickets,Dunedin,2/8/2010,ODI # 2951,2951,New Zealand,New Zealand
New Zealand,Bangladesh,New Zealand,Bangladesh,3 wickets,Christchurch,2/11/2010,ODI # 2953,2953,New Zealand,New Zealand
New Zealand,Australia,New Zealand,Australia,2 wickets,Napier,3/3/2010,ODI # 2966,2966,New Zealand,New Zealand
New Zealand,Australia,Australia,New Zealand,12 runs,Auckland,3/6/2010,ODI # 2969,2969,New Zealand,New Zealand
New Zealand,Australia,Australia,New Zealand,6 wickets,Hamilton,3/9/2010,ODI # 2971,2971,New Zealand,New Zealand
New Zealand,Australia,Australia,New Zealand,6 wickets,Auckland,3/11/2010,ODI # 2973,2973,New Zealand,New Zealand
New Zealand,Australia,New Zealand,Australia,51 runs,Wellington,3/13/2010,ODI # 2975,2975,New Zealand,New Zealand
India,New Zealand,New Zealand,India,200 runs,Dambulla,8/10/2010,ODI # 3030,3030,Sri Lanka,New Zealand
Sri Lanka,New Zealand,Sri Lanka,New Zealand,3 wickets,Dambulla,8/13/2010,ODI # 3031,3031,Sri Lanka,New Zealand
Sri Lanka,New Zealand,no result,Sri Lanka,,Dambulla,8/19/2010,ODI # 3037,3037,Sri Lanka,New Zealand
India,New Zealand,India,New Zealand,105 runs,Dambulla,8/25/2010,ODI # 3039,3039,Sri Lanka,New Zealand
Bangladesh,New Zealand,Bangladesh,New Zealand,9 runs,Mirpur,10/5/2010,ODI # 3051,3051,Bangladesh,New Zealand
Bangladesh,New Zealand,Bangladesh,New Zealand,7 wickets,Mirpur,10/11/2010,ODI # 3054,3054,Bangladesh,New Zealand
Bangladesh,New Zealand,Bangladesh,New Zealand,9 runs,Mirpur,10/14/2010,ODI # 3056,3056,Bangladesh,New Zealand
Bangladesh,New Zealand,Bangladesh,New Zealand,3 runs,Mirpur,10/17/2010,ODI # 3058,3058,Bangladesh,New Zealand
India,New Zealand,India,New Zealand,40 runs,Guwahati,11/28/2010,ODI # 3070,3070,India,New Zealand
India,New Zealand,India,New Zealand,8 wickets,Jaipur,12/1/2010,ODI # 3072,3072,India,New Zealand
India,New Zealand,India,New Zealand,9 wickets,Vadodara,12/4/2010,ODI # 3074,3074,India,New Zealand
India,New Zealand,India,New Zealand,5 wickets,Bengaluru,12/7/2010,ODI # 3076,3076,India,New Zealand
India,New Zealand,India,New Zealand,8 wickets,Chennai,12/10/2010,ODI # 3077,3077,India,New Zealand
New Zealand,Pakistan,New Zealand,Pakistan,9 wickets,Wellington,1/22/2011,ODI # 3085,3085,New Zealand,New Zealand
New Zealand,Pakistan,no result,New Zealand,,Queenstown,1/26/2011,ODI # 3088,3088,New Zealand,New Zealand
New Zealand,Pakistan,Pakistan,New Zealand,43 runs,Christchurch,1/29/2011,ODI # 3090,3090,New Zealand,New Zealand
New Zealand,Pakistan,Pakistan,New Zealand,2 wickets,Napier,2/1/2011,ODI # 3093,3093,New Zealand,New Zealand
New Zealand,Pakistan,Pakistan,New Zealand,41 runs,Hamilton,2/3/2011,ODI # 3095,3095,New Zealand,New Zealand
New Zealand,Pakistan,New Zealand,Pakistan,57 runs,Auckland,2/5/2011,ODI # 3097,3097,New Zealand,New Zealand
Kenya,New Zealand,New Zealand,Kenya,10 wickets,Chennai,2/20/2011,ODI # 3101,3101,India,New Zealand
Australia,New Zealand,Australia,New Zealand,7 wickets,Nagpur,2/25/2011,ODI # 3107,3107,India,New Zealand
New Zealand,Zimbabwe,New Zealand,Zimbabwe,10 wickets,Ahmedabad,3/4/2011,ODI # 3117,3117,India,New Zealand
New Zealand,Pakistan,New Zealand,Pakistan,110 runs,Pallekele,3/8/2011,ODI # 3123,3123,Sri Lanka,New Zealand
Canada,New Zealand,New Zealand,Canada,97 runs,Wankhede,3/13/2011,ODI # 3129,3129,India,New Zealand
New Zealand,Sri Lanka,Sri Lanka,New Zealand,112 runs,Wankhede,3/18/2011,ODI # 3137,3137,India,New Zealand
New Zealand,South Africa,New Zealand,South Africa,49 runs,Mirpur,3/25/2011,ODI # 3144,3144,Bangladesh,New Zealand
Sri Lanka,New Zealand,Sri Lanka,New Zealand,5 wickets,Colombo (RPS),3/29/2011,ODI # 3146,3146,Sri Lanka,New Zealand
Zimbabwe,New Zealand,New Zealand,Zimbabwe,9 wickets,Harare,10/20/2011,ODI # 3204,3204,Zimbabwe,New Zealand
Zimbabwe,New Zealand,New Zealand,Zimbabwe,4 wickets,Harare,10/22/2011,ODI # 3206,3206,Zimbabwe,New Zealand
Zimbabwe,New Zealand,Zimbabwe,New Zealand,1 wicket,Bulawayo,10/25/2011,ODI # 3209,3209,Zimbabwe,New Zealand
New Zealand,Zimbabwe,New Zealand,Zimbabwe,90 runs,Dunedin,2/3/2012,ODI # 3230,3230,New Zealand,New Zealand
New Zealand,Zimbabwe,New Zealand,Zimbabwe,141 runs,Whangarei,2/6/2012,ODI # 3232,3232,New Zealand,New Zealand
New Zealand,Zimbabwe,New Zealand,Zimbabwe,202 runs,Napier,2/9/2012,ODI # 3234,3234,New Zealand,New Zealand
New Zealand,South Africa,South Africa,New Zealand,6 wickets,Wellington,2/25/2012,ODI # 3249,3249,New Zealand,New Zealand
New Zealand,South Africa,South Africa,New Zealand,6 wickets,Napier,2/29/2012,ODI # 3252,3252,New Zealand,New Zealand
New Zealand,South Africa,South Africa,New Zealand,5 wickets,Auckland,3/3/2012,ODI # 3254,3254,New Zealand,New Zealand
West Indies,New Zealand,West Indies,New Zealand,9 wickets,Kingston,7/5/2012,ODI # 3283,3283,West Indies,New Zealand
West Indies,New Zealand,West Indies,New Zealand,55 runs,Kingston,7/7/2012,ODI # 3285,3285,West Indies,New Zealand
West Indies,New Zealand,New Zealand,West Indies,88 runs,Basseterre,7/11/2012,ODI # 3288,3288,West Indies,New Zealand
West Indies,New Zealand,West Indies,New Zealand,24 runs,Basseterre,7/14/2012,ODI # 3289,3289,West Indies,New Zealand
West Indies,New Zealand,West Indies,New Zealand,20 runs,Basseterre,7/16/2012,ODI # 3290,3290,West Indies,New Zealand
Sri Lanka,New Zealand,Sri Lanka,New Zealand,14 runs,Pallekele,11/4/2012,ODI # 3305,3305,Sri Lanka,New Zealand
Sri Lanka,New Zealand,Sri Lanka,New Zealand,7 wickets,Pallekele,11/6/2012,ODI # 3306,3306,Sri Lanka,New Zealand
Sri Lanka,New Zealand,Sri Lanka,New Zealand,7 wickets,Hambantota,11/10/2012,ODI # 3307,3307,Sri Lanka,New Zealand
Sri Lanka,New Zealand,no result,Sri Lanka,,Hambantota,11/12/2012,ODI # 3308,3308,Sri Lanka,New Zealand
South Africa,New Zealand,New Zealand,South Africa,1 wicket,Paarl,1/19/2013,ODI # 3323,3323,South Africa,New Zealand
South Africa,New Zealand,New Zealand,South Africa,27 runs,Kimberley,1/22/2013,ODI # 3325,3325,South Africa,New Zealand
South Africa,New Zealand,South Africa,New Zealand,1 wicket,Potchefstroom,1/25/2013,ODI # 3328,3328,South Africa,New Zealand
New Zealand,England,New Zealand,England,3 wickets,Hamilton,2/17/2013,ODI # 3335,3335,New Zealand,New Zealand
New Zealand,England,England,New Zealand,8 wickets,Napier,2/20/2013,ODI # 3336,3336,New Zealand,New Zealand
New Zealand,England,England,New Zealand,5 wickets,Auckland,2/23/2013,ODI # 3338,3338,New Zealand,New Zealand
England,New Zealand,New Zealand,England,5 wickets,Lord's,5/31/2013,ODI # 3360,3360,England,New Zealand
England,New Zealand,New Zealand,England,86 runs,Southampton,6/2/2013,ODI # 3361,3361,England,New Zealand
England,New Zealand,England,New Zealand,34 runs,Nottingham,6/5/2013,ODI # 3362,3362,England,New Zealand
New Zealand,Sri Lanka,New Zealand,Sri Lanka,1 wicket,Cardiff,6/9/2013,ODI # 3366,3366,Wales,New Zealand
Australia,New Zealand,no result,Australia,,Birmingham,6/12/2013,ODI # 3369,3369,England,New Zealand
England,New Zealand,England,New Zealand,10 runs,Cardiff,6/16/2013,ODI # 3373,3373,Wales,New Zealand
Bangladesh,New Zealand,Bangladesh,New Zealand,43 runs,Mirpur,10/29/2013,ODI # 3423,3423,Bangladesh,New Zealand
Bangladesh,New Zealand,Bangladesh,New Zealand,40 runs,Mirpur,10/31/2013,ODI # 3426,3426,Bangladesh,New Zealand
Bangladesh,New Zealand,Bangladesh,New Zealand,4 wickets,Fatullah,11/3/2013,ODI # 3429,3429,Bangladesh,New Zealand
Sri Lanka,New Zealand,no result,Sri Lanka,,Hambantota,11/10/2013,ODI # 3432,3432,Sri Lanka,New Zealand
Sri Lanka,New Zealand,New Zealand,Sri Lanka,4 wickets,Hambantota,11/12/2013,ODI # 3434,3434,Sri Lanka,New Zealand
Sri Lanka,New Zealand,Sri Lanka,New Zealand,36 runs,Dambulla,11/16/2013,ODI # 3435,3435,Sri Lanka,New Zealand
New Zealand,West Indies,West Indies,New Zealand,2 wickets,Auckland,12/26/2013,ODI # 3449,3449,New Zealand,New Zealand
New Zealand,West Indies,New Zealand,West Indies,159 runs,Queenstown,1/1/2014,ODI # 3451,3451,New Zealand,New Zealand
New Zealand,West Indies,New Zealand,West Indies,58 runs,Nelson,1/4/2014,ODI # 3452,3452,New Zealand,New Zealand
New Zealand,West Indies,West Indies,New Zealand,203 runs,Hamilton,1/8/2014,ODI # 3453,3453,New Zealand,New Zealand
New Zealand,India,New Zealand,India,24 runs,Napier,1/19/2014,ODI # 3456,3456,New Zealand,New Zealand
New Zealand,India,New Zealand,India,15 runs,Hamilton,1/22/2014,ODI # 3458,3458,New Zealand,New Zealand
New Zealand,India,tied,New Zealand,,Auckland,1/25/2014,ODI # 3462,3462,New Zealand,New Zealand
New Zealand,India,New Zealand,India,7 wickets,Hamilton,1/28/2014,ODI # 3465,3465,New Zealand,New Zealand
New Zealand,India,New Zealand,India,87 runs,Wellington,1/31/2014,ODI # 3467,3467,New Zealand,New Zealand
New Zealand,South Africa,South Africa,New Zealand,6 wickets,Mount Maunganui,10/21/2014,ODI # 3536,3536,New Zealand,New Zealand
New Zealand,South Africa,South Africa,New Zealand,72 runs,Mount Maunganui,10/24/2014,ODI # 3537,3537,New Zealand,New Zealand
New Zealand,South Africa,no result,New Zealand,,Hamilton,10/27/2014,ODI # 3538,3538,New Zealand,New Zealand
New Zealand,Pakistan,Pakistan,New Zealand,3 wickets,Dubai (DSC),12/8/2014,ODI # 3564,3564,United Arab Emirates,New Zealand
New Zealand,Pakistan,New Zealand,Pakistan,4 wickets,Sharjah,12/12/2014,ODI # 3566,3566,United Arab Emirates,New Zealand
New Zealand,Pakistan,Pakistan,New Zealand,147 runs,Sharjah,12/14/2014,ODI # 3568,3568,United Arab Emirates,New Zealand
New Zealand,Pakistan,New Zealand,Pakistan,7 runs,Abu Dhabi,12/17/2014,ODI # 3570,3570,United Arab Emirates,New Zealand
New Zealand,Pakistan,New Zealand,Pakistan,68 runs,Abu Dhabi,12/19/2014,ODI # 3571,3571,United Arab Emirates,New Zealand
New Zealand,Sri Lanka,New Zealand,Sri Lanka,3 wickets,Christchurch,1/11/2015,ODI # 3574,3574,New Zealand,New Zealand
New Zealand,Sri Lanka,Sri Lanka,New Zealand,6 wickets,Hamilton,1/15/2015,ODI # 3577,3577,New Zealand,New Zealand
New Zealand,Sri Lanka,no result,New Zealand,,Auckland,1/17/2015,ODI # 3580,3580,New Zealand,New Zealand
New Zealand,Sri Lanka,New Zealand,Sri Lanka,4 wickets,Nelson,1/20/2015,ODI # 3585,3585,New Zealand,New Zealand
New Zealand,Sri Lanka,New Zealand,Sri Lanka,108 runs,Dunedin,1/23/2015,ODI # 3588,3588,New Zealand,New Zealand
New Zealand,Sri Lanka,New Zealand,Sri Lanka,120 runs,Dunedin,1/25/2015,ODI # 3590,3590,New Zealand,New Zealand
New Zealand,Sri Lanka,Sri Lanka,New Zealand,34 runs,Wellington,1/29/2015,ODI # 3594,3594,New Zealand,New Zealand
New Zealand,Pakistan,New Zealand,Pakistan,7 wickets,Wellington,1/31/2015,ODI # 3596,3596,New Zealand,New Zealand
New Zealand,Pakistan,New Zealand,Pakistan,119 runs,Napier,2/3/2015,ODI # 3598,3598,New Zealand,New Zealand
New Zealand,Sri Lanka,New Zealand,Sri Lanka,98 runs,Christchurch,2/14/2015,ODI # 3599,3599,New Zealand,New Zealand
New Zealand,Scotland,New Zealand,Scotland,3 wickets,Dunedin,2/17/2015,ODI # 3604,3604,New Zealand,New Zealand
New Zealand,England,New Zealand,England,8 wickets,Wellington,2/20/2015,ODI # 3607,3607,New Zealand,New Zealand
New Zealand,Australia,New Zealand,Australia,1 wicket,Auckland,2/28/2015,ODI # 3617,3617,New Zealand,New Zealand
New Zealand,Afghanistan,New Zealand,Afghanistan,6 wickets,Napier,3/8/2015,ODI # 3628,3628,New Zealand,New Zealand
New Zealand,Bangladesh,New Zealand,Bangladesh,3 wickets,Hamilton,3/13/2015,ODI # 3634,3634,New Zealand,New Zealand
New Zealand,West Indies,New Zealand,West Indies,143 runs,Wellington,3/21/2015,ODI # 3643,3643,New Zealand,New Zealand
New Zealand,South Africa,New Zealand,South Africa,4 wickets,Auckland,3/24/2015,ODI # 3644,3644,New Zealand,New Zealand
Australia,New Zealand,Australia,New Zealand,7 wickets,Melbourne,3/29/2015,ODI # 3646,3646,Australia,New Zealand
England,New Zealand,England,New Zealand,210 runs,Birmingham,6/9/2015,ODI # 3654,3654,England,New Zealand
England,New Zealand,New Zealand,England,13 runs,The Oval,6/12/2015,ODI # 3655,3655,England,New Zealand
England,New Zealand,New Zealand,England,3 wickets,Southampton,6/14/2015,ODI # 3656,3656,England,New Zealand
England,New Zealand,England,New Zealand,7 wickets,Nottingham,6/17/2015,ODI # 3657,3657,England,New Zealand
England,New Zealand,England,New Zealand,3 wickets,Chester-le-Street,6/20/2015,ODI # 3659,3659,England,New Zealand
Zimbabwe,New Zealand,Zimbabwe,New Zealand,7 wickets,Harare,8/2/2015,ODI # 3673,3673,Zimbabwe,New Zealand
Zimbabwe,New Zealand,New Zealand,Zimbabwe,10 wickets,Harare,8/4/2015,ODI # 3674,3674,Zimbabwe,New Zealand
Zimbabwe,New Zealand,New Zealand,Zimbabwe,38 runs,Harare,8/7/2015,ODI # 3675,3675,Zimbabwe,New Zealand
South Africa,New Zealand,South Africa,New Zealand,20 runs,Centurion,8/19/2015,ODI # 3676,3676,South Africa,New Zealand
South Africa,New Zealand,New Zealand,South Africa,8 wickets,Potchefstroom,8/23/2015,ODI # 3677,3677,South Africa,New Zealand
South Africa,New Zealand,South Africa,New Zealand,62 runs,Durban,8/26/2015,ODI # 3678,3678,South Africa,New Zealand
New Zealand,Sri Lanka,New Zealand,Sri Lanka,7 wickets,Christchurch,12/26/2015,ODI # 3714,3714,New Zealand,New Zealand
New Zealand,Sri Lanka,New Zealand,Sri Lanka,10 wickets,Christchurch,12/28/2015,ODI # 3715,3715,New Zealand,New Zealand
New Zealand,Sri Lanka,Sri Lanka,New Zealand,8 wickets,Nelson,12/31/2015,ODI # 3717,3717,New Zealand,New Zealand
New Zealand,Sri Lanka,no result,New Zealand,,Nelson,1/2/2016,ODI # 3718,3718,New Zealand,New Zealand
New Zealand,Sri Lanka,New Zealand,Sri Lanka,36 runs,Mount Maunganui,1/5/2016,ODI # 3721,3721,New Zealand,New Zealand
New Zealand,Pakistan,New Zealand,Pakistan,70 runs,Wellington,1/25/2016,ODI # 3728,3728,New Zealand,New Zealand
New Zealand,Pakistan,New Zealand,Pakistan,3 wickets,Auckland,1/31/2016,ODI # 3730,3730,New Zealand,New Zealand
New Zealand,Australia,New Zealand,Australia,159 runs,Auckland,2/3/2016,ODI # 3731,3731,New Zealand,New Zealand
New Zealand,Australia,Australia,New Zealand,4 wickets,Wellington,2/6/2016,ODI # 3733,3733,New Zealand,New Zealand
New Zealand,Australia,New Zealand,Australia,55 runs,Hamilton,2/8/2016,ODI # 3735,3735,New Zealand,New Zealand
India,New Zealand,India,New Zealand,6 wickets,Dharamsala,10/16/2016,ODI # 3796,3796,India,New Zealand
India,New Zealand,New Zealand,India,6 runs,Delhi,10/20/2016,ODI # 3797,3797,India,New Zealand
India,New Zealand,India,New Zealand,7 wickets,Mohali,10/23/2016,ODI # 3798,3798,India,New Zealand
India,New Zealand,New Zealand,India,19 runs,Ranchi,10/26/2016,ODI # 3799,3799,India,New Zealand
India,New Zealand,India,New Zealand,190 runs,Visakhapatnam,10/29/2016,ODI # 3800,3800,India,New Zealand
Australia,New Zealand,Australia,New Zealand,68 runs,Sydney,12/4/2016,ODI # 3811,3811,Australia,New Zealand
Australia,New Zealand,Australia,New Zealand,116 runs,Canberra,12/6/2016,ODI # 3812,3812,Australia,New Zealand
Australia,New Zealand,Australia,New Zealand,117 runs,Melbourne,12/9/2016,ODI # 3813,3813,Australia,New Zealand
New Zealand,Bangladesh,New Zealand,Bangladesh,77 runs,Christchurch,12/26/2016,ODI # 3814,3814,New Zealand,New Zealand
New Zealand,Bangladesh,New Zealand,Bangladesh,67 runs,Nelson,12/29/2016,ODI # 3815,3815,New Zealand,New Zealand
New Zealand,Bangladesh,New Zealand,Bangladesh,8 wickets,Nelson,12/31/2016,ODI # 3816,3816,New Zealand,New Zealand
New Zealand,Australia,New Zealand,Australia,6 runs,Auckland,1/30/2017,ODI # 3829,3829,New Zealand,New Zealand
New Zealand,Australia,New Zealand,Australia,24 runs,Hamilton,2/5/2017,ODI # 3832,3832,New Zealand,New Zealand
New Zealand,South Africa,South Africa,New Zealand,4 wickets,Hamilton,2/19/2017,ODI # 3836,3836,New Zealand,New Zealand
New Zealand,South Africa,New Zealand,South Africa,6 runs,Christchurch,2/22/2017,ODI # 3839,3839,New Zealand,New Zealand
New Zealand,South Africa,South Africa,New Zealand,159 runs,Wellington,2/25/2017,ODI # 3841,3841,New Zealand,New Zealand
New Zealand,South Africa,New Zealand,South Africa,7 wickets,Hamilton,3/1/2017,ODI # 3843,3843,New Zealand,New Zealand
New Zealand,South Africa,South Africa,New Zealand,6 wickets,Auckland,3/4/2017,ODI # 3846,3846,New Zealand,New Zealand
Ireland,New Zealand,New Zealand,Ireland,51 runs,Dublin (Malahide),5/14/2017,ODI # 3867,3867,Ireland,New Zealand
Bangladesh,New Zealand,New Zealand,Bangladesh,4 wickets,Dublin,5/17/2017,ODI # 3868,3868,Ireland,New Zealand
Ireland,New Zealand,New Zealand,Ireland,190 runs,Dublin (Malahide),5/21/2017,ODI # 3870,3870,Ireland,New Zealand
Bangladesh,New Zealand,Bangladesh,New Zealand,5 wickets,Dublin,5/24/2017,ODI # 3871,3871,Ireland,New Zealand
Australia,New Zealand,no result,Australia,,Birmingham,6/2/2017,ODI # 3876,3876,England,New Zealand
England,New Zealand,England,New Zealand,87 runs,Cardiff,6/6/2017,ODI # 3880,3880,Wales,New Zealand
Bangladesh,New Zealand,Bangladesh,New Zealand,5 wickets,Cardiff,6/9/2017,ODI # 3883,3883,Wales,New Zealand
India,New Zealand,New Zealand,India,6 wickets,Wankhede,10/22/2017,ODI # 3928,3928,India,New Zealand
India,New Zealand,India,New Zealand,6 wickets,Pune,10/25/2017,ODI # 3931,3931,India,New Zealand
India,New Zealand,India,New Zealand,6 runs,Kanpur,10/29/2017,ODI # 3932,3932,India,New Zealand
New Zealand,West Indies,New Zealand,West Indies,5 wickets,Whangarei,12/20/2017,ODI # 3943,3943,New Zealand,New Zealand
New Zealand,West Indies,New Zealand,West Indies,204 runs,Christchurch,12/23/2017,ODI # 3944,3944,New Zealand,New Zealand
New Zealand,West Indies,New Zealand,West Indies,66 runs,Christchurch,12/26/2017,ODI # 3945,3945,New Zealand,New Zealand
New Zealand,Pakistan,New Zealand,Pakistan,61 runs,Wellington,1/6/2018,ODI # 3946,3946,New Zealand,New Zealand
New Zealand,Pakistan,New Zealand,Pakistan,8 wickets,Nelson,1/9/2018,ODI # 3947,3947,New Zealand,New Zealand
New Zealand,Pakistan,New Zealand,Pakistan,183 runs,Dunedin,1/13/2018,ODI # 3949,3949,New Zealand,New Zealand
New Zealand,Pakistan,New Zealand,Pakistan,5 wickets,Hamilton,1/16/2018,ODI # 3953,3953,New Zealand,New Zealand
New Zealand,Pakistan,New Zealand,Pakistan,15 runs,Wellington,1/19/2018,ODI # 3957,3957,New Zealand,New Zealand
New Zealand,England,New Zealand,England,3 wickets,Hamilton,2/25/2018,ODI # 3980,3980,New Zealand,New Zealand
New Zealand,England,England,New Zealand,6 wickets,Mount Maunganui,2/28/2018,ODI # 3981,3981,New Zealand,New Zealand
New Zealand,England,England,New Zealand,4 runs,Wellington,3/3/2018,ODI # 3982,3982,New Zealand,New Zealand
New Zealand,England,New Zealand,England,5 wickets,Dunedin,3/7/2018,ODI # 3989,3989,New Zealand,New Zealand
New Zealand,England,England,New Zealand,7 wickets,Christchurch,3/10/2018,ODI # 3992,3992,New Zealand,New Zealand
New Zealand,Pakistan,New Zealand,Pakistan,47 runs,Abu Dhabi,11/7/2018,ODI # 4066,4066,United Arab Emirates,New Zealand
New Zealand,Pakistan,Pakistan,New Zealand,6 wickets,Abu Dhabi,11/9/2018,ODI # 4068,4068,United Arab Emirates,New Zealand
New Zealand,Pakistan,no result,New Zealand,,Dubai (DSC),11/11/2018,ODI # 4070,4070,United Arab Emirates,New Zealand
New Zealand,Sri Lanka,New Zealand,Sri Lanka,45 runs,Mount Maunganui,1/3/2019,ODI # 4074,4074,New Zealand,New Zealand
New Zealand,Sri Lanka,New Zealand,Sri Lanka,21 runs,Mount Maunganui,1/5/2019,ODI # 4075,4075,New Zealand,New Zealand
New Zealand,Sri Lanka,New Zealand,Sri Lanka,115 runs,Nelson,1/8/2019,ODI # 4076,4076,New Zealand,New Zealand
New Zealand,India,India,New Zealand,8 wickets,Napier,1/23/2019,ODI # 4082,4082,New Zealand,New Zealand
New Zealand,India,India,New Zealand,90 runs,Mount Maunganui,1/26/2019,ODI # 4085,4085,New Zealand,New Zealand
New Zealand,India,India,New Zealand,7 wickets,Mount Maunganui,1/28/2019,ODI # 4088,4088,New Zealand,New Zealand
New Zealand,India,New Zealand,India,8 wickets,Hamilton,1/31/2019,ODI # 4091,4091,New Zealand,New Zealand
New Zealand,India,India,New Zealand,35 runs,Wellington,2/3/2019,ODI # 4092,4092,New Zealand,New Zealand
New Zealand,Bangladesh,New Zealand,Bangladesh,8 wickets,Napier,2/13/2019,ODI # 4093,4093,New Zealand,New Zealand
New Zealand,Bangladesh,New Zealand,Bangladesh,8 wickets,Christchurch,2/16/2019,ODI # 4094,4094,New Zealand,New Zealand
New Zealand,Bangladesh,New Zealand,Bangladesh,88 runs,Dunedin,2/20/2019,ODI # 4095,4095,New Zealand,New Zealand
New Zealand,Sri Lanka,New Zealand,Sri Lanka,10 wickets,Cardiff,6/1/2019,ODI # 4145,4145,Wales,New Zealand
Bangladesh,New Zealand,New Zealand,Bangladesh,2 wickets,The Oval,6/5/2019,ODI # 4151,4151,England,New Zealand
Afghanistan,New Zealand,New Zealand,Afghanistan,7 wickets,Taunton,6/8/2019,ODI # 4154,4154,England,New Zealand
New Zealand,South Africa,New Zealand,South Africa,4 wickets,Birmingham,6/19/2019,ODI # 4165,4165,England,New Zealand
New Zealand,West Indies,New Zealand,West Indies,5 runs,Manchester,6/22/2019,ODI # 4170,4170,England,New Zealand
New Zealand,Pakistan,Pakistan,New Zealand,6 wickets,Birmingham,6/26/2019,ODI # 4174,4174,England,New Zealand
Australia,New Zealand,Australia,New Zealand,86 runs,Lord's,6/29/2019,ODI # 4178,4178,England,New Zealand
England,New Zealand,England,New Zealand,119 runs,Chester-le-Street,7/3/2019,ODI # 4183,4183,England,New Zealand
India,New Zealand,New Zealand,India,18 runs,Manchester,7/9/2019,ODI # 4190,4190,England,New Zealand
England,New Zealand,tied,England,,Lord's,7/14/2019,ODI # 4192,4192,England,New Zealand
New Zealand,India,New Zealand,India,4 wickets,Hamilton,2/5/2020,ODI # 4235,4235,New Zealand,New Zealand
New Zealand,India,New Zealand,India,22 runs,Auckland,2/8/2020,ODI # 4239,4239,New Zealand,New Zealand
New Zealand,India,New Zealand,India,5 wickets,Mount Maunganui,2/11/2020,ODI # 4243,4243,New Zealand,New Zealand
Australia,New Zealand,Australia,New Zealand,71 runs,Sydney,3/13/2020,ODI # 4255,4255,Australia,New Zealand
New Zealand,Bangladesh,New Zealand,Bangladesh,8 wickets,Dunedin,3/20/2021,ODI # 4279,4279,New Zealand,New Zealand
New Zealand,Bangladesh,New Zealand,Bangladesh,5 wickets,Christchurch,3/23/2021,ODI # 4280,4280,New Zealand,New Zealand
New Zealand,Bangladesh,New Zealand,Bangladesh,164 runs,Wellington,3/26/2021,ODI # 4282,4282,New Zealand,New Zealand
New Zealand,Netherlands,New Zealand,Netherlands,7 wickets,Mount Maunganui,3/29/2022,ODI # 4378,4378,New Zealand,New Zealand
New Zealand,Netherlands,New Zealand,Netherlands,118 runs,Hamilton,4/2/2022,ODI # 4381,4381,New Zealand,New Zealand
New Zealand,Netherlands,New Zealand,Netherlands,115 runs,Hamilton,4/4/2022,ODI # 4383,4383,New Zealand,New Zealand
Ireland,New Zealand,New Zealand,Ireland,1 wicket,Dublin (Malahide),7/10/2022,ODI # 4419,4419,Ireland,New Zealand
Ireland,New Zealand,New Zealand,Ireland,3 wickets,Dublin (Malahide),7/12/2022,ODI # 4423,4423,Ireland,New Zealand
Ireland,New Zealand,New Zealand,Ireland,1 run,Dublin (Malahide),7/15/2022,ODI # 4429,4429,Ireland,New Zealand
Scotland,New Zealand,New Zealand,Scotland,7 wickets,Edinburgh,7/31/2022,ODI # 4440,4440,Scotland,New Zealand
West Indies,New Zealand,West Indies,New Zealand,5 wickets,Bridgetown,8/17/2022,ODI # 4450,4450,West Indies,New Zealand
West Indies,New Zealand,New Zealand,West Indies,50 runs,Bridgetown,8/19/2022,ODI # 4453,4453,West Indies,New Zealand
West Indies,New Zealand,New Zealand,West Indies,5 wickets,Bridgetown,8/21/2022,ODI # 4456,4456,West Indies,New Zealand
Australia,New Zealand,Australia,New Zealand,2 wickets,Cairns,9/6/2022,ODI # 4461,4461,Australia,New Zealand
Australia,New Zealand,Australia,New Zealand,113 runs,Cairns,9/8/2022,ODI # 4462,4462,Australia,New Zealand
Australia,New Zealand,Australia,New Zealand,25 runs,Cairns,9/11/2022,ODI # 4464,4464,Australia,New Zealand
New Zealand,India,New Zealand,India,7 wickets,Auckland,11/25/2022,ODI # 4483,4483,New Zealand,New Zealand
New Zealand,India,no result,New Zealand,,Hamilton,11/27/2022,ODI # 4487,4487,New Zealand,New Zealand
New Zealand,India,no result,New Zealand,,Christchurch,11/30/2022,ODI # 4489,4489,New Zealand,New Zealand
