Team1,Team2,Winner,Loser,Margin,Ground,Date,Scorecard,MatchCount,Country,West Indies
England,West Indies,England,West Indies,1 wicket,Leeds,9/5/1973,ODI # 8,8,England,West Indies
England,West Indies,West Indies,England,8 wickets,The Oval,9/7/1973,ODI # 9,9,England,West Indies
Sri Lanka,West Indies,West Indies,Sri Lanka,9 wickets,Manchester,6/7/1975,ODI # 22,22,England,West Indies
Pakistan,West Indies,West Indies,Pakistan,1 wicket,Birmingham,6/11/1975,ODI # 26,26,England,West Indies
Australia,West Indies,West Indies,Australia,7 wickets,The Oval,6/14/1975,ODI # 29,29,England,West Indies
New Zealand,West Indies,West Indies,New Zealand,5 wickets,The Oval,6/18/1975,ODI # 32,32,England,West Indies
Australia,West Indies,West Indies,Australia,17 runs,Lord's,6/21/1975,ODI # 33,33,England,West Indies
Australia,West Indies,Australia,West Indies,5 wickets,Adelaide,12/20/1975,ODI # 34,34,Australia,West Indies
England,West Indies,West Indies,England,6 wickets,Scarborough,8/26/1976,ODI # 37,37,England,West Indies
England,West Indies,West Indies,England,36 runs,Lord's,8/28/1976,ODI # 38,38,England,West Indies
England,West Indies,West Indies,England,50 runs,Birmingham,8/30/1976,ODI # 39,39,England,West Indies
West Indies,Pakistan,West Indies,Pakistan,4 wickets,Albion,3/16/1977,ODI # 41,41,West Indies,West Indies
West Indies,Australia,West Indies,Australia,44 runs,St John's,2/22/1978,ODI # 48,48,West Indies,West Indies
West Indies,Australia,Australia,West Indies,2 wickets,Castries,4/12/1978,ODI # 49,49,West Indies,West Indies
India,West Indies,West Indies,India,9 wickets,Birmingham,6/9/1979,ODI # 61,61,England,West Indies
New Zealand,West Indies,West Indies,New Zealand,32 runs,Nottingham,6/16/1979,ODI # 69,69,England,West Indies
Pakistan,West Indies,West Indies,Pakistan,43 runs,The Oval,6/20/1979,ODI # 73,73,England,West Indies
England,West Indies,West Indies,England,92 runs,Lord's,6/23/1979,ODI # 74,74,England,West Indies
Australia,West Indies,Australia,West Indies,5 wickets,Sydney,11/27/1979,ODI # 75,75,Australia,West Indies
England,West Indies,England,West Indies,2 runs,Sydney,11/28/1979,ODI # 76,76,Australia,West Indies
Australia,West Indies,West Indies,Australia,80 runs,Melbourne,12/9/1979,ODI # 78,78,Australia,West Indies
Australia,West Indies,Australia,West Indies,7 runs,Sydney,12/21/1979,ODI # 80,80,Australia,West Indies
England,West Indies,West Indies,England,9 wickets,Brisbane,12/23/1979,ODI # 81,81,Australia,West Indies
England,West Indies,West Indies,England,107 runs,Adelaide,1/16/1980,ODI # 84,84,Australia,West Indies
Australia,West Indies,Australia,West Indies,9 runs,Sydney,1/18/1980,ODI # 85,85,Australia,West Indies
England,West Indies,West Indies,England,2 runs,Melbourne,1/20/1980,ODI # 86,86,Australia,West Indies
England,West Indies,West Indies,England,8 wickets,Sydney,1/22/1980,ODI # 87,87,Australia,West Indies
New Zealand,West Indies,New Zealand,West Indies,1 wicket,Christchurch,2/6/1980,ODI # 88,88,New Zealand,West Indies
England,West Indies,West Indies,England,24 runs,Leeds,5/28/1980,ODI # 89,89,England,West Indies
England,West Indies,England,West Indies,3 wickets,Lord's,5/30/1980,ODI # 90,90,England,West Indies
Pakistan,West Indies,West Indies,Pakistan,4 wickets,Karachi,11/21/1980,ODI # 93,93,Pakistan,West Indies
Pakistan,West Indies,West Indies,Pakistan,7 wickets,Sialkot,12/5/1980,ODI # 96,96,Pakistan,West Indies
Pakistan,West Indies,West Indies,Pakistan,7 runs,Lahore,12/19/1980,ODI # 101,101,Pakistan,West Indies
West Indies,England,West Indies,England,2 runs,Kingstown,2/4/1981,ODI # 115,115,West Indies,West Indies
West Indies,England,West Indies,England,6 wickets,Albion,2/26/1981,ODI # 118,118,West Indies,West Indies
Pakistan,West Indies,West Indies,Pakistan,18 runs,Melbourne,11/21/1981,ODI # 122,122,Australia,West Indies
Australia,West Indies,Australia,West Indies,7 wickets,Sydney,11/24/1981,ODI # 124,124,Australia,West Indies
Pakistan,West Indies,Pakistan,West Indies,8 runs,Adelaide,12/5/1981,ODI # 126,126,Australia,West Indies
Pakistan,West Indies,West Indies,Pakistan,7 wickets,Perth,12/19/1981,ODI # 129,129,Australia,West Indies
Australia,West Indies,West Indies,Australia,8 wickets,Perth,12/20/1981,ODI # 130,130,Australia,West Indies
Australia,West Indies,West Indies,Australia,5 wickets,Melbourne,1/10/1982,ODI # 133,133,Australia,West Indies
Pakistan,West Indies,West Indies,Pakistan,7 wickets,Sydney,1/12/1982,ODI # 134,134,Australia,West Indies
Pakistan,West Indies,West Indies,Pakistan,1 wicket,Brisbane,1/16/1982,ODI # 136,136,Australia,West Indies
Australia,West Indies,West Indies,Australia,5 wickets,Brisbane,1/17/1982,ODI # 137,137,Australia,West Indies
Australia,West Indies,Australia,West Indies,5 runs,Sydney,1/19/1982,ODI # 138,138,Australia,West Indies
Australia,West Indies,West Indies,Australia,86 runs,Melbourne,1/23/1982,ODI # 139,139,Australia,West Indies
Australia,West Indies,West Indies,Australia,128 runs,Melbourne,1/24/1982,ODI # 140,140,Australia,West Indies
Australia,West Indies,Australia,West Indies,46 runs,Sydney,1/26/1982,ODI # 141,141,Australia,West Indies
Australia,West Indies,West Indies,Australia,18 runs,Sydney,1/27/1982,ODI # 142,142,Australia,West Indies
West Indies,India,West Indies,India,52 runs,Port of Spain,3/9/1983,ODI # 187,187,West Indies,West Indies
West Indies,India,India,West Indies,27 runs,Albion,3/29/1983,ODI # 191,191,West Indies,West Indies
West Indies,India,West Indies,India,7 wickets,St George's,4/7/1983,ODI # 192,192,West Indies,West Indies
India,West Indies,India,West Indies,34 runs,Manchester,6/9/1983,ODI # 200,200,England,West Indies
Australia,West Indies,West Indies,Australia,101 runs,Leeds,6/11/1983,ODI # 203,203,England,West Indies
West Indies,Zimbabwe,West Indies,Zimbabwe,8 wickets,Worcester,6/13/1983,ODI # 208,208,England,West Indies
India,West Indies,West Indies,India,66 runs,The Oval,6/15/1983,ODI # 210,210,England,West Indies
Australia,West Indies,West Indies,Australia,7 wickets,Lord's,6/18/1983,ODI # 215,215,England,West Indies
West Indies,Zimbabwe,West Indies,Zimbabwe,10 wickets,Birmingham,6/20/1983,ODI # 220,220,England,West Indies
Pakistan,West Indies,West Indies,Pakistan,8 wickets,The Oval,6/22/1983,ODI # 222,222,England,West Indies
India,West Indies,India,West Indies,43 runs,Lord's,6/25/1983,ODI # 223,223,England,West Indies
India,West Indies,West Indies,India,28 runs,Srinagar,10/13/1983,ODI # 226,226,India,West Indies
India,West Indies,West Indies,India,4 wickets,Vadodara,11/9/1983,ODI # 227,227,India,West Indies
India,West Indies,West Indies,India,8 wickets,Indore,12/1/1983,ODI # 228,228,India,West Indies
India,West Indies,West Indies,India,104 runs,Jamshedpur,12/7/1983,ODI # 229,229,India,West Indies
India,West Indies,West Indies,India,6 wickets,Guwahati,12/17/1983,ODI # 230,230,India,West Indies
Australia,West Indies,West Indies,Australia,27 runs,Melbourne,1/8/1984,ODI # 231,231,Australia,West Indies
Pakistan,West Indies,Pakistan,West Indies,97 runs,Melbourne,1/12/1984,ODI # 233,233,Australia,West Indies
Pakistan,West Indies,West Indies,Pakistan,5 wickets,Brisbane,1/14/1984,ODI # 234,234,Australia,West Indies
Australia,West Indies,West Indies,Australia,28 runs,Sydney,1/17/1984,ODI # 236,236,Australia,West Indies
Pakistan,West Indies,West Indies,Pakistan,5 wickets,Sydney,1/19/1984,ODI # 237,237,Australia,West Indies
Australia,West Indies,West Indies,Australia,26 runs,Melbourne,1/22/1984,ODI # 239,239,Australia,West Indies
Pakistan,West Indies,West Indies,Pakistan,1 wicket,Adelaide,1/28/1984,ODI # 241,241,Australia,West Indies
Australia,West Indies,West Indies,Australia,6 wickets,Adelaide,1/29/1984,ODI # 242,242,Australia,West Indies
Pakistan,West Indies,West Indies,Pakistan,7 wickets,Perth,2/4/1984,ODI # 244,244,Australia,West Indies
Australia,West Indies,Australia,West Indies,14 runs,Perth,2/5/1984,ODI # 245,245,Australia,West Indies
Australia,West Indies,West Indies,Australia,9 wickets,Sydney,2/8/1984,ODI # 246,246,Australia,West Indies
Australia,West Indies,tied,Australia,,Melbourne,2/11/1984,ODI # 247,247,Australia,West Indies
Australia,West Indies,West Indies,Australia,6 wickets,Melbourne,2/12/1984,ODI # 248,248,Australia,West Indies
West Indies,Australia,West Indies,Australia,8 wickets,Albion,2/29/1984,ODI # 252,252,West Indies,West Indies
West Indies,Australia,Australia,West Indies,4 wickets,Port of Spain,3/14/1984,ODI # 255,255,West Indies,West Indies
West Indies,Australia,West Indies,Australia,7 wickets,Castries,4/19/1984,ODI # 262,262,West Indies,West Indies
West Indies,Australia,West Indies,Australia,9 wickets,Kingston,4/26/1984,ODI # 263,263,West Indies,West Indies
England,West Indies,West Indies,England,104 runs,Manchester,5/31/1984,ODI # 264,264,England,West Indies
England,West Indies,England,West Indies,3 wickets,Nottingham,6/2/1984,ODI # 265,265,England,West Indies
England,West Indies,West Indies,England,8 wickets,Lord's,6/4/1984,ODI # 266,266,England,West Indies
Australia,West Indies,West Indies,Australia,7 wickets,Melbourne,1/6/1985,ODI # 282,282,Australia,West Indies
Sri Lanka,West Indies,West Indies,Sri Lanka,8 wickets,Hobart,1/10/1985,ODI # 284,284,Australia,West Indies
Sri Lanka,West Indies,West Indies,Sri Lanka,90 runs,Brisbane,1/12/1985,ODI # 286,286,Australia,West Indies
Australia,West Indies,West Indies,Australia,5 wickets,Brisbane,1/13/1985,ODI # 287,287,Australia,West Indies
Australia,West Indies,West Indies,Australia,5 wickets,Sydney,1/15/1985,ODI # 289,289,Australia,West Indies
Sri Lanka,West Indies,West Indies,Sri Lanka,65 runs,Sydney,1/17/1985,ODI # 290,290,Australia,West Indies
Australia,West Indies,West Indies,Australia,65 runs,Melbourne,1/20/1985,ODI # 292,292,Australia,West Indies
Sri Lanka,West Indies,West Indies,Sri Lanka,8 wickets,Adelaide,1/26/1985,ODI # 296,296,Australia,West Indies
Australia,West Indies,West Indies,Australia,6 wickets,Adelaide,1/27/1985,ODI # 297,297,Australia,West Indies
Sri Lanka,West Indies,West Indies,Sri Lanka,82 runs,Perth,2/2/1985,ODI # 300,300,Australia,West Indies
Australia,West Indies,Australia,West Indies,26 runs,Sydney,2/6/1985,ODI # 303,303,Australia,West Indies
Australia,West Indies,West Indies,Australia,4 wickets,Melbourne,2/10/1985,ODI # 304,304,Australia,West Indies
Australia,West Indies,West Indies,Australia,7 wickets,Sydney,2/12/1985,ODI # 305,305,Australia,West Indies
New Zealand,West Indies,no result,New Zealand,,Sydney,2/19/1985,ODI # 308,308,Australia,West Indies
Sri Lanka,West Indies,West Indies,Sri Lanka,8 wickets,Melbourne,2/27/1985,ODI # 313,313,Australia,West Indies
Pakistan,West Indies,Pakistan,West Indies,7 wickets,Melbourne,3/6/1985,ODI # 317,317,Australia,West Indies
New Zealand,West Indies,West Indies,New Zealand,6 wickets,Sydney,3/9/1985,ODI # 318,318,Australia,West Indies
West Indies,New Zealand,West Indies,New Zealand,23 runs,St John's,3/20/1985,ODI # 320,320,West Indies,West Indies
West Indies,New Zealand,West Indies,New Zealand,6 wickets,Port of Spain,3/27/1985,ODI # 324,324,West Indies,West Indies
West Indies,New Zealand,West Indies,New Zealand,130 runs,Albion,4/14/1985,ODI # 326,326,West Indies,West Indies
West Indies,New Zealand,West Indies,New Zealand,10 wickets,Port of Spain,4/17/1985,ODI # 327,327,West Indies,West Indies
West Indies,New Zealand,West Indies,New Zealand,112 runs,Bridgetown,4/23/1985,ODI # 328,328,West Indies,West Indies
Pakistan,West Indies,West Indies,Pakistan,7 wickets,Sharjah,11/15/1985,ODI # 339,339,United Arab Emirates,West Indies
India,West Indies,West Indies,India,8 wickets,Sharjah,11/22/1985,ODI # 341,341,United Arab Emirates,West Indies
Pakistan,West Indies,West Indies,Pakistan,8 wickets,Gujranwala,11/27/1985,ODI # 342,342,Pakistan,West Indies
Pakistan,West Indies,Pakistan,West Indies,6 wickets,Lahore,11/29/1985,ODI # 343,343,Pakistan,West Indies
Pakistan,West Indies,West Indies,Pakistan,40 runs,Peshawar,12/2/1985,ODI # 344,344,Pakistan,West Indies
Pakistan,West Indies,Pakistan,West Indies,5 wickets,Rawalpindi,12/4/1985,ODI # 345,345,Pakistan,West Indies
Pakistan,West Indies,West Indies,Pakistan,8 wickets,Karachi,12/6/1985,ODI # 346,346,Pakistan,West Indies
West Indies,England,West Indies,England,6 wickets,Kingston,2/18/1986,ODI # 364,364,West Indies,West Indies
West Indies,England,England,West Indies,5 wickets,Port of Spain,3/4/1986,ODI # 366,366,West Indies,West Indies
West Indies,England,West Indies,England,135 runs,Bridgetown,3/19/1986,ODI # 370,370,West Indies,West Indies
West Indies,England,West Indies,England,8 wickets,Port of Spain,3/31/1986,ODI # 376,376,West Indies,West Indies
Pakistan,West Indies,West Indies,Pakistan,4 wickets,Peshawar,10/17/1986,ODI # 396,396,Pakistan,West Indies
Pakistan,West Indies,West Indies,Pakistan,17 runs,Gujranwala,11/4/1986,ODI # 397,397,Pakistan,West Indies
Pakistan,West Indies,West Indies,Pakistan,4 wickets,Sialkot,11/14/1986,ODI # 398,398,Pakistan,West Indies
Pakistan,West Indies,West Indies,Pakistan,89 runs,Multan,11/17/1986,ODI # 399,399,Pakistan,West Indies
Pakistan,West Indies,Pakistan,West Indies,11 runs,Hyderabad (Sind),11/18/1986,ODI # 400,400,India,West Indies
Pakistan,West Indies,West Indies,Pakistan,9 wickets,Sharjah,11/28/1986,ODI # 402,402,United Arab Emirates,West Indies
India,West Indies,West Indies,India,33 runs,Sharjah,11/30/1986,ODI # 403,403,United Arab Emirates,West Indies
Sri Lanka,West Indies,West Indies,Sri Lanka,193 runs,Sharjah,12/3/1986,ODI # 405,405,United Arab Emirates,West Indies
Pakistan,West Indies,Pakistan,West Indies,34 runs,Perth,12/30/1986,ODI # 408,408,Australia,West Indies
England,West Indies,England,West Indies,19 runs,Perth,1/3/1987,ODI # 411,411,Australia,West Indies
Australia,West Indies,West Indies,Australia,164 runs,Perth,1/4/1987,ODI # 412,412,Australia,West Indies
England,West Indies,England,West Indies,6 wickets,Brisbane,1/17/1987,ODI # 418,418,Australia,West Indies
Australia,West Indies,West Indies,Australia,7 wickets,Melbourne,1/20/1987,ODI # 421,421,Australia,West Indies
England,West Indies,England,West Indies,89 runs,Adelaide,1/24/1987,ODI # 423,423,Australia,West Indies
Australia,West Indies,West Indies,Australia,16 runs,Adelaide,1/25/1987,ODI # 424,424,Australia,West Indies
Australia,West Indies,Australia,West Indies,36 runs,Sydney,1/28/1987,ODI # 427,427,Australia,West Indies
England,West Indies,West Indies,England,6 wickets,Melbourne,1/30/1987,ODI # 428,428,Australia,West Indies
England,West Indies,England,West Indies,29 runs,Devonport,2/3/1987,ODI # 430,430,Australia,West Indies
Australia,West Indies,Australia,West Indies,2 wickets,Sydney,2/6/1987,ODI # 431,431,Australia,West Indies
New Zealand,West Indies,West Indies,New Zealand,95 runs,Dunedin,3/18/1987,ODI # 435,435,New Zealand,West Indies
New Zealand,West Indies,West Indies,New Zealand,6 wickets,Auckland,3/21/1987,ODI # 437,437,New Zealand,West Indies
New Zealand,West Indies,West Indies,New Zealand,10 wickets,Christchurch,3/28/1987,ODI # 441,441,New Zealand,West Indies
England,West Indies,England,West Indies,2 wickets,Gujranwala,10/9/1987,ODI # 452,452,Pakistan,West Indies
Sri Lanka,West Indies,West Indies,Sri Lanka,191 runs,Karachi,10/13/1987,ODI # 457,457,Pakistan,West Indies
Pakistan,West Indies,Pakistan,West Indies,1 wicket,Lahore,10/16/1987,ODI # 459,459,Pakistan,West Indies
Sri Lanka,West Indies,West Indies,Sri Lanka,25 runs,Kanpur,10/21/1987,ODI # 464,464,India,West Indies
England,West Indies,England,West Indies,34 runs,Jaipur,10/26/1987,ODI # 468,468,India,West Indies
Pakistan,West Indies,West Indies,Pakistan,28 runs,Karachi,10/30/1987,ODI # 473,473,Pakistan,West Indies
India,West Indies,West Indies,India,10 runs,Nagpur,12/8/1987,ODI # 481,481,India,West Indies
India,West Indies,West Indies,India,52 runs,Guwahati,12/23/1987,ODI # 482,482,India,West Indies
India,West Indies,India,West Indies,56 runs,Eden Gardens,1/2/1988,ODI # 483,483,India,West Indies
India,West Indies,West Indies,India,6 wickets,Rajkot,1/5/1988,ODI # 487,487,India,West Indies
India,West Indies,West Indies,India,2 runs,Ahmedabad,1/7/1988,ODI # 489,489,India,West Indies
India,West Indies,West Indies,India,4 wickets,Faridabad,1/19/1988,ODI # 497,497,India,West Indies
India,West Indies,West Indies,India,73 runs,Gwalior,1/22/1988,ODI # 500,500,India,West Indies
India,West Indies,West Indies,India,9 wickets,Thiruvananthapuram,1/25/1988,ODI # 502,502,India,West Indies
West Indies,Pakistan,West Indies,Pakistan,47 runs,Kingston,3/12/1988,ODI # 506,506,West Indies,West Indies
West Indies,Pakistan,West Indies,Pakistan,5 wickets,St John's,3/15/1988,ODI # 507,507,West Indies,West Indies
West Indies,Pakistan,West Indies,Pakistan,50 runs,Port of Spain,3/18/1988,ODI # 509,509,West Indies,West Indies
West Indies,Pakistan,West Indies,Pakistan,7 wickets,Port of Spain,3/20/1988,ODI # 511,511,West Indies,West Indies
West Indies,Pakistan,West Indies,Pakistan,7 wickets,Georgetown,3/30/1988,ODI # 515,515,West Indies,West Indies
England,West Indies,England,West Indies,6 wickets,Birmingham,5/19/1988,ODI # 518,518,England,West Indies
England,West Indies,England,West Indies,47 runs,Leeds,5/21/1988,ODI # 519,519,England,West Indies
England,West Indies,England,West Indies,7 wickets,Lord's,5/23/1988,ODI # 520,520,England,West Indies
India,West Indies,India,West Indies,23 runs,Sharjah,10/16/1988,ODI # 523,523,United Arab Emirates,West Indies
Pakistan,West Indies,Pakistan,West Indies,84 runs,Sharjah,10/18/1988,ODI # 524,524,United Arab Emirates,West Indies
India,West Indies,West Indies,India,8 wickets,Sharjah,10/21/1988,ODI # 526,526,United Arab Emirates,West Indies
Pakistan,West Indies,West Indies,Pakistan,11 runs,Sharjah,10/22/1988,ODI # 527,527,United Arab Emirates,West Indies
Pakistan,West Indies,West Indies,Pakistan,89 runs,Adelaide,12/10/1988,ODI # 535,535,Australia,West Indies
Australia,West Indies,West Indies,Australia,1 run,Sydney,12/13/1988,ODI # 539,539,Australia,West Indies
Australia,West Indies,West Indies,Australia,34 runs,Melbourne,12/15/1988,ODI # 540,540,Australia,West Indies
Pakistan,West Indies,West Indies,Pakistan,17 runs,Hobart,12/17/1988,ODI # 542,542,Australia,West Indies
Pakistan,West Indies,West Indies,Pakistan,7 wickets,Perth,1/1/1989,ODI # 544,544,Australia,West Indies
Australia,West Indies,Australia,West Indies,8 runs,Melbourne,1/5/1989,ODI # 546,546,Australia,West Indies
Pakistan,West Indies,Pakistan,West Indies,55 runs,Brisbane,1/7/1989,ODI # 547,547,Australia,West Indies
Australia,West Indies,Australia,West Indies,61 runs,Sydney,1/12/1989,ODI # 550,550,Australia,West Indies
Australia,West Indies,Australia,West Indies,2 runs,Melbourne,1/14/1989,ODI # 551,551,Australia,West Indies
Australia,West Indies,West Indies,Australia,92 runs,Sydney,1/16/1989,ODI # 552,552,Australia,West Indies
Australia,West Indies,West Indies,Australia,8 wickets,Sydney,1/18/1989,ODI # 553,553,Australia,West Indies
West Indies,India,West Indies,India,50 runs,Bridgetown,3/7/1989,ODI # 556,556,West Indies,West Indies
West Indies,India,West Indies,India,6 wickets,Port of Spain,3/9/1989,ODI # 558,558,West Indies,West Indies
West Indies,India,West Indies,India,6 wickets,Port of Spain,3/11/1989,ODI # 560,560,West Indies,West Indies
West Indies,India,West Indies,India,8 wickets,St John's,3/18/1989,ODI # 562,562,West Indies,West Indies
West Indies,India,West Indies,India,101 runs,Georgetown,3/21/1989,ODI # 563,563,West Indies,West Indies
India,West Indies,West Indies,India,5 wickets,Sharjah,10/13/1989,ODI # 569,569,United Arab Emirates,West Indies
Pakistan,West Indies,Pakistan,West Indies,11 runs,Sharjah,10/14/1989,ODI # 570,570,United Arab Emirates,West Indies
India,West Indies,India,West Indies,37 runs,Sharjah,10/16/1989,ODI # 573,573,United Arab Emirates,West Indies
Pakistan,West Indies,Pakistan,West Indies,57 runs,Sharjah,10/17/1989,ODI # 574,574,United Arab Emirates,West Indies
Sri Lanka,West Indies,Sri Lanka,West Indies,4 wickets,Rajkot,10/19/1989,ODI # 576,576,India,West Indies
Australia,West Indies,Australia,West Indies,99 runs,Chennai,10/21/1989,ODI # 578,578,India,West Indies
India,West Indies,West Indies,India,20 runs,Delhi,10/23/1989,ODI # 582,582,India,West Indies
Pakistan,West Indies,West Indies,Pakistan,6 wickets,Jalandhar,10/25/1989,ODI # 584,584,India,West Indies
England,West Indies,West Indies,England,26 runs,Gwalior,10/27/1989,ODI # 586,586,India,West Indies
India,West Indies,West Indies,India,8 wickets,Wankhede,10/30/1989,ODI # 591,591,India,West Indies
Pakistan,West Indies,Pakistan,West Indies,4 wickets,Eden Gardens,11/1/1989,ODI # 592,592,India,West Indies
West Indies,England,no result,West Indies,,Port of Spain,2/14/1990,ODI # 604,604,West Indies,West Indies
West Indies,England,no result,West Indies,,Port of Spain,2/17/1990,ODI # 607,607,West Indies,West Indies
West Indies,England,West Indies,England,3 wickets,Kingston,3/3/1990,ODI # 614,614,West Indies,West Indies
West Indies,England,West Indies,England,6 wickets,Georgetown,3/7/1990,ODI # 617,617,West Indies,West Indies
West Indies,England,West Indies,England,7 wickets,Georgetown,3/15/1990,ODI # 621,621,West Indies,West Indies
West Indies,England,West Indies,England,4 wickets,Bridgetown,4/3/1990,ODI # 622,622,West Indies,West Indies
Pakistan,West Indies,Pakistan,West Indies,6 runs,Karachi,11/9/1990,ODI # 639,639,Pakistan,West Indies
Pakistan,West Indies,Pakistan,West Indies,5 wickets,Lahore,11/11/1990,ODI # 640,640,Pakistan,West Indies
Pakistan,West Indies,Pakistan,West Indies,31 runs,Multan,11/13/1990,ODI # 641,641,Pakistan,West Indies
West Indies,Australia,Australia,West Indies,35 runs,Kingston,2/26/1991,ODI # 671,671,West Indies,West Indies
West Indies,Australia,Australia,West Indies,45 runs,Port of Spain,3/9/1991,ODI # 672,672,West Indies,West Indies
West Indies,Australia,West Indies,Australia,7 wickets,Port of Spain,3/10/1991,ODI # 673,673,West Indies,West Indies
West Indies,Australia,Australia,West Indies,37 runs,Bridgetown,3/13/1991,ODI # 674,674,West Indies,West Indies
West Indies,Australia,Australia,West Indies,6 wickets,Georgetown,3/20/1991,ODI # 675,675,West Indies,West Indies
England,West Indies,England,West Indies,1 wicket,Birmingham,5/23/1991,ODI # 676,676,England,West Indies
England,West Indies,England,West Indies,9 runs,Manchester,5/25/1991,ODI # 677,677,England,West Indies
England,West Indies,England,West Indies,7 wickets,Lord's,5/27/1991,ODI # 678,678,England,West Indies
Pakistan,West Indies,West Indies,Pakistan,1 wicket,Sharjah,10/17/1991,ODI # 679,679,United Arab Emirates,West Indies
India,West Indies,India,West Indies,19 runs,Sharjah,10/19/1991,ODI # 681,681,United Arab Emirates,West Indies
Pakistan,West Indies,Pakistan,West Indies,1 run,Sharjah,10/21/1991,ODI # 682,682,United Arab Emirates,West Indies
India,West Indies,India,West Indies,7 wickets,Sharjah,10/22/1991,ODI # 683,683,United Arab Emirates,West Indies
Pakistan,West Indies,West Indies,Pakistan,24 runs,Karachi,11/20/1991,ODI # 689,689,Pakistan,West Indies
Pakistan,West Indies,tied,Pakistan,,Lahore,11/22/1991,ODI # 690,690,Pakistan,West Indies
Pakistan,West Indies,West Indies,Pakistan,17 runs,Faisalabad,11/24/1991,ODI # 691,691,Pakistan,West Indies
India,West Indies,tied,India,,Perth,12/6/1991,ODI # 692,692,Australia,West Indies
Australia,West Indies,Australia,West Indies,9 runs,Melbourne,12/12/1991,ODI # 695,695,Australia,West Indies
India,West Indies,India,West Indies,10 runs,Adelaide,12/14/1991,ODI # 696,696,Australia,West Indies
Australia,West Indies,Australia,West Indies,51 runs,Sydney,12/18/1991,ODI # 698,698,Australia,West Indies
Australia,West Indies,no result,Australia,,Melbourne,1/9/1992,ODI # 699,699,Australia,West Indies
India,West Indies,West Indies,India,6 wickets,Brisbane,1/11/1992,ODI # 702,702,Australia,West Indies
Australia,West Indies,West Indies,Australia,12 runs,Brisbane,1/12/1992,ODI # 703,703,Australia,West Indies
India,West Indies,India,West Indies,5 wickets,Melbourne,1/16/1992,ODI # 707,707,Australia,West Indies
Pakistan,West Indies,West Indies,Pakistan,10 wickets,Melbourne,2/23/1992,ODI # 717,717,Australia,West Indies
England,West Indies,England,West Indies,6 wickets,Melbourne,2/27/1992,ODI # 721,721,Australia,West Indies
West Indies,Zimbabwe,West Indies,Zimbabwe,75 runs,Brisbane,2/29/1992,ODI # 724,724,Australia,West Indies
South Africa,West Indies,South Africa,West Indies,64 runs,Christchurch,3/5/1992,ODI # 730,730,New Zealand,West Indies
New Zealand,West Indies,New Zealand,West Indies,5 wickets,Auckland,3/8/1992,ODI # 734,734,New Zealand,West Indies
India,West Indies,West Indies,India,5 wickets,Wellington,3/10/1992,ODI # 737,737,New Zealand,West Indies
Sri Lanka,West Indies,West Indies,Sri Lanka,91 runs,Berri,3/13/1992,ODI # 742,742,Australia,West Indies
Australia,West Indies,Australia,West Indies,57 runs,Melbourne,3/18/1992,ODI # 749,749,Australia,West Indies
West Indies,South Africa,West Indies,South Africa,107 runs,Kingston,4/7/1992,ODI # 753,753,West Indies,West Indies
West Indies,South Africa,West Indies,South Africa,10 wickets,Port of Spain,4/11/1992,ODI # 754,754,West Indies,West Indies
West Indies,South Africa,West Indies,South Africa,7 wickets,Port of Spain,4/12/1992,ODI # 755,755,West Indies,West Indies
Pakistan,West Indies,Pakistan,West Indies,5 wickets,Perth,12/4/1992,ODI # 767,767,Australia,West Indies
Australia,West Indies,West Indies,Australia,9 wickets,Perth,12/6/1992,ODI # 769,769,Australia,West Indies
Australia,West Indies,Australia,West Indies,14 runs,Sydney,12/8/1992,ODI # 771,771,Australia,West Indies
Pakistan,West Indies,West Indies,Pakistan,4 runs,Adelaide,12/12/1992,ODI # 775,775,Australia,West Indies
Australia,West Indies,Australia,West Indies,4 runs,Melbourne,12/15/1992,ODI # 780,780,Australia,West Indies
Pakistan,West Indies,West Indies,Pakistan,133 runs,Sydney,12/17/1992,ODI # 782,782,Australia,West Indies
Pakistan,West Indies,West Indies,Pakistan,9 wickets,Brisbane,1/9/1993,ODI # 788,788,Australia,West Indies
Australia,West Indies,West Indies,Australia,7 runs,Brisbane,1/10/1993,ODI # 789,789,Australia,West Indies
Australia,West Indies,West Indies,Australia,25 runs,Sydney,1/16/1993,ODI # 792,792,Australia,West Indies
Australia,West Indies,West Indies,Australia,4 wickets,Melbourne,1/18/1993,ODI # 793,793,Australia,West Indies
South Africa,West Indies,South Africa,West Indies,6 wickets,Gqeberha,2/11/1993,ODI # 801,801,South Africa,West Indies
Pakistan,West Indies,West Indies,Pakistan,8 wickets,Johannesburg,2/13/1993,ODI # 802,802,South Africa,West Indies
South Africa,West Indies,South Africa,West Indies,4 runs,Cape Town,2/17/1993,ODI # 804,804,South Africa,West Indies
Pakistan,West Indies,West Indies,Pakistan,124 runs,Durban,2/19/1993,ODI # 805,805,South Africa,West Indies
South Africa,West Indies,West Indies,South Africa,9 wickets,Bloemfontein,2/23/1993,ODI # 807,807,South Africa,West Indies
Pakistan,West Indies,West Indies,Pakistan,7 wickets,Cape Town,2/25/1993,ODI # 808,808,South Africa,West Indies
Pakistan,West Indies,West Indies,Pakistan,5 wickets,Johannesburg,2/27/1993,ODI # 810,810,South Africa,West Indies
West Indies,Pakistan,West Indies,Pakistan,4 wickets,Kingston,3/23/1993,ODI # 821,821,West Indies,West Indies
West Indies,Pakistan,West Indies,Pakistan,5 wickets,Port of Spain,3/26/1993,ODI # 824,824,West Indies,West Indies
West Indies,Pakistan,Pakistan,West Indies,7 wickets,Port of Spain,3/27/1993,ODI # 826,826,West Indies,West Indies
West Indies,Pakistan,Pakistan,West Indies,38 runs,Kingstown,3/30/1993,ODI # 828,828,West Indies,West Indies
West Indies,Pakistan,tied,West Indies,,Georgetown,4/3/1993,ODI # 829,829,West Indies,West Indies
Sri Lanka,West Indies,West Indies,Sri Lanka,8 wickets,Sharjah,10/28/1993,ODI # 839,839,United Arab Emirates,West Indies
Pakistan,West Indies,West Indies,Pakistan,39 runs,Sharjah,10/29/1993,ODI # 840,840,United Arab Emirates,West Indies
Pakistan,West Indies,Pakistan,West Indies,5 wickets,Sharjah,11/1/1993,ODI # 842,842,United Arab Emirates,West Indies
Sri Lanka,West Indies,West Indies,Sri Lanka,8 wickets,Sharjah,11/3/1993,ODI # 844,844,United Arab Emirates,West Indies
Pakistan,West Indies,West Indies,Pakistan,6 wickets,Sharjah,11/5/1993,ODI # 845,845,United Arab Emirates,West Indies
Sri Lanka,West Indies,West Indies,Sri Lanka,46 runs,Wankhede,11/9/1993,ODI # 847,847,India,West Indies
South Africa,West Indies,South Africa,West Indies,41 runs,Brabourne,11/14/1993,ODI # 849,849,India,West Indies
India,West Indies,West Indies,India,69 runs,Ahmedabad,11/16/1993,ODI # 851,851,India,West Indies
West Indies,Zimbabwe,West Indies,Zimbabwe,134 runs,Hyderabad (Deccan),11/21/1993,ODI # 854,854,India,West Indies
Sri Lanka,West Indies,West Indies,Sri Lanka,7 wickets,Eden Gardens,11/25/1993,ODI # 857,857,India,West Indies
India,West Indies,India,West Indies,102 runs,Eden Gardens,11/27/1993,ODI # 858,858,India,West Indies
Sri Lanka,West Indies,no result,Sri Lanka,,Colombo (PSS),12/1/1993,ODI # 859,859,Sri Lanka,West Indies
Sri Lanka,West Indies,Sri Lanka,West Indies,3 wickets,Colombo (RPS),12/16/1993,ODI # 864,864,Sri Lanka,West Indies
Sri Lanka,West Indies,West Indies,Sri Lanka,6 wickets,Colombo (SSC),12/18/1993,ODI # 866,866,Sri Lanka,West Indies
West Indies,England,England,West Indies,61 runs,Bridgetown,2/16/1994,ODI # 880,880,West Indies,West Indies
West Indies,England,West Indies,England,3 wickets,Kingston,2/26/1994,ODI # 887,887,West Indies,West Indies
West Indies,England,West Indies,England,165 runs,Kingstown,3/2/1994,ODI # 888,888,West Indies,West Indies
West Indies,England,West Indies,England,15 runs,Port of Spain,3/5/1994,ODI # 890,890,West Indies,West Indies
West Indies,England,England,West Indies,5 wickets,Port of Spain,3/6/1994,ODI # 892,892,West Indies,West Indies
India,West Indies,West Indies,India,96 runs,Faridabad,10/17/1994,ODI # 931,931,India,West Indies
India,West Indies,India,West Indies,8 runs,Wankhede,10/20/1994,ODI # 933,933,India,West Indies
India,West Indies,India,West Indies,4 wickets,Chennai,10/23/1994,ODI # 936,936,India,West Indies
New Zealand,West Indies,no result,New Zealand,,Margao,10/26/1994,ODI # 938,938,India,West Indies
India,West Indies,West Indies,India,46 runs,Kanpur,10/30/1994,ODI # 941,941,India,West Indies
New Zealand,West Indies,West Indies,New Zealand,135 runs,Guwahati,11/1/1994,ODI # 943,943,India,West Indies
India,West Indies,India,West Indies,72 runs,Eden Gardens,11/5/1994,ODI # 947,947,India,West Indies
India,West Indies,India,West Indies,4 runs,Visakhapatnam,11/7/1994,ODI # 949,949,India,West Indies
India,West Indies,India,West Indies,8 wickets,Cuttack,11/9/1994,ODI # 950,950,India,West Indies
India,West Indies,India,West Indies,5 runs,Jaipur,11/11/1994,ODI # 951,951,India,West Indies
New Zealand,West Indies,West Indies,New Zealand,25 runs,Auckland,1/22/1995,ODI # 972,972,New Zealand,West Indies
New Zealand,West Indies,West Indies,New Zealand,41 runs,Wellington,1/25/1995,ODI # 973,973,New Zealand,West Indies
New Zealand,West Indies,West Indies,New Zealand,9 wickets,Christchurch,1/28/1995,ODI # 974,974,New Zealand,West Indies
West Indies,Australia,West Indies,Australia,6 runs,Bridgetown,3/8/1995,ODI # 985,985,West Indies,West Indies
West Indies,Australia,Australia,West Indies,26 runs,Port of Spain,3/11/1995,ODI # 986,986,West Indies,West Indies
West Indies,Australia,West Indies,Australia,133 runs,Port of Spain,3/12/1995,ODI # 987,987,West Indies,West Indies
West Indies,Australia,West Indies,Australia,7 wickets,Kingstown,3/15/1995,ODI # 988,988,West Indies,West Indies
West Indies,Australia,West Indies,Australia,5 wickets,Georgetown,3/18/1995,ODI # 989,989,West Indies,West Indies
England,West Indies,West Indies,England,5 wickets,Nottingham,5/24/1995,ODI # 1000,1000,England,West Indies
England,West Indies,England,West Indies,25 runs,The Oval,5/26/1995,ODI # 1001,1001,England,West Indies
England,West Indies,England,West Indies,73 runs,Lord's,5/28/1995,ODI # 1002,1002,England,West Indies
Sri Lanka,West Indies,Sri Lanka,West Indies,6 runs,Sharjah,10/11/1995,ODI # 1006,1006,United Arab Emirates,West Indies
Pakistan,West Indies,Pakistan,West Indies,15 runs,Sharjah,10/13/1995,ODI # 1008,1008,United Arab Emirates,West Indies
Pakistan,West Indies,West Indies,Pakistan,4 wickets,Sharjah,10/15/1995,ODI # 1009,1009,United Arab Emirates,West Indies
Sri Lanka,West Indies,West Indies,Sri Lanka,4 runs,Sharjah,10/16/1995,ODI # 1010,1010,United Arab Emirates,West Indies
Sri Lanka,West Indies,Sri Lanka,West Indies,50 runs,Sharjah,10/20/1995,ODI # 1012,1012,United Arab Emirates,West Indies
Sri Lanka,West Indies,Sri Lanka,West Indies,4 wickets,Adelaide,12/15/1995,ODI # 1021,1021,Australia,West Indies
Australia,West Indies,Australia,West Indies,121 runs,Adelaide,12/17/1995,ODI # 1023,1023,Australia,West Indies
Australia,West Indies,Australia,West Indies,24 runs,Melbourne,12/19/1995,ODI # 1024,1024,Australia,West Indies
Australia,West Indies,Australia,West Indies,1 wicket,Sydney,1/1/1996,ODI # 1028,1028,Australia,West Indies
Sri Lanka,West Indies,West Indies,Sri Lanka,70 runs,Hobart,1/3/1996,ODI # 1029,1029,Australia,West Indies
Sri Lanka,West Indies,West Indies,Sri Lanka,7 wickets,Brisbane,1/5/1996,ODI # 1030,1030,Australia,West Indies
Australia,West Indies,West Indies,Australia,14 runs,Brisbane,1/7/1996,ODI # 1031,1031,Australia,West Indies
Sri Lanka,West Indies,Sri Lanka,West Indies,16 runs,Perth,1/14/1996,ODI # 1037,1037,Australia,West Indies
West Indies,Zimbabwe,West Indies,Zimbabwe,6 wickets,Hyderabad (Deccan),2/16/1996,ODI # 1050,1050,India,West Indies
India,West Indies,India,West Indies,5 wickets,Gwalior,2/21/1996,ODI # 1056,1056,India,West Indies
Kenya,West Indies,Kenya,West Indies,73 runs,Pune,2/29/1996,ODI # 1066,1066,India,West Indies
Australia,West Indies,West Indies,Australia,4 wickets,Jaipur,3/4/1996,ODI # 1072,1072,India,West Indies
South Africa,West Indies,West Indies,South Africa,19 runs,Karachi,3/11/1996,ODI # 1079,1079,Pakistan,West Indies
Australia,West Indies,Australia,West Indies,5 runs,Mohali,3/14/1996,ODI # 1082,1082,India,West Indies
West Indies,New Zealand,West Indies,New Zealand,1 wicket,Kingston,3/26/1996,ODI # 1084,1084,West Indies,West Indies
West Indies,New Zealand,New Zealand,West Indies,4 wickets,Port of Spain,3/29/1996,ODI # 1085,1085,West Indies,West Indies
West Indies,New Zealand,West Indies,New Zealand,7 wickets,Port of Spain,3/30/1996,ODI # 1086,1086,West Indies,West Indies
West Indies,New Zealand,New Zealand,West Indies,4 runs,Georgetown,4/3/1996,ODI # 1090,1090,West Indies,West Indies
West Indies,New Zealand,West Indies,New Zealand,7 wickets,Kingstown,4/6/1996,ODI # 1092,1092,West Indies,West Indies
West Indies,Sri Lanka,Sri Lanka,West Indies,35 runs,Port of Spain,4/13/1996,ODI # 1096,1096,West Indies,West Indies
Australia,West Indies,Australia,West Indies,5 wickets,Melbourne,12/6/1996,ODI # 1147,1147,Australia,West Indies
Australia,West Indies,Australia,West Indies,8 wickets,Sydney,12/8/1996,ODI # 1149,1149,Australia,West Indies
Pakistan,West Indies,West Indies,Pakistan,7 wickets,Adelaide,12/17/1996,ODI # 1154,1154,Australia,West Indies
Pakistan,West Indies,West Indies,Pakistan,6 wickets,Brisbane,1/3/1997,ODI # 1157,1157,Australia,West Indies
Australia,West Indies,West Indies,Australia,7 wickets,Brisbane,1/5/1997,ODI # 1159,1159,Australia,West Indies
Pakistan,West Indies,West Indies,Pakistan,5 wickets,Perth,1/10/1997,ODI # 1161,1161,Australia,West Indies
Australia,West Indies,West Indies,Australia,4 wickets,Perth,1/12/1997,ODI # 1162,1162,Australia,West Indies
Pakistan,West Indies,Pakistan,West Indies,8 wickets,Sydney,1/14/1997,ODI # 1163,1163,Australia,West Indies
Pakistan,West Indies,Pakistan,West Indies,4 wickets,Sydney,1/18/1997,ODI # 1165,1165,Australia,West Indies
Pakistan,West Indies,Pakistan,West Indies,62 runs,Melbourne,1/20/1997,ODI # 1166,1166,Australia,West Indies
West Indies,India,West Indies,India,8 wickets,Port of Spain,4/26/1997,ODI # 1200,1200,West Indies,West Indies
West Indies,India,India,West Indies,10 wickets,Port of Spain,4/27/1997,ODI # 1201,1201,West Indies,West Indies
West Indies,India,West Indies,India,18 runs,Kingstown,4/30/1997,ODI # 1202,1202,West Indies,West Indies
West Indies,India,West Indies,India,10 wickets,Bridgetown,5/3/1997,ODI # 1203,1203,West Indies,West Indies
West Indies,Sri Lanka,West Indies,Sri Lanka,35 runs,Port of Spain,6/6/1997,ODI # 1215,1215,West Indies,West Indies
Sri Lanka,West Indies,Sri Lanka,West Indies,7 wickets,Lahore,11/1/1997,ODI # 1247,1247,Pakistan,West Indies
South Africa,West Indies,South Africa,West Indies,5 wickets,Lahore,11/3/1997,ODI # 1249,1249,Pakistan,West Indies
Pakistan,West Indies,Pakistan,West Indies,8 wickets,Lahore,11/4/1997,ODI # 1250,1250,Pakistan,West Indies
Pakistan,West Indies,West Indies,Pakistan,43 runs,Sharjah,12/12/1997,ODI # 1260,1260,United Arab Emirates,West Indies
England,West Indies,England,West Indies,4 wickets,Sharjah,12/13/1997,ODI # 1261,1261,United Arab Emirates,West Indies
India,West Indies,West Indies,India,41 runs,Sharjah,12/16/1997,ODI # 1264,1264,United Arab Emirates,West Indies
England,West Indies,England,West Indies,3 wickets,Sharjah,12/19/1997,ODI # 1266,1266,United Arab Emirates,West Indies
West Indies,England,England,West Indies,16 runs,Bridgetown,3/29/1998,ODI # 1299,1299,West Indies,West Indies
West Indies,England,West Indies,England,1 wicket,Bridgetown,4/1/1998,ODI # 1301,1301,West Indies,West Indies
West Indies,England,West Indies,England,5 wickets,Kingstown,4/4/1998,ODI # 1304,1304,West Indies,West Indies
West Indies,England,West Indies,England,4 wickets,Kingstown,4/5/1998,ODI # 1307,1307,West Indies,West Indies
West Indies,England,West Indies,England,57 runs,Port of Spain,4/8/1998,ODI # 1310,1310,West Indies,West Indies
Pakistan,West Indies,West Indies,Pakistan,30 runs,Dhaka,10/29/1998,ODI # 1361,1361,Bangladesh,West Indies
India,West Indies,West Indies,India,6 wickets,Dhaka,10/31/1998,ODI # 1363,1363,Bangladesh,West Indies
South Africa,West Indies,South Africa,West Indies,4 wickets,Dhaka,11/1/1998,ODI # 1364,1364,Bangladesh,West Indies
South Africa,West Indies,South Africa,West Indies,2 wickets,Johannesburg,1/22/1999,ODI # 1390,1390,South Africa,West Indies
South Africa,West Indies,West Indies,South Africa,43 runs,East London,1/24/1999,ODI # 1393,1393,South Africa,West Indies
South Africa,West Indies,South Africa,West Indies,55 runs,Durban,1/27/1999,ODI # 1395,1395,South Africa,West Indies
South Africa,West Indies,South Africa,West Indies,99 runs,Gqeberha,1/30/1999,ODI # 1397,1397,South Africa,West Indies
South Africa,West Indies,South Africa,West Indies,89 runs,Cape Town,2/2/1999,ODI # 1399,1399,South Africa,West Indies
South Africa,West Indies,South Africa,West Indies,114 runs,Bloemfontein,2/5/1999,ODI # 1402,1402,South Africa,West Indies
South Africa,West Indies,South Africa,West Indies,50 runs,Centurion,2/7/1999,ODI # 1404,1404,South Africa,West Indies
West Indies,Australia,West Indies,Australia,44 runs,Kingstown,4/11/1999,ODI # 1433,1433,West Indies,West Indies
West Indies,Australia,Australia,West Indies,46 runs,St George's,4/14/1999,ODI # 1436,1436,West Indies,West Indies
West Indies,Australia,West Indies,Australia,5 wickets,Port of Spain,4/17/1999,ODI # 1438,1438,West Indies,West Indies
West Indies,Australia,Australia,West Indies,20 runs,Port of Spain,4/18/1999,ODI # 1439,1439,West Indies,West Indies
West Indies,Australia,tied,West Indies,,Georgetown,4/21/1999,ODI # 1440,1440,West Indies,West Indies
West Indies,Australia,Australia,West Indies,4 wickets,Bridgetown,4/24/1999,ODI # 1441,1441,West Indies,West Indies
West Indies,Australia,West Indies,Australia,8 wickets,Bridgetown,4/25/1999,ODI # 1442,1442,West Indies,West Indies
Pakistan,West Indies,Pakistan,West Indies,27 runs,Bristol,5/16/1999,ODI # 1447,1447,England,West Indies
Bangladesh,West Indies,West Indies,Bangladesh,7 wickets,Dublin,5/21/1999,ODI # 1454,1454,Ireland,West Indies
New Zealand,West Indies,West Indies,New Zealand,7 wickets,Southampton,5/24/1999,ODI # 1460,1460,England,West Indies
Scotland,West Indies,West Indies,Scotland,8 wickets,Leicester,5/27/1999,ODI # 1465,1465,England,West Indies
Australia,West Indies,Australia,West Indies,6 wickets,Manchester,5/30/1999,ODI # 1470,1470,England,West Indies
West Indies,Zimbabwe,West Indies,Zimbabwe,6 wickets,Singapore,9/2/1999,ODI # 1492,1492,Singapore,West Indies
India,West Indies,West Indies,India,42 runs,Singapore,9/5/1999,ODI # 1494,1494,Singapore,West Indies
India,West Indies,no result,India,,Singapore,9/7/1999,ODI # 1495,1495,Singapore,West Indies
India,West Indies,West Indies,India,4 wickets,Singapore,9/8/1999,ODI # 1496,1496,Singapore,West Indies
India,West Indies,India,West Indies,8 wickets,Toronto,9/11/1999,ODI # 1497,1497,Canada,West Indies
India,West Indies,West Indies,India,70 runs,Toronto,9/12/1999,ODI # 1498,1498,Canada,West Indies
India,West Indies,India,West Indies,88 runs,Toronto,9/14/1999,ODI # 1499,1499,Canada,West Indies
Pakistan,West Indies,Pakistan,West Indies,15 runs,Toronto,9/16/1999,ODI # 1500,1500,Canada,West Indies
Pakistan,West Indies,Pakistan,West Indies,42 runs,Toronto,9/18/1999,ODI # 1501,1501,Canada,West Indies
Pakistan,West Indies,Pakistan,West Indies,7 wickets,Toronto,9/19/1999,ODI # 1502,1502,Canada,West Indies
Bangladesh,West Indies,West Indies,Bangladesh,73 runs,Dhaka,10/8/1999,ODI # 1510,1510,Bangladesh,West Indies
Bangladesh,West Indies,West Indies,Bangladesh,109 runs,Dhaka,10/9/1999,ODI # 1511,1511,Bangladesh,West Indies
Sri Lanka,West Indies,West Indies,Sri Lanka,3 wickets,Sharjah,10/13/1999,ODI # 1512,1512,United Arab Emirates,West Indies
Pakistan,West Indies,Pakistan,West Indies,130 runs,Sharjah,10/14/1999,ODI # 1513,1513,United Arab Emirates,West Indies
Sri Lanka,West Indies,Sri Lanka,West Indies,9 wickets,Sharjah,10/17/1999,ODI # 1515,1515,United Arab Emirates,West Indies
Pakistan,West Indies,Pakistan,West Indies,138 runs,Sharjah,10/19/1999,ODI # 1517,1517,United Arab Emirates,West Indies
New Zealand,West Indies,New Zealand,West Indies,3 wickets,Auckland,1/2/2000,ODI # 1532,1532,New Zealand,West Indies
New Zealand,West Indies,New Zealand,West Indies,7 wickets,Taupo,1/4/2000,ODI # 1533,1533,New Zealand,West Indies
New Zealand,West Indies,New Zealand,West Indies,4 wickets,Napier,1/6/2000,ODI # 1534,1534,New Zealand,West Indies
New Zealand,West Indies,New Zealand,West Indies,8 wickets,Wellington,1/8/2000,ODI # 1535,1535,New Zealand,West Indies
New Zealand,West Indies,New Zealand,West Indies,20 runs,Christchurch,1/11/2000,ODI # 1538,1538,New Zealand,West Indies
West Indies,Zimbabwe,West Indies,Zimbabwe,87 runs,Kingston,4/1/2000,ODI # 1584,1584,West Indies,West Indies
West Indies,Zimbabwe,West Indies,Zimbabwe,41 runs,Kingston,4/2/2000,ODI # 1585,1585,West Indies,West Indies
West Indies,Pakistan,West Indies,Pakistan,96 runs,Kingstown,4/12/2000,ODI # 1588,1588,West Indies,West Indies
West Indies,Pakistan,West Indies,Pakistan,17 runs,St George's,4/16/2000,ODI # 1592,1592,West Indies,West Indies
West Indies,Pakistan,Pakistan,West Indies,17 runs,Bridgetown,4/19/2000,ODI # 1593,1593,West Indies,West Indies
West Indies,Pakistan,West Indies,Pakistan,60 runs,Port of Spain,4/22/2000,ODI # 1594,1594,West Indies,West Indies
West Indies,Pakistan,Pakistan,West Indies,4 wickets,Port of Spain,4/23/2000,ODI # 1595,1595,West Indies,West Indies
West Indies,Zimbabwe,Zimbabwe,West Indies,6 wickets,Bristol,7/6/2000,ODI # 1605,1605,England,West Indies
England,West Indies,no result,England,,Lord's,7/9/2000,ODI # 1609,1609,England,West Indies
West Indies,Zimbabwe,Zimbabwe,West Indies,70 runs,Canterbury,7/11/2000,ODI # 1611,1611,England,West Indies
England,West Indies,England,West Indies,10 wickets,Chester-le-Street,7/15/2000,ODI # 1615,1615,England,West Indies
West Indies,Zimbabwe,Zimbabwe,West Indies,6 wickets,Chester-le-Street,7/16/2000,ODI # 1616,1616,England,West Indies
England,West Indies,West Indies,England,3 runs,Nottingham,7/20/2000,ODI # 1618,1618,England,West Indies
Sri Lanka,West Indies,Sri Lanka,West Indies,108 runs,Nairobi (Gym),10/4/2000,ODI # 1631,1631,Kenya,West Indies
Australia,West Indies,Australia,West Indies,74 runs,Melbourne,1/11/2001,ODI # 1667,1667,Australia,West Indies
West Indies,Zimbabwe,West Indies,Zimbabwe,1 wicket,Brisbane,1/13/2001,ODI # 1669,1669,Australia,West Indies
Australia,West Indies,Australia,West Indies,9 wickets,Brisbane,1/14/2001,ODI # 1670,1670,Australia,West Indies
Australia,West Indies,Australia,West Indies,28 runs,Sydney,1/17/2001,ODI # 1672,1672,Australia,West Indies
West Indies,Zimbabwe,Zimbabwe,West Indies,47 runs,Sydney,1/23/2001,ODI # 1675,1675,Australia,West Indies
West Indies,Zimbabwe,West Indies,Zimbabwe,77 runs,Adelaide,1/25/2001,ODI # 1676,1676,Australia,West Indies
Australia,West Indies,Australia,West Indies,10 wickets,Adelaide,1/26/2001,ODI # 1677,1677,Australia,West Indies
West Indies,Zimbabwe,West Indies,Zimbabwe,44 runs,Perth,2/2/2001,ODI # 1681,1681,Australia,West Indies
Australia,West Indies,Australia,West Indies,134 runs,Sydney,2/7/2001,ODI # 1685,1685,Australia,West Indies
Australia,West Indies,Australia,West Indies,39 runs,Melbourne,2/9/2001,ODI # 1687,1687,Australia,West Indies
West Indies,South Africa,West Indies,South Africa,3 wickets,Kingston,4/28/2001,ODI # 1712,1712,West Indies,West Indies
West Indies,South Africa,South Africa,West Indies,8 wickets,St John's,5/2/2001,ODI # 1713,1713,West Indies,West Indies
West Indies,South Africa,South Africa,West Indies,132 runs,St George's,5/5/2001,ODI # 1714,1714,West Indies,West Indies
West Indies,South Africa,South Africa,West Indies,8 wickets,St George's,5/6/2001,ODI # 1715,1715,West Indies,West Indies
West Indies,South Africa,South Africa,West Indies,7 wickets,Bridgetown,5/9/2001,ODI # 1716,1716,West Indies,West Indies
West Indies,South Africa,South Africa,West Indies,53 runs,Port of Spain,5/12/2001,ODI # 1717,1717,West Indies,West Indies
West Indies,South Africa,West Indies,South Africa,6 wickets,Kingstown,5/16/2001,ODI # 1718,1718,West Indies,West Indies
Zimbabwe,West Indies,West Indies,Zimbabwe,27 runs,Harare,6/23/2001,ODI # 1727,1727,Zimbabwe,West Indies
India,West Indies,India,West Indies,6 wickets,Bulawayo,6/30/2001,ODI # 1731,1731,Zimbabwe,West Indies
Zimbabwe,West Indies,West Indies,Zimbabwe,5 wickets,Bulawayo,7/1/2001,ODI # 1732,1732,Zimbabwe,West Indies
India,West Indies,India,West Indies,6 wickets,Harare,7/4/2001,ODI # 1733,1733,Zimbabwe,West Indies
India,West Indies,West Indies,India,16 runs,Harare,7/7/2001,ODI # 1734,1734,Zimbabwe,West Indies
Kenya,West Indies,West Indies,Kenya,106 runs,Nairobi,8/15/2001,ODI # 1745,1745,Kenya,West Indies
Kenya,West Indies,West Indies,Kenya,6 wickets,Nairobi (Gym),8/18/2001,ODI # 1746,1746,Kenya,West Indies
Kenya,West Indies,West Indies,Kenya,7 wickets,Nairobi (Gym),8/19/2001,ODI # 1747,1747,Kenya,West Indies
West Indies,Zimbabwe,Zimbabwe,West Indies,4 wickets,Colombo (SSC),12/9/2001,ODI # 1777,1777,Sri Lanka,West Indies
Sri Lanka,West Indies,West Indies,Sri Lanka,49 runs,Colombo (RPS),12/11/2001,ODI # 1778,1778,Sri Lanka,West Indies
Sri Lanka,West Indies,Sri Lanka,West Indies,8 wickets,Kandy,12/15/2001,ODI # 1780,1780,Sri Lanka,West Indies
West Indies,Zimbabwe,West Indies,Zimbabwe,8 wickets,Kandy,12/16/2001,ODI # 1781,1781,Sri Lanka,West Indies
Sri Lanka,West Indies,Sri Lanka,West Indies,34 runs,Colombo (RPS),12/19/2001,ODI # 1782,1782,Sri Lanka,West Indies
Pakistan,West Indies,Pakistan,West Indies,4 wickets,Sharjah,2/14/2002,ODI # 1807,1807,United Arab Emirates,West Indies
Pakistan,West Indies,Pakistan,West Indies,51 runs,Sharjah,2/15/2002,ODI # 1808,1808,United Arab Emirates,West Indies
Pakistan,West Indies,West Indies,Pakistan,110 runs,Sharjah,2/17/2002,ODI # 1810,1810,United Arab Emirates,West Indies
West Indies,India,India,West Indies,7 wickets,Bridgetown,5/29/2002,ODI # 1836,1836,West Indies,West Indies
West Indies,India,West Indies,India,7 wickets,Port of Spain,6/1/2002,ODI # 1837,1837,West Indies,West Indies
West Indies,India,India,West Indies,56 runs,Port of Spain,6/2/2002,ODI # 1838,1838,West Indies,West Indies
West Indies,New Zealand,no result,West Indies,,Kingston,6/5/2002,ODI # 1839,1839,West Indies,West Indies
West Indies,New Zealand,West Indies,New Zealand,6 wickets,Gros Islet,6/8/2002,ODI # 1840,1840,West Indies,West Indies
West Indies,New Zealand,West Indies,New Zealand,7 wickets,Gros Islet,6/9/2002,ODI # 1841,1841,West Indies,West Indies
West Indies,New Zealand,New Zealand,West Indies,9 runs,Port of Spain,6/12/2002,ODI # 1843,1843,West Indies,West Indies
West Indies,New Zealand,West Indies,New Zealand,4 wickets,Kingstown,6/16/2002,ODI # 1845,1845,West Indies,West Indies
South Africa,West Indies,South Africa,West Indies,2 wickets,Colombo (SSC),9/13/2002,ODI # 1875,1875,Sri Lanka,West Indies
Kenya,West Indies,West Indies,Kenya,29 runs,Colombo (SSC),9/17/2002,ODI # 1879,1879,Sri Lanka,West Indies
India,West Indies,West Indies,India,4 wickets,Jamshedpur,11/6/2002,ODI # 1893,1893,India,West Indies
India,West Indies,West Indies,India,7 wickets,Nagpur,11/9/2002,ODI # 1894,1894,India,West Indies
India,West Indies,India,West Indies,81 runs,Rajkot,11/12/2002,ODI # 1895,1895,India,West Indies
India,West Indies,India,West Indies,5 wickets,Ahmedabad,11/15/2002,ODI # 1896,1896,India,West Indies
India,West Indies,West Indies,India,5 wickets,Vadodara,11/18/2002,ODI # 1897,1897,India,West Indies
India,West Indies,India,West Indies,3 wickets,Jodhpur,11/21/2002,ODI # 1898,1898,India,West Indies
India,West Indies,West Indies,India,135 runs,Vijayawada,11/24/2002,ODI # 1900,1900,India,West Indies
Bangladesh,West Indies,no result,Bangladesh,,Chattogram,11/29/2002,ODI # 1904,1904,Bangladesh,West Indies
Bangladesh,West Indies,West Indies,Bangladesh,84 runs,Dhaka,12/2/2002,ODI # 1909,1909,Bangladesh,West Indies
Bangladesh,West Indies,West Indies,Bangladesh,86 runs,Dhaka,12/3/2002,ODI # 1910,1910,Bangladesh,West Indies
South Africa,West Indies,West Indies,South Africa,3 runs,Cape Town,2/9/2003,ODI # 1942,1942,South Africa,West Indies
New Zealand,West Indies,New Zealand,West Indies,20 runs,Gqeberha,2/13/2003,ODI # 1949,1949,South Africa,West Indies
Bangladesh,West Indies,no result,Bangladesh,,Benoni,2/18/2003,ODI # 1956,1956,South Africa,West Indies
Canada,West Indies,West Indies,Canada,7 wickets,Centurion,2/23/2003,ODI # 1963,1963,South Africa,West Indies
Sri Lanka,West Indies,Sri Lanka,West Indies,6 runs,Cape Town,2/28/2003,ODI # 1973,1973,South Africa,West Indies
Kenya,West Indies,West Indies,Kenya,142 runs,Kimberley,3/4/2003,ODI # 1981,1981,South Africa,West Indies
West Indies,Australia,Australia,West Indies,2 runs,Kingston,5/17/2003,ODI # 2011,2011,West Indies,West Indies
West Indies,Australia,Australia,West Indies,8 wickets,Kingston,5/18/2003,ODI # 2013,2013,West Indies,West Indies
West Indies,Australia,Australia,West Indies,25 runs,Gros Islet,5/21/2003,ODI # 2016,2016,West Indies,West Indies
West Indies,Australia,Australia,West Indies,67 runs,Port of Spain,5/24/2003,ODI # 2018,2018,West Indies,West Indies
West Indies,Australia,West Indies,Australia,39 runs,Port of Spain,5/25/2003,ODI # 2019,2019,West Indies,West Indies
West Indies,Australia,West Indies,Australia,3 wickets,St George's,5/30/2003,ODI # 2020,2020,West Indies,West Indies
West Indies,Australia,West Indies,Australia,9 wickets,St George's,6/1/2003,ODI # 2021,2021,West Indies,West Indies
West Indies,Sri Lanka,Sri Lanka,West Indies,55 runs,Bridgetown,6/7/2003,ODI # 2022,2022,West Indies,West Indies
West Indies,Sri Lanka,Sri Lanka,West Indies,4 wickets,Bridgetown,6/8/2003,ODI # 2023,2023,West Indies,West Indies
West Indies,Sri Lanka,West Indies,Sri Lanka,6 wickets,Kingstown,6/11/2003,ODI # 2024,2024,West Indies,West Indies
Zimbabwe,West Indies,West Indies,Zimbabwe,51 runs,Bulawayo,11/22/2003,ODI # 2065,2065,Zimbabwe,West Indies
Zimbabwe,West Indies,Zimbabwe,West Indies,6 wickets,Bulawayo,11/23/2003,ODI # 2066,2066,Zimbabwe,West Indies
Zimbabwe,West Indies,Zimbabwe,West Indies,21 runs,Harare,11/26/2003,ODI # 2067,2067,Zimbabwe,West Indies
Zimbabwe,West Indies,West Indies,Zimbabwe,72 runs,Harare,11/29/2003,ODI # 2069,2069,Zimbabwe,West Indies
Zimbabwe,West Indies,West Indies,Zimbabwe,8 wickets,Harare,11/30/2003,ODI # 2070,2070,Zimbabwe,West Indies
South Africa,West Indies,South Africa,West Indies,209 runs,Cape Town,1/25/2004,ODI # 2088,2088,South Africa,West Indies
South Africa,West Indies,South Africa,West Indies,16 runs,Gqeberha,1/28/2004,ODI # 2090,2090,South Africa,West Indies
South Africa,West Indies,no result,South Africa,,Durban,1/30/2004,ODI # 2092,2092,South Africa,West Indies
South Africa,West Indies,West Indies,South Africa,7 wickets,Centurion,2/1/2004,ODI # 2094,2094,South Africa,West Indies
South Africa,West Indies,South Africa,West Indies,4 wickets,Johannesburg,2/4/2004,ODI # 2096,2096,South Africa,West Indies
West Indies,England,England,West Indies,2 wickets,Georgetown,4/18/2004,ODI # 2118,2118,West Indies,West Indies
West Indies,England,no result,West Indies,,Port of Spain,4/24/2004,ODI # 2121,2121,West Indies,West Indies
West Indies,England,West Indies,England,5 wickets,Gros Islet,5/1/2004,ODI # 2125,2125,West Indies,West Indies
West Indies,England,West Indies,England,4 wickets,Gros Islet,5/2/2004,ODI # 2126,2126,West Indies,West Indies
West Indies,England,England,West Indies,5 wickets,Bridgetown,5/5/2004,ODI # 2127,2127,West Indies,West Indies
West Indies,Bangladesh,West Indies,Bangladesh,1 wicket,Kingstown,5/15/2004,ODI # 2128,2128,West Indies,West Indies
West Indies,Bangladesh,West Indies,Bangladesh,23 runs,Kingstown,5/16/2004,ODI # 2129,2129,West Indies,West Indies
West Indies,Bangladesh,West Indies,Bangladesh,7 wickets,St George's,5/19/2004,ODI # 2130,2130,West Indies,West Indies
New Zealand,West Indies,no result,New Zealand,,Birmingham,6/26/2004,ODI # 2134,2134,England,West Indies
England,West Indies,West Indies,England,7 wickets,Nottingham,6/27/2004,ODI # 2135,2135,England,West Indies
England,West Indies,England,West Indies,7 wickets,Leeds,7/1/2004,ODI # 2137,2137,England,West Indies
New Zealand,West Indies,New Zealand,West Indies,5 wickets,Cardiff,7/3/2004,ODI # 2138,2138,Wales,West Indies
England,West Indies,West Indies,England,7 wickets,Lord's,7/6/2004,ODI # 2140,2140,England,West Indies
New Zealand,West Indies,no result,New Zealand,,Southampton,7/8/2004,ODI # 2141,2141,England,West Indies
New Zealand,West Indies,New Zealand,West Indies,107 runs,Lord's,7/10/2004,ODI # 2142,2142,England,West Indies
Bangladesh,West Indies,West Indies,Bangladesh,138 runs,Southampton,9/15/2004,ODI # 2175,2175,England,West Indies
South Africa,West Indies,West Indies,South Africa,5 wickets,The Oval,9/18/2004,ODI # 2178,2178,England,West Indies
Pakistan,West Indies,West Indies,Pakistan,7 wickets,Southampton,9/22/2004,ODI # 2181,2181,England,West Indies
England,West Indies,West Indies,England,2 wickets,The Oval,9/25/2004,ODI # 2182,2182,England,West Indies
Australia,West Indies,Australia,West Indies,116 runs,Melbourne,1/14/2005,ODI # 2204,2204,Australia,West Indies
Pakistan,West Indies,Pakistan,West Indies,6 wickets,Brisbane,1/19/2005,ODI # 2206,2206,Australia,West Indies
Australia,West Indies,no result,Australia,,Brisbane,1/21/2005,ODI # 2208,2208,Australia,West Indies
Australia,West Indies,Australia,West Indies,73 runs,Adelaide,1/26/2005,ODI # 2212,2212,Australia,West Indies
Pakistan,West Indies,West Indies,Pakistan,58 runs,Adelaide,1/28/2005,ODI # 2213,2213,Australia,West Indies
Pakistan,West Indies,Pakistan,West Indies,30 runs,Perth,2/1/2005,ODI # 2218,2218,Australia,West Indies
West Indies,South Africa,South Africa,West Indies,8 wickets,Kingston,5/7/2005,ODI # 2241,2241,West Indies,West Indies
West Indies,South Africa,South Africa,West Indies,8 wickets,Kingston,5/8/2005,ODI # 2242,2242,West Indies,West Indies
West Indies,South Africa,South Africa,West Indies,1 run,Bridgetown,5/11/2005,ODI # 2243,2243,West Indies,West Indies
West Indies,South Africa,South Africa,West Indies,6 wickets,Port of Spain,5/14/2005,ODI # 2244,2244,West Indies,West Indies
West Indies,South Africa,South Africa,West Indies,7 wickets,Port of Spain,5/15/2005,ODI # 2245,2245,West Indies,West Indies
West Indies,Pakistan,Pakistan,West Indies,59 runs,Kingstown,5/18/2005,ODI # 2246,2246,West Indies,West Indies
West Indies,Pakistan,Pakistan,West Indies,40 runs,Gros Islet,5/21/2005,ODI # 2247,2247,West Indies,West Indies
West Indies,Pakistan,Pakistan,West Indies,22 runs,Gros Islet,5/22/2005,ODI # 2248,2248,West Indies,West Indies
India,West Indies,India,West Indies,6 wickets,Dambulla,7/31/2005,ODI # 2263,2263,Sri Lanka,West Indies
Sri Lanka,West Indies,Sri Lanka,West Indies,50 runs,Dambulla,8/2/2005,ODI # 2264,2264,Sri Lanka,West Indies
Sri Lanka,West Indies,West Indies,Sri Lanka,33 runs,Colombo (RPS),8/6/2005,ODI # 2266,2266,Sri Lanka,West Indies
India,West Indies,India,West Indies,7 runs,Colombo (RPS),8/7/2005,ODI # 2267,2267,Sri Lanka,West Indies
New Zealand,West Indies,New Zealand,West Indies,81 runs,Wellington,2/18/2006,ODI # 2332,2332,New Zealand,West Indies
New Zealand,West Indies,New Zealand,West Indies,3 wickets,Queenstown,2/22/2006,ODI # 2335,2335,New Zealand,West Indies
New Zealand,West Indies,New Zealand,West Indies,21 runs,Christchurch,2/25/2006,ODI # 2337,2337,New Zealand,West Indies
New Zealand,West Indies,New Zealand,West Indies,91 runs,Napier,3/1/2006,ODI # 2342,2342,New Zealand,West Indies
New Zealand,West Indies,West Indies,New Zealand,3 wickets,Auckland,3/4/2006,ODI # 2346,2346,New Zealand,West Indies
West Indies,Zimbabwe,West Indies,Zimbabwe,5 wickets,St John's,4/29/2006,ODI # 2368,2368,West Indies,West Indies
West Indies,Zimbabwe,West Indies,Zimbabwe,98 runs,St John's,4/30/2006,ODI # 2369,2369,West Indies,West Indies
West Indies,Zimbabwe,West Indies,Zimbabwe,82 runs,Georgetown,5/7/2006,ODI # 2370,2370,West Indies,West Indies
West Indies,Zimbabwe,West Indies,Zimbabwe,10 wickets,Gros Islet,5/10/2006,ODI # 2371,2371,West Indies,West Indies
West Indies,Zimbabwe,no result,West Indies,,Port of Spain,5/13/2006,ODI # 2372,2372,West Indies,West Indies
West Indies,Zimbabwe,West Indies,Zimbabwe,104 runs,Port of Spain,5/14/2006,ODI # 2373,2373,West Indies,West Indies
West Indies,India,India,West Indies,5 wickets,Kingston,5/18/2006,ODI # 2377,2377,West Indies,West Indies
West Indies,India,West Indies,India,1 run,Kingston,5/20/2006,ODI # 2379,2379,West Indies,West Indies
West Indies,India,West Indies,India,4 wickets,Basseterre,5/23/2006,ODI # 2380,2380,West Indies,West Indies
West Indies,India,West Indies,India,6 wickets,Port of Spain,5/26/2006,ODI # 2381,2381,West Indies,West Indies
West Indies,India,West Indies,India,19 runs,Port of Spain,5/28/2006,ODI # 2382,2382,West Indies,West Indies
Australia,West Indies,Australia,West Indies,78 runs,Kuala Lumpur,9/12/2006,ODI # 2413,2413,Indonesia,West Indies
India,West Indies,West Indies,India,29 runs,Kuala Lumpur,9/14/2006,ODI # 2414,2414,Indonesia,West Indies
Australia,West Indies,West Indies,Australia,3 wickets,Kuala Lumpur,9/18/2006,ODI # 2417,2417,Indonesia,West Indies
India,West Indies,India,West Indies,16 runs,Kuala Lumpur,9/20/2006,ODI # 2419,2419,Indonesia,West Indies
Australia,West Indies,Australia,West Indies,127 runs,Kuala Lumpur,9/24/2006,ODI # 2422,2422,Indonesia,West Indies
West Indies,Zimbabwe,West Indies,Zimbabwe,9 wickets,Ahmedabad,10/8/2006,ODI # 2424,2424,India,West Indies
Bangladesh,West Indies,West Indies,Bangladesh,10 wickets,Jaipur,10/11/2006,ODI # 2426,2426,India,West Indies
Sri Lanka,West Indies,Sri Lanka,West Indies,9 wickets,Brabourne,10/14/2006,ODI # 2428,2428,India,West Indies
Australia,West Indies,West Indies,Australia,10 runs,Brabourne,10/18/2006,ODI # 2432,2432,India,West Indies
India,West Indies,West Indies,India,3 wickets,Ahmedabad,10/26/2006,ODI # 2437,2437,India,West Indies
England,West Indies,England,West Indies,3 wickets,Ahmedabad,10/28/2006,ODI # 2439,2439,India,West Indies
South Africa,West Indies,West Indies,South Africa,6 wickets,Jaipur,11/2/2006,ODI # 2442,2442,India,West Indies
Australia,West Indies,Australia,West Indies,8 wickets,Brabourne,11/5/2006,ODI # 2443,2443,India,West Indies
Pakistan,West Indies,Pakistan,West Indies,2 wickets,Faisalabad,12/7/2006,ODI # 2460,2460,Pakistan,West Indies
Pakistan,West Indies,Pakistan,West Indies,7 wickets,Lahore,12/10/2006,ODI # 2463,2463,Pakistan,West Indies
Pakistan,West Indies,West Indies,Pakistan,7 wickets,Multan,12/13/2006,ODI # 2464,2464,Pakistan,West Indies
Pakistan,West Indies,Pakistan,West Indies,7 wickets,Karachi,12/16/2006,ODI # 2466,2466,Pakistan,West Indies
India,West Indies,India,West Indies,14 runs,Nagpur,1/21/2007,ODI # 2480,2480,India,West Indies
India,West Indies,India,West Indies,20 runs,Cuttack,1/24/2007,ODI # 2485,2485,India,West Indies
India,West Indies,West Indies,India,3 wickets,Chennai,1/27/2007,ODI # 2487,2487,India,West Indies
India,West Indies,India,West Indies,160 runs,Vadodara,1/31/2007,ODI # 2493,2493,India,West Indies
West Indies,Pakistan,West Indies,Pakistan,54 runs,Kingston,3/13/2007,ODI # 2531,2531,West Indies,West Indies
West Indies,Zimbabwe,West Indies,Zimbabwe,6 wickets,Kingston,3/19/2007,ODI # 2543,2543,West Indies,West Indies
West Indies,Ireland,West Indies,Ireland,8 wickets,Kingston,3/23/2007,ODI # 2551,2551,West Indies,West Indies
West Indies,Australia,Australia,West Indies,103 runs,North Sound,3/27/2007,ODI # 2555,2555,West Indies,West Indies
West Indies,New Zealand,New Zealand,West Indies,7 wickets,North Sound,3/29/2007,ODI # 2557,2557,West Indies,West Indies
West Indies,Sri Lanka,Sri Lanka,West Indies,113 runs,Providence,4/1/2007,ODI # 2560,2560,West Indies,West Indies
West Indies,South Africa,South Africa,West Indies,67 runs,St George's,4/10/2007,ODI # 2567,2567,West Indies,West Indies
West Indies,Bangladesh,West Indies,Bangladesh,99 runs,Bridgetown,4/19/2007,ODI # 2576,2576,West Indies,West Indies
West Indies,England,England,West Indies,1 wicket,Bridgetown,4/21/2007,ODI # 2578,2578,West Indies,West Indies
England,West Indies,England,West Indies,79 runs,Lord's,7/1/2007,ODI # 2594,2594,England,West Indies
England,West Indies,West Indies,England,61 runs,Birmingham,7/4/2007,ODI # 2597,2597,England,West Indies
England,West Indies,West Indies,England,93 runs,Nottingham,7/7/2007,ODI # 2598,2598,England,West Indies
Netherlands,West Indies,West Indies,Netherlands,10 wickets,Dublin,7/10/2007,ODI # 2599,2599,Ireland,West Indies
Scotland,West Indies,West Indies,Scotland,4 wickets,Dublin,7/12/2007,ODI # 2601,2601,Ireland,West Indies
Ireland,West Indies,no result,Ireland,,Dublin,7/14/2007,ODI # 2603,2603,Ireland,West Indies
Zimbabwe,West Indies,Zimbabwe,West Indies,30 runs,Harare,11/30/2007,ODI # 2649,2649,Zimbabwe,West Indies
Zimbabwe,West Indies,West Indies,Zimbabwe,110 runs,Harare,12/2/2007,ODI # 2651,2651,Zimbabwe,West Indies
Zimbabwe,West Indies,West Indies,Zimbabwe,6 wickets,Harare,12/4/2007,ODI # 2653,2653,Zimbabwe,West Indies
Zimbabwe,West Indies,West Indies,Zimbabwe,5 wickets,Bulawayo,12/7/2007,ODI # 2654,2654,Zimbabwe,West Indies
South Africa,West Indies,South Africa,West Indies,6 wickets,Centurion,1/20/2008,ODI # 2661,2661,South Africa,West Indies
South Africa,West Indies,South Africa,West Indies,86 runs,Cape Town,1/25/2008,ODI # 2664,2664,South Africa,West Indies
South Africa,West Indies,South Africa,West Indies,7 wickets,Gqeberha,1/27/2008,ODI # 2666,2666,South Africa,West Indies
South Africa,West Indies,South Africa,West Indies,5 wickets,Durban,2/1/2008,ODI # 2668,2668,South Africa,West Indies
South Africa,West Indies,South Africa,West Indies,8 wickets,Johannesburg,2/3/2008,ODI # 2671,2671,South Africa,West Indies
West Indies,Sri Lanka,West Indies,Sri Lanka,1 wicket,Port of Spain,4/10/2008,ODI # 2697,2697,West Indies,West Indies
West Indies,Sri Lanka,West Indies,Sri Lanka,7 wickets,Port of Spain,4/12/2008,ODI # 2699,2699,West Indies,West Indies
West Indies,Sri Lanka,no result,West Indies,,Gros Islet,4/15/2008,ODI # 2701,2701,West Indies,West Indies
West Indies,Australia,Australia,West Indies,84 runs,Kingstown,6/24/2008,ODI # 2713,2713,West Indies,West Indies
West Indies,Australia,Australia,West Indies,63 runs,St George's,6/27/2008,ODI # 2719,2719,West Indies,West Indies
West Indies,Australia,Australia,West Indies,7 wickets,St George's,6/29/2008,ODI # 2724,2724,West Indies,West Indies
West Indies,Australia,Australia,West Indies,1 run,Basseterre,7/4/2008,ODI # 2734,2734,West Indies,West Indies
West Indies,Australia,Australia,West Indies,169 runs,Basseterre,7/6/2008,ODI # 2736,2736,West Indies,West Indies
Bermuda,West Indies,West Indies,Bermuda,6 wickets,King City (NW),8/20/2008,ODI # 2746,2746,Canada,West Indies
Canada,West Indies,West Indies,Canada,49 runs,King City (NW),8/22/2008,ODI # 2749,2749,Canada,West Indies
Canada,West Indies,West Indies,Canada,7 wickets,King City (NW),8/24/2008,ODI # 2752,2752,Canada,West Indies
Pakistan,West Indies,Pakistan,West Indies,4 wickets,Abu Dhabi,11/12/2008,ODI # 2773,2773,United Arab Emirates,West Indies
Pakistan,West Indies,Pakistan,West Indies,24 runs,Abu Dhabi,11/14/2008,ODI # 2775,2775,United Arab Emirates,West Indies
Pakistan,West Indies,Pakistan,West Indies,31 runs,Abu Dhabi,11/16/2008,ODI # 2776,2776,United Arab Emirates,West Indies
New Zealand,West Indies,no result,New Zealand,,Queenstown,12/31/2008,ODI # 2786,2786,New Zealand,West Indies
New Zealand,West Indies,West Indies,New Zealand,5 wickets,Christchurch,1/3/2009,ODI # 2787,2787,New Zealand,West Indies
New Zealand,West Indies,New Zealand,West Indies,7 wickets,Wellington,1/7/2009,ODI # 2788,2788,New Zealand,West Indies
New Zealand,West Indies,no result,New Zealand,,Auckland,1/10/2009,ODI # 2789,2789,New Zealand,West Indies
New Zealand,West Indies,New Zealand,West Indies,9 runs,Napier,1/13/2009,ODI # 2792,2792,New Zealand,West Indies
West Indies,England,England,West Indies,1 run,Providence,3/20/2009,ODI # 2826,2826,West Indies,West Indies
West Indies,England,West Indies,England,21 runs,Providence,3/22/2009,ODI # 2827,2827,West Indies,West Indies
West Indies,England,West Indies,England,8 wickets,Bridgetown,3/27/2009,ODI # 2828,2828,West Indies,West Indies
West Indies,England,England,West Indies,9 wickets,Bridgetown,3/29/2009,ODI # 2829,2829,West Indies,West Indies
West Indies,England,England,West Indies,26 runs,Gros Islet,4/3/2009,ODI # 2833,2833,West Indies,West Indies
England,West Indies,England,West Indies,6 wickets,Bristol,5/24/2009,ODI # 2850,2850,England,West Indies
England,West Indies,England,West Indies,58 runs,Birmingham,5/26/2009,ODI # 2851,2851,England,West Indies
West Indies,India,India,West Indies,20 runs,Kingston,6/26/2009,ODI # 2852,2852,West Indies,West Indies
West Indies,India,West Indies,India,8 wickets,Kingston,6/28/2009,ODI # 2853,2853,West Indies,West Indies
West Indies,India,India,West Indies,6 wickets,Gros Islet,7/3/2009,ODI # 2854,2854,West Indies,West Indies
West Indies,India,no result,West Indies,,Gros Islet,7/5/2009,ODI # 2855,2855,West Indies,West Indies
West Indies,Bangladesh,Bangladesh,West Indies,52 runs,Roseau,7/26/2009,ODI # 2862,2862,West Indies,West Indies
West Indies,Bangladesh,Bangladesh,West Indies,3 wickets,Roseau,7/28/2009,ODI # 2863,2863,West Indies,West Indies
West Indies,Bangladesh,Bangladesh,West Indies,3 wickets,Basseterre,7/31/2009,ODI # 2865,2865,West Indies,West Indies
Pakistan,West Indies,Pakistan,West Indies,5 wickets,Johannesburg,9/23/2009,ODI # 2894,2894,South Africa,West Indies
Australia,West Indies,Australia,West Indies,50 runs,Johannesburg,9/26/2009,ODI # 2897,2897,South Africa,West Indies
India,West Indies,India,West Indies,7 wickets,Johannesburg,9/30/2009,ODI # 2904,2904,South Africa,West Indies
Australia,West Indies,Australia,West Indies,113 runs,Melbourne,2/7/2010,ODI # 2950,2950,Australia,West Indies
Australia,West Indies,Australia,West Indies,8 wickets,Adelaide,2/9/2010,ODI # 2952,2952,Australia,West Indies
Australia,West Indies,no result,Australia,,Sydney,2/12/2010,ODI # 2954,2954,Australia,West Indies
Australia,West Indies,Australia,West Indies,50 runs,Brisbane,2/14/2010,ODI # 2955,2955,Australia,West Indies
Australia,West Indies,Australia,West Indies,125 runs,Melbourne,2/19/2010,ODI # 2960,2960,Australia,West Indies
West Indies,Zimbabwe,Zimbabwe,West Indies,2 runs,Providence,3/4/2010,ODI # 2967,2967,West Indies,West Indies
West Indies,Zimbabwe,West Indies,Zimbabwe,4 wickets,Providence,3/6/2010,ODI # 2970,2970,West Indies,West Indies
West Indies,Zimbabwe,West Indies,Zimbabwe,141 runs,Kingstown,3/10/2010,ODI # 2972,2972,West Indies,West Indies
West Indies,Zimbabwe,West Indies,Zimbabwe,4 wickets,Kingstown,3/12/2010,ODI # 2974,2974,West Indies,West Indies
West Indies,Zimbabwe,West Indies,Zimbabwe,4 wickets,Kingstown,3/14/2010,ODI # 2976,2976,West Indies,West Indies
West Indies,Canada,West Indies,Canada,208 runs,Kingston,4/13/2010,ODI # 2977,2977,West Indies,West Indies
West Indies,Ireland,West Indies,Ireland,6 wickets,Kingston,4/15/2010,ODI # 2978,2978,West Indies,West Indies
West Indies,South Africa,South Africa,West Indies,66 runs,North Sound,5/22/2010,ODI # 2979,2979,West Indies,West Indies
West Indies,South Africa,South Africa,West Indies,17 runs,North Sound,5/24/2010,ODI # 2980,2980,West Indies,West Indies
West Indies,South Africa,South Africa,West Indies,67 runs,Roseau,5/28/2010,ODI # 2982,2982,West Indies,West Indies
West Indies,South Africa,South Africa,West Indies,7 wickets,Roseau,5/30/2010,ODI # 2984,2984,West Indies,West Indies
West Indies,South Africa,South Africa,West Indies,1 wicket,Port of Spain,6/3/2010,ODI # 2987,2987,West Indies,West Indies
Sri Lanka,West Indies,no result,Sri Lanka,,Colombo (SSC),1/31/2011,ODI # 3092,3092,Sri Lanka,West Indies
Sri Lanka,West Indies,Sri Lanka,West Indies,8 wickets,Colombo (SSC),2/3/2011,ODI # 3096,3096,Sri Lanka,West Indies
Sri Lanka,West Indies,Sri Lanka,West Indies,26 runs,Colombo (SSC),2/6/2011,ODI # 3099,3099,Sri Lanka,West Indies
South Africa,West Indies,South Africa,West Indies,7 wickets,Delhi,2/24/2011,ODI # 3106,3106,India,West Indies
Netherlands,West Indies,West Indies,Netherlands,215 runs,Delhi,2/28/2011,ODI # 3112,3112,India,West Indies
Bangladesh,West Indies,West Indies,Bangladesh,9 wickets,Mirpur,3/4/2011,ODI # 3118,3118,Bangladesh,West Indies
Ireland,West Indies,West Indies,Ireland,44 runs,Mohali,3/11/2011,ODI # 3126,3126,India,West Indies
England,West Indies,England,West Indies,18 runs,Chennai,3/17/2011,ODI # 3135,3135,India,West Indies
India,West Indies,India,West Indies,80 runs,Chennai,3/20/2011,ODI # 3141,3141,India,West Indies
Pakistan,West Indies,Pakistan,West Indies,10 wickets,Mirpur,3/23/2011,ODI # 3142,3142,Bangladesh,West Indies
West Indies,Pakistan,Pakistan,West Indies,8 wickets,Gros Islet,4/23/2011,ODI # 3152,3152,West Indies,West Indies
West Indies,Pakistan,Pakistan,West Indies,7 wickets,Gros Islet,4/25/2011,ODI # 3153,3153,West Indies,West Indies
West Indies,Pakistan,Pakistan,West Indies,3 wickets,Bridgetown,4/28/2011,ODI # 3154,3154,West Indies,West Indies
West Indies,Pakistan,West Indies,Pakistan,1 run,Bridgetown,5/2/2011,ODI # 3155,3155,West Indies,West Indies
West Indies,Pakistan,West Indies,Pakistan,10 wickets,Providence,5/5/2011,ODI # 3156,3156,West Indies,West Indies
West Indies,India,India,West Indies,4 wickets,Port of Spain,6/6/2011,ODI # 3159,3159,West Indies,West Indies
West Indies,India,India,West Indies,7 wickets,Port of Spain,6/8/2011,ODI # 3160,3160,West Indies,West Indies
West Indies,India,India,West Indies,3 wickets,North Sound,6/11/2011,ODI # 3161,3161,West Indies,West Indies
West Indies,India,West Indies,India,103 runs,North Sound,6/13/2011,ODI # 3162,3162,West Indies,West Indies
West Indies,India,West Indies,India,7 wickets,Kingston,6/16/2011,ODI # 3163,3163,West Indies,West Indies
Bangladesh,West Indies,West Indies,Bangladesh,40 runs,Mirpur,10/13/2011,ODI # 3198,3198,Bangladesh,West Indies
Bangladesh,West Indies,West Indies,Bangladesh,8 wickets,Mirpur,10/15/2011,ODI # 3200,3200,Bangladesh,West Indies
Bangladesh,West Indies,Bangladesh,West Indies,8 wickets,Chattogram,10/18/2011,ODI # 3202,3202,Bangladesh,West Indies
India,West Indies,India,West Indies,1 wicket,Cuttack,11/29/2011,ODI # 3217,3217,India,West Indies
India,West Indies,India,West Indies,5 wickets,Visakhapatnam,12/2/2011,ODI # 3219,3219,India,West Indies
India,West Indies,West Indies,India,16 runs,Ahmedabad,12/5/2011,ODI # 3221,3221,India,West Indies
India,West Indies,India,West Indies,153 runs,Indore,12/8/2011,ODI # 3223,3223,India,West Indies
India,West Indies,India,West Indies,34 runs,Chennai,12/11/2011,ODI # 3224,3224,India,West Indies
West Indies,Australia,Australia,West Indies,64 runs,Kingstown,3/16/2012,ODI # 3262,3262,West Indies,West Indies
West Indies,Australia,West Indies,Australia,5 wickets,Kingstown,3/18/2012,ODI # 3264,3264,West Indies,West Indies
West Indies,Australia,tied,West Indies,,Kingstown,3/20/2012,ODI # 3266,3266,West Indies,West Indies
West Indies,Australia,West Indies,Australia,42 runs,Gros Islet,3/23/2012,ODI # 3268,3268,West Indies,West Indies
West Indies,Australia,Australia,West Indies,30 runs,Gros Islet,3/25/2012,ODI # 3269,3269,West Indies,West Indies
England,West Indies,England,West Indies,114 runs,Southampton,6/16/2012,ODI # 3276,3276,England,West Indies
England,West Indies,England,West Indies,8 wickets,The Oval,6/19/2012,ODI # 3278,3278,England,West Indies
West Indies,New Zealand,West Indies,New Zealand,9 wickets,Kingston,7/5/2012,ODI # 3283,3283,West Indies,West Indies
West Indies,New Zealand,West Indies,New Zealand,55 runs,Kingston,7/7/2012,ODI # 3285,3285,West Indies,West Indies
West Indies,New Zealand,New Zealand,West Indies,88 runs,Basseterre,7/11/2012,ODI # 3288,3288,West Indies,West Indies
West Indies,New Zealand,West Indies,New Zealand,24 runs,Basseterre,7/14/2012,ODI # 3289,3289,West Indies,West Indies
West Indies,New Zealand,West Indies,New Zealand,20 runs,Basseterre,7/16/2012,ODI # 3290,3290,West Indies,West Indies
Bangladesh,West Indies,Bangladesh,West Indies,7 wickets,Khulna,11/30/2012,ODI # 3309,3309,Bangladesh,West Indies
Bangladesh,West Indies,Bangladesh,West Indies,160 runs,Khulna,12/2/2012,ODI # 3310,3310,Bangladesh,West Indies
Bangladesh,West Indies,West Indies,Bangladesh,4 wickets,Mirpur,12/5/2012,ODI # 3311,3311,Bangladesh,West Indies
Bangladesh,West Indies,West Indies,Bangladesh,75 runs,Mirpur,12/7/2012,ODI # 3312,3312,Bangladesh,West Indies
Bangladesh,West Indies,Bangladesh,West Indies,2 wickets,Mirpur,12/8/2012,ODI # 3313,3313,Bangladesh,West Indies
Australia,West Indies,Australia,West Indies,9 wickets,Perth,2/1/2013,ODI # 3330,3330,Australia,West Indies
Australia,West Indies,Australia,West Indies,54 runs,Perth,2/3/2013,ODI # 3331,3331,Australia,West Indies
Australia,West Indies,Australia,West Indies,39 runs,Canberra,2/6/2013,ODI # 3332,3332,Australia,West Indies
Australia,West Indies,Australia,West Indies,5 wickets,Sydney,2/8/2013,ODI # 3333,3333,Australia,West Indies
Australia,West Indies,Australia,West Indies,17 runs,Melbourne,2/10/2013,ODI # 3334,3334,Australia,West Indies
West Indies,Zimbabwe,West Indies,Zimbabwe,156 runs,St George's,2/22/2013,ODI # 3337,3337,West Indies,West Indies
West Indies,Zimbabwe,West Indies,Zimbabwe,7 wickets,St George's,2/24/2013,ODI # 3339,3339,West Indies,West Indies
West Indies,Zimbabwe,West Indies,Zimbabwe,5 wickets,St George's,2/26/2013,ODI # 3340,3340,West Indies,West Indies
Pakistan,West Indies,West Indies,Pakistan,2 wickets,The Oval,6/7/2013,ODI # 3364,3364,England,West Indies
India,West Indies,India,West Indies,8 wickets,The Oval,6/11/2013,ODI # 3368,3368,England,West Indies
South Africa,West Indies,tied,South Africa,,Cardiff,6/14/2013,ODI # 3371,3371,Wales,West Indies
West Indies,Sri Lanka,West Indies,Sri Lanka,6 wickets,Kingston,6/28/2013,ODI # 3378,3378,West Indies,West Indies
West Indies,India,West Indies,India,1 wicket,Kingston,6/30/2013,ODI # 3380,3380,West Indies,West Indies
West Indies,India,India,West Indies,102 runs,Port of Spain,7/5/2013,ODI # 3383,3383,West Indies,West Indies
West Indies,Sri Lanka,Sri Lanka,West Indies,39 runs,Port of Spain,7/7/2013,ODI # 3385,3385,West Indies,West Indies
West Indies,Pakistan,Pakistan,West Indies,126 runs,Providence,7/14/2013,ODI # 3389,3389,West Indies,West Indies
West Indies,Pakistan,West Indies,Pakistan,37 runs,Providence,7/16/2013,ODI # 3390,3390,West Indies,West Indies
West Indies,Pakistan,tied,West Indies,,Gros Islet,7/19/2013,ODI # 3391,3391,West Indies,West Indies
West Indies,Pakistan,Pakistan,West Indies,6 wickets,Gros Islet,7/21/2013,ODI # 3393,3393,West Indies,West Indies
West Indies,Pakistan,Pakistan,West Indies,4 wickets,Gros Islet,7/24/2013,ODI # 3396,3396,West Indies,West Indies
India,West Indies,India,West Indies,6 wickets,Kochi,11/21/2013,ODI # 3436,3436,India,West Indies
India,West Indies,West Indies,India,2 wickets,Visakhapatnam,11/24/2013,ODI # 3437,3437,India,West Indies
India,West Indies,India,West Indies,5 wickets,Kanpur,11/27/2013,ODI # 3439,3439,India,West Indies
New Zealand,West Indies,West Indies,New Zealand,2 wickets,Auckland,12/26/2013,ODI # 3449,3449,New Zealand,West Indies
New Zealand,West Indies,New Zealand,West Indies,159 runs,Queenstown,1/1/2014,ODI # 3451,3451,New Zealand,West Indies
New Zealand,West Indies,New Zealand,West Indies,58 runs,Nelson,1/4/2014,ODI # 3452,3452,New Zealand,West Indies
New Zealand,West Indies,West Indies,New Zealand,203 runs,Hamilton,1/8/2014,ODI # 3453,3453,New Zealand,West Indies
West Indies,Ireland,West Indies,Ireland,4 wickets,Kingston,2/23/2014,ODI # 3472,3472,West Indies,West Indies
West Indies,England,West Indies,England,15 runs,North Sound,2/28/2014,ODI # 3477,3477,West Indies,West Indies
West Indies,England,England,West Indies,3 wickets,North Sound,3/2/2014,ODI # 3480,3480,West Indies,West Indies
West Indies,England,England,West Indies,25 runs,North Sound,3/5/2014,ODI # 3484,3484,West Indies,West Indies
West Indies,Bangladesh,West Indies,Bangladesh,3 wickets,St George's,8/20/2014,ODI # 3509,3509,West Indies,West Indies
West Indies,Bangladesh,West Indies,Bangladesh,177 runs,St George's,8/22/2014,ODI # 3511,3511,West Indies,West Indies
West Indies,Bangladesh,West Indies,Bangladesh,91 runs,Basseterre,8/25/2014,ODI # 3514,3514,West Indies,West Indies
India,West Indies,West Indies,India,124 runs,Kochi,10/8/2014,ODI # 3531,3531,India,West Indies
India,West Indies,India,West Indies,48 runs,Delhi,10/11/2014,ODI # 3533,3533,India,West Indies
India,West Indies,India,West Indies,59 runs,Dharamsala,10/17/2014,ODI # 3535,3535,India,West Indies
South Africa,West Indies,South Africa,West Indies,61 runs,Durban,1/16/2015,ODI # 3579,3579,South Africa,West Indies
South Africa,West Indies,South Africa,West Indies,148 runs,Johannesburg,1/18/2015,ODI # 3583,3583,South Africa,West Indies
South Africa,West Indies,South Africa,West Indies,9 wickets,East London,1/21/2015,ODI # 3587,3587,South Africa,West Indies
South Africa,West Indies,West Indies,South Africa,1 wicket,Gqeberha,1/25/2015,ODI # 3591,3591,South Africa,West Indies
South Africa,West Indies,South Africa,West Indies,131 runs,Centurion,1/28/2015,ODI # 3593,3593,South Africa,West Indies
Ireland,West Indies,Ireland,West Indies,4 wickets,Nelson,2/16/2015,ODI # 3603,3603,New Zealand,West Indies
Pakistan,West Indies,West Indies,Pakistan,150 runs,Christchurch,2/21/2015,ODI # 3608,3608,New Zealand,West Indies
West Indies,Zimbabwe,West Indies,Zimbabwe,73 runs,Canberra,2/24/2015,ODI # 3612,3612,Australia,West Indies
South Africa,West Indies,South Africa,West Indies,257 runs,Sydney,2/27/2015,ODI # 3616,3616,Australia,West Indies
India,West Indies,India,West Indies,4 wickets,Perth,3/6/2015,ODI # 3625,3625,Australia,West Indies
U.A.E.,West Indies,West Indies,U.A.E.,6 wickets,Napier,3/15/2015,ODI # 3638,3638,New Zealand,West Indies
New Zealand,West Indies,New Zealand,West Indies,143 runs,Wellington,3/21/2015,ODI # 3643,3643,New Zealand,West Indies
Sri Lanka,West Indies,Sri Lanka,West Indies,1 wicket,Colombo (RPS),11/1/2015,ODI # 3701,3701,Sri Lanka,West Indies
Sri Lanka,West Indies,Sri Lanka,West Indies,8 wickets,Colombo (RPS),11/4/2015,ODI # 3702,3702,Sri Lanka,West Indies
Sri Lanka,West Indies,Sri Lanka,West Indies,19 runs,Pallekele,11/7/2015,ODI # 3704,3704,Sri Lanka,West Indies
West Indies,South Africa,West Indies,South Africa,4 wickets,Providence,6/3/2016,ODI # 3739,3739,West Indies,West Indies
West Indies,Australia,Australia,West Indies,6 wickets,Providence,6/5/2016,ODI # 3740,3740,West Indies,West Indies
West Indies,Australia,West Indies,Australia,4 wickets,Basseterre,6/13/2016,ODI # 3745,3745,West Indies,West Indies
West Indies,South Africa,South Africa,West Indies,139 runs,Basseterre,6/15/2016,ODI # 3747,3747,West Indies,West Indies
West Indies,Australia,Australia,West Indies,6 wickets,Bridgetown,6/21/2016,ODI # 3752,3752,West Indies,West Indies
West Indies,South Africa,West Indies,South Africa,100 runs,Bridgetown,6/24/2016,ODI # 3754,3754,West Indies,West Indies
West Indies,Australia,Australia,West Indies,58 runs,Bridgetown,6/26/2016,ODI # 3756,3756,West Indies,West Indies
Pakistan,West Indies,Pakistan,West Indies,111 runs,Sharjah,9/30/2016,ODI # 3784,3784,United Arab Emirates,West Indies
Pakistan,West Indies,Pakistan,West Indies,59 runs,Sharjah,10/2/2016,ODI # 3788,3788,United Arab Emirates,West Indies
Pakistan,West Indies,Pakistan,West Indies,136 runs,Abu Dhabi,10/5/2016,ODI # 3789,3789,United Arab Emirates,West Indies
Sri Lanka,West Indies,West Indies,Sri Lanka,62 runs,Harare,11/16/2016,ODI # 3805,3805,Zimbabwe,West Indies
Zimbabwe,West Indies,tied,Zimbabwe,,Bulawayo,11/19/2016,ODI # 3806,3806,Zimbabwe,West Indies
Sri Lanka,West Indies,Sri Lanka,West Indies,1 run,Bulawayo,11/23/2016,ODI # 3808,3808,Zimbabwe,West Indies
Zimbabwe,West Indies,Zimbabwe,West Indies,5 runs,Bulawayo,11/25/2016,ODI # 3809,3809,Zimbabwe,West Indies
West Indies,England,England,West Indies,45 runs,North Sound,3/3/2017,ODI # 3845,3845,West Indies,West Indies
West Indies,England,England,West Indies,4 wickets,North Sound,3/5/2017,ODI # 3848,3848,West Indies,West Indies
West Indies,England,England,West Indies,186 runs,Bridgetown,3/9/2017,ODI # 3849,3849,West Indies,West Indies
West Indies,Pakistan,West Indies,Pakistan,4 wickets,Providence,4/7/2017,ODI # 3861,3861,West Indies,West Indies
West Indies,Pakistan,Pakistan,West Indies,74 runs,Providence,4/9/2017,ODI # 3862,3862,West Indies,West Indies
West Indies,Pakistan,Pakistan,West Indies,6 wickets,Providence,4/11/2017,ODI # 3863,3863,West Indies,West Indies
West Indies,Afghanistan,Afghanistan,West Indies,63 runs,Gros Islet,6/9/2017,ODI # 3884,3884,West Indies,West Indies
West Indies,Afghanistan,West Indies,Afghanistan,4 wickets,Gros Islet,6/11/2017,ODI # 3887,3887,West Indies,West Indies
West Indies,Afghanistan,no result,West Indies,,Gros Islet,6/14/2017,ODI # 3890,3890,West Indies,West Indies
West Indies,India,no result,West Indies,,Port of Spain,6/23/2017,ODI # 3895,3895,West Indies,West Indies
West Indies,India,India,West Indies,105 runs,Port of Spain,6/25/2017,ODI # 3896,3896,West Indies,West Indies
West Indies,India,India,West Indies,93 runs,North Sound,6/30/2017,ODI # 3898,3898,West Indies,West Indies
West Indies,India,West Indies,India,11 runs,North Sound,7/2/2017,ODI # 3900,3900,West Indies,West Indies
West Indies,India,India,West Indies,8 wickets,Kingston,7/6/2017,ODI # 3902,3902,West Indies,West Indies
England,West Indies,England,West Indies,7 wickets,Manchester,9/19/2017,ODI # 3911,3911,England,West Indies
England,West Indies,no result,England,,Nottingham,9/21/2017,ODI # 3913,3913,England,West Indies
England,West Indies,England,West Indies,124 runs,Bristol,9/24/2017,ODI # 3915,3915,England,West Indies
England,West Indies,England,West Indies,6 runs,The Oval,9/27/2017,ODI # 3916,3916,England,West Indies
England,West Indies,England,West Indies,9 wickets,Southampton,9/29/2017,ODI # 3918,3918,England,West Indies
New Zealand,West Indies,New Zealand,West Indies,5 wickets,Whangarei,12/20/2017,ODI # 3943,3943,New Zealand,West Indies
New Zealand,West Indies,New Zealand,West Indies,204 runs,Christchurch,12/23/2017,ODI # 3944,3944,New Zealand,West Indies
New Zealand,West Indies,New Zealand,West Indies,66 runs,Christchurch,12/26/2017,ODI # 3945,3945,New Zealand,West Indies
U.A.E.,West Indies,West Indies,U.A.E.,60 runs,Harare,3/6/2018,ODI # 3987,3987,Zimbabwe,West Indies
P.N.G.,West Indies,West Indies,P.N.G.,6 wickets,Harare,3/8/2018,ODI # 3991,3991,Zimbabwe,West Indies
Ireland,West Indies,West Indies,Ireland,52 runs,Harare,3/10/2018,ODI # 3993,3993,Zimbabwe,West Indies
Afghanistan,West Indies,Afghanistan,West Indies,3 wickets,Harare,3/15/2018,ODI # 3997,3997,Zimbabwe,West Indies
Zimbabwe,West Indies,West Indies,Zimbabwe,4 wickets,Harare,3/19/2018,ODI # 4002,4002,Zimbabwe,West Indies
Scotland,West Indies,West Indies,Scotland,5 runs,Harare,3/21/2018,ODI # 4004,4004,Zimbabwe,West Indies
Afghanistan,West Indies,Afghanistan,West Indies,7 wickets,Harare,3/25/2018,ODI # 4007,4007,Zimbabwe,West Indies
West Indies,Bangladesh,Bangladesh,West Indies,48 runs,Providence,7/22/2018,ODI # 4022,4022,West Indies,West Indies
West Indies,Bangladesh,West Indies,Bangladesh,3 runs,Providence,7/25/2018,ODI # 4023,4023,West Indies,West Indies
West Indies,Bangladesh,Bangladesh,West Indies,18 runs,Basseterre,7/28/2018,ODI # 4024,4024,West Indies,West Indies
India,West Indies,India,West Indies,8 wickets,Guwahati,10/21/2018,ODI # 4056,4056,India,West Indies
India,West Indies,tied,India,,Visakhapatnam,10/24/2018,ODI # 4059,4059,India,West Indies
India,West Indies,West Indies,India,43 runs,Pune,10/27/2018,ODI # 4062,4062,India,West Indies
India,West Indies,India,West Indies,224 runs,Brabourne,10/29/2018,ODI # 4063,4063,India,West Indies
India,West Indies,India,West Indies,9 wickets,Thiruvananthapuram,11/1/2018,ODI # 4064,4064,India,West Indies
Bangladesh,West Indies,Bangladesh,West Indies,5 wickets,Mirpur,12/9/2018,ODI # 4071,4071,Bangladesh,West Indies
Bangladesh,West Indies,West Indies,Bangladesh,4 wickets,Mirpur,12/11/2018,ODI # 4072,4072,Bangladesh,West Indies
Bangladesh,West Indies,Bangladesh,West Indies,8 wickets,Sylhet,12/14/2018,ODI # 4073,4073,Bangladesh,West Indies
West Indies,England,England,West Indies,6 wickets,Bridgetown,2/20/2019,ODI # 4096,4096,West Indies,West Indies
West Indies,England,West Indies,England,26 runs,Bridgetown,2/22/2019,ODI # 4097,4097,West Indies,West Indies
West Indies,England,no result,West Indies,,St George's,2/25/2019,ODI # 4098,4098,West Indies,West Indies
West Indies,England,England,West Indies,29 runs,St George's,2/27/2019,ODI # 4099,4099,West Indies,West Indies
West Indies,England,West Indies,England,7 wickets,Gros Islet,3/2/2019,ODI # 4103,4103,West Indies,West Indies
Ireland,West Indies,West Indies,Ireland,196 runs,Dublin,5/5/2019,ODI # 4128,4128,Ireland,West Indies
Bangladesh,West Indies,Bangladesh,West Indies,8 wickets,Dublin,5/7/2019,ODI # 4129,4129,Ireland,West Indies
Ireland,West Indies,West Indies,Ireland,5 wickets,Dublin (Malahide),5/11/2019,ODI # 4132,4132,Ireland,West Indies
Bangladesh,West Indies,Bangladesh,West Indies,5 wickets,Dublin (Malahide),5/13/2019,ODI # 4134,4134,Ireland,West Indies
Bangladesh,West Indies,Bangladesh,West Indies,5 wickets,Dublin (Malahide),5/17/2019,ODI # 4137,4137,Ireland,West Indies
Pakistan,West Indies,West Indies,Pakistan,7 wickets,Nottingham,5/31/2019,ODI # 4144,4144,England,West Indies
Australia,West Indies,Australia,West Indies,15 runs,Nottingham,6/6/2019,ODI # 4152,4152,England,West Indies
South Africa,West Indies,no result,South Africa,,Southampton,6/10/2019,ODI # 4156,4156,England,West Indies
England,West Indies,England,West Indies,8 wickets,Southampton,6/14/2019,ODI # 4158,4158,England,West Indies
Bangladesh,West Indies,Bangladesh,West Indies,7 wickets,Taunton,6/17/2019,ODI # 4162,4162,England,West Indies
New Zealand,West Indies,New Zealand,West Indies,5 runs,Manchester,6/22/2019,ODI # 4170,4170,England,West Indies
India,West Indies,India,West Indies,125 runs,Manchester,6/27/2019,ODI # 4175,4175,England,West Indies
Sri Lanka,West Indies,Sri Lanka,West Indies,23 runs,Chester-le-Street,7/1/2019,ODI # 4180,4180,England,West Indies
Afghanistan,West Indies,West Indies,Afghanistan,23 runs,Leeds,7/4/2019,ODI # 4184,4184,England,West Indies
West Indies,India,no result,West Indies,,Providence,8/8/2019,ODI # 4196,4196,West Indies,West Indies
West Indies,India,India,West Indies,59 runs,Port of Spain,8/11/2019,ODI # 4197,4197,West Indies,West Indies
West Indies,India,India,West Indies,6 wickets,Port of Spain,8/14/2019,ODI # 4199,4199,West Indies,West Indies
Afghanistan,West Indies,West Indies,Afghanistan,7 wickets,Lucknow,11/6/2019,ODI # 4213,4213,India,West Indies
Afghanistan,West Indies,West Indies,Afghanistan,47 runs,Lucknow,11/9/2019,ODI # 4214,4214,India,West Indies
Afghanistan,West Indies,West Indies,Afghanistan,5 wickets,Lucknow,11/11/2019,ODI # 4215,4215,India,West Indies
India,West Indies,West Indies,India,8 wickets,Chennai,12/15/2019,ODI # 4221,4221,India,West Indies
India,West Indies,India,West Indies,107 runs,Visakhapatnam,12/18/2019,ODI # 4222,4222,India,West Indies
India,West Indies,India,West Indies,4 wickets,Cuttack,12/22/2019,ODI # 4223,4223,India,West Indies
West Indies,Ireland,West Indies,Ireland,5 wickets,Bridgetown,1/7/2020,ODI # 4226,4226,West Indies,West Indies
West Indies,Ireland,West Indies,Ireland,1 wicket,Bridgetown,1/9/2020,ODI # 4229,4229,West Indies,West Indies
West Indies,Ireland,West Indies,Ireland,5 wickets,St George's,1/12/2020,ODI # 4230,4230,West Indies,West Indies
Sri Lanka,West Indies,Sri Lanka,West Indies,1 wicket,Colombo (SSC),2/22/2020,ODI # 4246,4246,Sri Lanka,West Indies
Sri Lanka,West Indies,Sri Lanka,West Indies,161 runs,Hambantota,2/26/2020,ODI # 4247,4247,Sri Lanka,West Indies
Sri Lanka,West Indies,Sri Lanka,West Indies,6 runs,Pallekele,3/1/2020,ODI # 4250,4250,Sri Lanka,West Indies
Bangladesh,West Indies,Bangladesh,West Indies,6 wickets,Mirpur,1/20/2021,ODI # 4270,4270,Bangladesh,West Indies
Bangladesh,West Indies,Bangladesh,West Indies,7 wickets,Mirpur,1/22/2021,ODI # 4272,4272,Bangladesh,West Indies
Bangladesh,West Indies,Bangladesh,West Indies,120 runs,Chattogram,1/25/2021,ODI # 4274,4274,Bangladesh,West Indies
West Indies,Sri Lanka,West Indies,Sri Lanka,8 wickets,North Sound,3/10/2021,ODI # 4276,4276,West Indies,West Indies
West Indies,Sri Lanka,West Indies,Sri Lanka,5 wickets,North Sound,3/12/2021,ODI # 4277,4277,West Indies,West Indies
West Indies,Sri Lanka,West Indies,Sri Lanka,5 wickets,North Sound,3/14/2021,ODI # 4278,4278,West Indies,West Indies
West Indies,Australia,Australia,West Indies,133 runs,Bridgetown,7/20/2021,ODI # 4310,4310,West Indies,West Indies
West Indies,Australia,West Indies,Australia,4 wickets,Bridgetown,7/22/2021,ODI # 4311,4311,West Indies,West Indies
West Indies,Australia,Australia,West Indies,6 wickets,Bridgetown,7/26/2021,ODI # 4313,4313,West Indies,West Indies
West Indies,Ireland,West Indies,Ireland,24 runs,Kingston,1/8/2022,ODI # 4339,4339,West Indies,West Indies
West Indies,Ireland,Ireland,West Indies,5 wickets,Kingston,1/13/2022,ODI # 4340,4340,West Indies,West Indies
West Indies,Ireland,Ireland,West Indies,2 wickets,Kingston,1/16/2022,ODI # 4342,4342,West Indies,West Indies
India,West Indies,India,West Indies,6 wickets,Ahmedabad,2/6/2022,ODI # 4353,4353,India,West Indies
India,West Indies,India,West Indies,44 runs,Ahmedabad,2/9/2022,ODI # 4355,4355,India,West Indies
India,West Indies,India,West Indies,96 runs,Ahmedabad,2/11/2022,ODI # 4356,4356,India,West Indies
Netherlands,West Indies,West Indies,Netherlands,7 wickets,Amstelveen,5/31/2022,ODI # 4392,4392,Netherlands,West Indies
Netherlands,West Indies,West Indies,Netherlands,5 wickets,Amstelveen,6/2/2022,ODI # 4395,4395,Netherlands,West Indies
Netherlands,West Indies,West Indies,Netherlands,20 runs,Amstelveen,6/4/2022,ODI # 4398,4398,Netherlands,West Indies
Pakistan,West Indies,Pakistan,West Indies,5 wickets,Multan,6/8/2022,ODI # 4401,4401,Pakistan,West Indies
Pakistan,West Indies,Pakistan,West Indies,120 runs,Multan,6/10/2022,ODI # 4405,4405,Pakistan,West Indies
Pakistan,West Indies,Pakistan,West Indies,53 runs,Multan,6/12/2022,ODI # 4407,4407,Pakistan,West Indies
West Indies,Bangladesh,Bangladesh,West Indies,6 wickets,Providence,7/10/2022,ODI # 4421,4421,West Indies,West Indies
West Indies,Bangladesh,Bangladesh,West Indies,9 wickets,Providence,7/13/2022,ODI # 4426,4426,West Indies,West Indies
West Indies,Bangladesh,Bangladesh,West Indies,4 wickets,Providence,7/16/2022,ODI # 4431,4431,West Indies,West Indies
West Indies,India,India,West Indies,3 runs,Port of Spain,7/22/2022,ODI # 4436,4436,West Indies,West Indies
West Indies,India,India,West Indies,2 wickets,Port of Spain,7/24/2022,ODI # 4438,4438,West Indies,West Indies
West Indies,India,India,West Indies,119 runs,Port of Spain,7/27/2022,ODI # 4439,4439,West Indies,West Indies
West Indies,New Zealand,West Indies,New Zealand,5 wickets,Bridgetown,8/17/2022,ODI # 4450,4450,West Indies,West Indies
West Indies,New Zealand,New Zealand,West Indies,50 runs,Bridgetown,8/19/2022,ODI # 4453,4453,West Indies,West Indies
West Indies,New Zealand,New Zealand,West Indies,5 wickets,Bridgetown,8/21/2022,ODI # 4456,4456,West Indies,West Indies
