Team1,Team2,Winner,Loser,Margin,Ground,Date,Scorecard,MatchCount,Country,Pakistan
New Zealand,Pakistan,New Zealand,Pakistan,22 runs,Christchurch,2/11/1973,ODI # 5,5,New Zealand,Pakistan
England,Pakistan,Pakistan,England,7 wickets,Nottingham,8/31/1974,ODI # 14,14,England,Pakistan
England,Pakistan,Pakistan,England,8 wickets,Birmingham,9/3/1974,ODI # 15,15,England,Pakistan
Australia,Pakistan,Australia,Pakistan,73 runs,Leeds,6/7/1975,ODI # 21,21,England,Pakistan
Pakistan,West Indies,West Indies,Pakistan,1 wicket,Birmingham,6/11/1975,ODI # 26,26,England,Pakistan
Pakistan,Sri Lanka,Pakistan,Sri Lanka,192 runs,Nottingham,6/14/1975,ODI # 30,30,England,Pakistan
Pakistan,New Zealand,New Zealand,Pakistan,1 run,Sialkot,10/16/1976,ODI # 40,40,Pakistan,Pakistan
West Indies,Pakistan,West Indies,Pakistan,4 wickets,Albion,3/16/1977,ODI # 41,41,West Indies,Pakistan
Pakistan,England,England,Pakistan,3 wickets,Sahiwal,12/23/1977,ODI # 45,45,Pakistan,Pakistan
Pakistan,England,England,Pakistan,6 wickets,Sialkot,12/30/1977,ODI # 46,46,Pakistan,Pakistan
Pakistan,England,Pakistan,England,36 runs,Lahore,1/13/1978,ODI # 47,47,Pakistan,Pakistan
England,Pakistan,England,Pakistan,132 runs,Manchester,5/24/1978,ODI # 50,50,England,Pakistan
England,Pakistan,England,Pakistan,94 runs,The Oval,5/26/1978,ODI # 51,51,England,Pakistan
Pakistan,India,India,Pakistan,4 runs,Quetta,10/1/1978,ODI # 54,54,Pakistan,Pakistan
Pakistan,India,Pakistan,India,8 wickets,Sialkot,10/13/1978,ODI # 55,55,Pakistan,Pakistan
Pakistan,India,Pakistan,India,,Sahiwal,11/3/1978,ODI # 56,56,Pakistan,Pakistan
Canada,Pakistan,Pakistan,Canada,8 wickets,Leeds,6/9/1979,ODI # 64,64,England,Pakistan
Australia,Pakistan,Pakistan,Australia,89 runs,Nottingham,6/13/1979,ODI # 66,66,England,Pakistan
England,Pakistan,England,Pakistan,14 runs,Leeds,6/16/1979,ODI # 71,71,England,Pakistan
Pakistan,West Indies,West Indies,Pakistan,43 runs,The Oval,6/20/1979,ODI # 73,73,England,Pakistan
Pakistan,West Indies,West Indies,Pakistan,4 wickets,Karachi,11/21/1980,ODI # 93,93,Pakistan,Pakistan
Pakistan,West Indies,West Indies,Pakistan,7 wickets,Sialkot,12/5/1980,ODI # 96,96,Pakistan,Pakistan
Pakistan,West Indies,West Indies,Pakistan,7 runs,Lahore,12/19/1980,ODI # 101,101,Pakistan,Pakistan
Pakistan,West Indies,West Indies,Pakistan,18 runs,Melbourne,11/21/1981,ODI # 122,122,Australia,Pakistan
Australia,Pakistan,Pakistan,Australia,4 wickets,Melbourne,11/22/1981,ODI # 123,123,Australia,Pakistan
Pakistan,West Indies,Pakistan,West Indies,8 runs,Adelaide,12/5/1981,ODI # 126,126,Australia,Pakistan
Australia,Pakistan,Australia,Pakistan,38 runs,Adelaide,12/6/1981,ODI # 127,127,Australia,Pakistan
Australia,Pakistan,Pakistan,Australia,6 wickets,Sydney,12/17/1981,ODI # 128,128,Australia,Pakistan
Pakistan,West Indies,West Indies,Pakistan,7 wickets,Perth,12/19/1981,ODI # 129,129,Australia,Pakistan
Australia,Pakistan,Pakistan,Australia,25 runs,Melbourne,1/9/1982,ODI # 132,132,Australia,Pakistan
Pakistan,West Indies,West Indies,Pakistan,7 wickets,Sydney,1/12/1982,ODI # 134,134,Australia,Pakistan
Australia,Pakistan,Australia,Pakistan,76 runs,Sydney,1/14/1982,ODI # 135,135,Australia,Pakistan
Pakistan,West Indies,West Indies,Pakistan,1 wicket,Brisbane,1/16/1982,ODI # 136,136,Australia,Pakistan
Pakistan,Sri Lanka,Pakistan,Sri Lanka,8 wickets,Karachi,3/12/1982,ODI # 149,149,Pakistan,Pakistan
Pakistan,Sri Lanka,Sri Lanka,Pakistan,30 runs,Lahore,3/29/1982,ODI # 150,150,Pakistan,Pakistan
Pakistan,Sri Lanka,Pakistan,Sri Lanka,5 wickets,Karachi,3/31/1982,ODI # 151,151,Pakistan,Pakistan
England,Pakistan,England,Pakistan,7 wickets,Nottingham,7/17/1982,ODI # 154,154,England,Pakistan
England,Pakistan,England,Pakistan,73 runs,Manchester,7/19/1982,ODI # 155,155,England,Pakistan
Pakistan,Australia,Pakistan,Australia,59 runs,Hyderabad (Sind),9/20/1982,ODI # 158,158,India,Pakistan
Pakistan,Australia,Pakistan,Australia,28 runs,Lahore,10/8/1982,ODI # 160,160,Pakistan,Pakistan
Pakistan,Australia,no result,Pakistan,,Karachi,10/22/1982,ODI # 161,161,Pakistan,Pakistan
Pakistan,India,Pakistan,India,14 runs,Gujranwala,12/3/1982,ODI # 162,162,Pakistan,Pakistan
Pakistan,India,Pakistan,India,37 runs,Multan,12/17/1982,ODI # 163,163,Pakistan,Pakistan
Pakistan,India,India,Pakistan,18 runs,Lahore,12/31/1982,ODI # 164,164,Pakistan,Pakistan
Pakistan,India,Pakistan,India,8 wickets,Karachi,1/21/1983,ODI # 172,172,Pakistan,Pakistan
Pakistan,Sri Lanka,Pakistan,Sri Lanka,50 runs,Swansea,6/9/1983,ODI # 198,198,Wales,Pakistan
New Zealand,Pakistan,New Zealand,Pakistan,52 runs,Birmingham,6/11/1983,ODI # 202,202,England,Pakistan
England,Pakistan,England,Pakistan,8 wickets,Lord's,6/13/1983,ODI # 205,205,England,Pakistan
Pakistan,Sri Lanka,Pakistan,Sri Lanka,11 runs,Leeds,6/16/1983,ODI # 211,211,England,Pakistan
England,Pakistan,England,Pakistan,7 wickets,Manchester,6/18/1983,ODI # 213,213,England,Pakistan
New Zealand,Pakistan,Pakistan,New Zealand,11 runs,Nottingham,6/20/1983,ODI # 218,218,England,Pakistan
Pakistan,West Indies,West Indies,Pakistan,8 wickets,The Oval,6/22/1983,ODI # 222,222,England,Pakistan
India,Pakistan,India,Pakistan,4 wickets,Hyderabad (Deccan),9/10/1983,ODI # 224,224,India,Pakistan
India,Pakistan,India,Pakistan,4 wickets,Jaipur,10/2/1983,ODI # 225,225,India,Pakistan
Australia,Pakistan,Australia,Pakistan,34 runs,Sydney,1/10/1984,ODI # 232,232,Australia,Pakistan
Pakistan,West Indies,Pakistan,West Indies,97 runs,Melbourne,1/12/1984,ODI # 233,233,Australia,Pakistan
Pakistan,West Indies,West Indies,Pakistan,5 wickets,Brisbane,1/14/1984,ODI # 234,234,Australia,Pakistan
Australia,Pakistan,no result,Australia,,Brisbane,1/15/1984,ODI # 235,235,Australia,Pakistan
Pakistan,West Indies,West Indies,Pakistan,5 wickets,Sydney,1/19/1984,ODI # 237,237,Australia,Pakistan
Australia,Pakistan,Australia,Pakistan,43 runs,Melbourne,1/21/1984,ODI # 238,238,Australia,Pakistan
Australia,Pakistan,Australia,Pakistan,87 runs,Sydney,1/25/1984,ODI # 240,240,Australia,Pakistan
Pakistan,West Indies,West Indies,Pakistan,1 wicket,Adelaide,1/28/1984,ODI # 241,241,Australia,Pakistan
Australia,Pakistan,Australia,Pakistan,70 runs,Adelaide,1/30/1984,ODI # 243,243,Australia,Pakistan
Pakistan,West Indies,West Indies,Pakistan,7 wickets,Perth,2/4/1984,ODI # 244,244,Australia,Pakistan
Pakistan,England,Pakistan,England,6 wickets,Lahore,3/9/1984,ODI # 254,254,Pakistan,Pakistan
Pakistan,England,England,Pakistan,6 wickets,Karachi,3/26/1984,ODI # 256,256,Pakistan,Pakistan
Pakistan,Sri Lanka,Sri Lanka,Pakistan,5 wickets,Sharjah,4/6/1984,ODI # 259,259,United Arab Emirates,Pakistan
India,Pakistan,India,Pakistan,54 runs,Sharjah,4/13/1984,ODI # 261,261,United Arab Emirates,Pakistan
Pakistan,India,Pakistan,India,46 runs,Quetta,10/12/1984,ODI # 272,272,Pakistan,Pakistan
Pakistan,India,no result,Pakistan,,Sialkot,10/31/1984,ODI # 273,273,Pakistan,Pakistan
Pakistan,New Zealand,Pakistan,New Zealand,46 runs,Peshawar,11/12/1984,ODI # 276,276,Pakistan,Pakistan
Pakistan,New Zealand,Pakistan,New Zealand,5 runs,Faisalabad,11/23/1984,ODI # 277,277,Pakistan,Pakistan
Pakistan,New Zealand,New Zealand,Pakistan,34 runs,Sialkot,12/2/1984,ODI # 278,278,Pakistan,Pakistan
Pakistan,New Zealand,Pakistan,New Zealand,1 wicket,Multan,12/7/1984,ODI # 280,280,Pakistan,Pakistan
New Zealand,Pakistan,New Zealand,Pakistan,110 runs,Napier,1/12/1985,ODI # 285,285,New Zealand,Pakistan
New Zealand,Pakistan,New Zealand,Pakistan,4 wickets,Hamilton,1/15/1985,ODI # 288,288,New Zealand,Pakistan
New Zealand,Pakistan,New Zealand,Pakistan,13 runs,Christchurch,2/6/1985,ODI # 302,302,New Zealand,Pakistan
New Zealand,Pakistan,no result,New Zealand,,Auckland,2/16/1985,ODI # 306,306,New Zealand,Pakistan
India,Pakistan,India,Pakistan,6 wickets,Melbourne,2/20/1985,ODI # 309,309,Australia,Pakistan
Australia,Pakistan,Pakistan,Australia,62 runs,Melbourne,2/24/1985,ODI # 311,311,Australia,Pakistan
England,Pakistan,Pakistan,England,67 runs,Melbourne,3/2/1985,ODI # 314,314,Australia,Pakistan
Pakistan,West Indies,Pakistan,West Indies,7 wickets,Melbourne,3/6/1985,ODI # 317,317,Australia,Pakistan
India,Pakistan,India,Pakistan,8 wickets,Melbourne,3/10/1985,ODI # 319,319,Australia,Pakistan
India,Pakistan,India,Pakistan,38 runs,Sharjah,3/22/1985,ODI # 321,321,United Arab Emirates,Pakistan
England,Pakistan,Pakistan,England,43 runs,Sharjah,3/26/1985,ODI # 323,323,United Arab Emirates,Pakistan
Pakistan,Sri Lanka,Pakistan,Sri Lanka,8 wickets,Peshawar,10/13/1985,ODI # 335,335,Pakistan,Pakistan
Pakistan,Sri Lanka,Pakistan,Sri Lanka,15 runs,Gujranwala,10/23/1985,ODI # 336,336,Pakistan,Pakistan
Pakistan,Sri Lanka,Pakistan,Sri Lanka,5 wickets,Lahore,10/25/1985,ODI # 337,337,Pakistan,Pakistan
Pakistan,Sri Lanka,Pakistan,Sri Lanka,89 runs,Hyderabad (Sind),11/3/1985,ODI # 338,338,India,Pakistan
Pakistan,West Indies,West Indies,Pakistan,7 wickets,Sharjah,11/15/1985,ODI # 339,339,United Arab Emirates,Pakistan
India,Pakistan,Pakistan,India,48 runs,Sharjah,11/17/1985,ODI # 340,340,United Arab Emirates,Pakistan
Pakistan,West Indies,West Indies,Pakistan,8 wickets,Gujranwala,11/27/1985,ODI # 342,342,Pakistan,Pakistan
Pakistan,West Indies,Pakistan,West Indies,6 wickets,Lahore,11/29/1985,ODI # 343,343,Pakistan,Pakistan
Pakistan,West Indies,West Indies,Pakistan,40 runs,Peshawar,12/2/1985,ODI # 344,344,Pakistan,Pakistan
Pakistan,West Indies,Pakistan,West Indies,5 wickets,Rawalpindi,12/4/1985,ODI # 345,345,Pakistan,Pakistan
Pakistan,West Indies,West Indies,Pakistan,8 wickets,Karachi,12/6/1985,ODI # 346,346,Pakistan,Pakistan
Sri Lanka,Pakistan,Pakistan,Sri Lanka,8 wickets,Kandy,3/2/1986,ODI # 365,365,Sri Lanka,Pakistan
Sri Lanka,Pakistan,no result,Sri Lanka,,Moratuwa,3/8/1986,ODI # 367,367,Sri Lanka,Pakistan
Sri Lanka,Pakistan,Pakistan,Sri Lanka,8 wickets,Colombo (SSC),3/11/1986,ODI # 368,368,Sri Lanka,Pakistan
Sri Lanka,Pakistan,Pakistan,Sri Lanka,81 runs,Colombo (PSS),3/30/1986,ODI # 374,374,Sri Lanka,Pakistan
Bangladesh,Pakistan,Pakistan,Bangladesh,7 wickets,Moratuwa,3/31/1986,ODI # 375,375,Sri Lanka,Pakistan
Sri Lanka,Pakistan,Sri Lanka,Pakistan,5 wickets,Colombo (SSC),4/6/1986,ODI # 379,379,Sri Lanka,Pakistan
New Zealand,Pakistan,Pakistan,New Zealand,4 wickets,Colombo (SSC),4/7/1986,ODI # 380,380,Sri Lanka,Pakistan
Australia,Pakistan,Pakistan,Australia,8 wickets,Sharjah,4/11/1986,ODI # 382,382,United Arab Emirates,Pakistan
New Zealand,Pakistan,Pakistan,New Zealand,10 wickets,Sharjah,4/15/1986,ODI # 384,384,United Arab Emirates,Pakistan
India,Pakistan,Pakistan,India,1 wicket,Sharjah,4/18/1986,ODI # 385,385,United Arab Emirates,Pakistan
Pakistan,West Indies,West Indies,Pakistan,4 wickets,Peshawar,10/17/1986,ODI # 396,396,Pakistan,Pakistan
Pakistan,West Indies,West Indies,Pakistan,17 runs,Gujranwala,11/4/1986,ODI # 397,397,Pakistan,Pakistan
Pakistan,West Indies,West Indies,Pakistan,4 wickets,Sialkot,11/14/1986,ODI # 398,398,Pakistan,Pakistan
Pakistan,West Indies,West Indies,Pakistan,89 runs,Multan,11/17/1986,ODI # 399,399,Pakistan,Pakistan
Pakistan,West Indies,Pakistan,West Indies,11 runs,Hyderabad (Sind),11/18/1986,ODI # 400,400,India,Pakistan
Pakistan,West Indies,West Indies,Pakistan,9 wickets,Sharjah,11/28/1986,ODI # 402,402,United Arab Emirates,Pakistan
Pakistan,Sri Lanka,Pakistan,Sri Lanka,4 wickets,Sharjah,12/2/1986,ODI # 404,404,United Arab Emirates,Pakistan
India,Pakistan,Pakistan,India,3 wickets,Sharjah,12/5/1986,ODI # 406,406,United Arab Emirates,Pakistan
Pakistan,West Indies,Pakistan,West Indies,34 runs,Perth,12/30/1986,ODI # 408,408,Australia,Pakistan
Australia,Pakistan,Pakistan,Australia,1 wicket,Perth,1/2/1987,ODI # 410,410,Australia,Pakistan
England,Pakistan,England,Pakistan,3 wickets,Perth,1/5/1987,ODI # 413,413,Australia,Pakistan
England,Pakistan,England,Pakistan,5 wickets,Perth,1/7/1987,ODI # 414,414,Australia,Pakistan
India,Pakistan,Pakistan,India,3 wickets,Indore,1/27/1987,ODI # 426,426,India,Pakistan
India,Pakistan,Pakistan,India,2 wickets,Eden Gardens,2/18/1987,ODI # 434,434,India,Pakistan
India,Pakistan,India,Pakistan,,Hyderabad (Deccan),3/20/1987,ODI # 436,436,India,Pakistan
India,Pakistan,Pakistan,India,6 wickets,Pune,3/22/1987,ODI # 438,438,India,Pakistan
India,Pakistan,Pakistan,India,41 runs,Nagpur,3/24/1987,ODI # 439,439,India,Pakistan
India,Pakistan,Pakistan,India,5 wickets,Jamshedpur,3/26/1987,ODI # 440,440,India,Pakistan
Australia,Pakistan,Pakistan,Australia,6 wickets,Sharjah,4/3/1987,ODI # 443,443,United Arab Emirates,Pakistan
England,Pakistan,England,Pakistan,5 wickets,Sharjah,4/7/1987,ODI # 445,445,United Arab Emirates,Pakistan
India,Pakistan,Pakistan,India,8 wickets,Sharjah,4/10/1987,ODI # 447,447,United Arab Emirates,Pakistan
England,Pakistan,England,Pakistan,7 wickets,The Oval,5/21/1987,ODI # 448,448,England,Pakistan
England,Pakistan,Pakistan,England,6 wickets,Nottingham,5/23/1987,ODI # 449,449,England,Pakistan
England,Pakistan,England,Pakistan,1 wicket,Birmingham,5/25/1987,ODI # 450,450,England,Pakistan
Pakistan,Sri Lanka,Pakistan,Sri Lanka,15 runs,Hyderabad (Sind),10/8/1987,ODI # 451,451,India,Pakistan
Pakistan,England,Pakistan,England,18 runs,Rawalpindi,10/12/1987,ODI # 455,455,Pakistan,Pakistan
Pakistan,West Indies,Pakistan,West Indies,1 wicket,Lahore,10/16/1987,ODI # 459,459,Pakistan,Pakistan
Pakistan,England,Pakistan,England,7 wickets,Karachi,10/20/1987,ODI # 463,463,Pakistan,Pakistan
Pakistan,Sri Lanka,Pakistan,Sri Lanka,113 runs,Faisalabad,10/25/1987,ODI # 467,467,Pakistan,Pakistan
Pakistan,West Indies,West Indies,Pakistan,28 runs,Karachi,10/30/1987,ODI # 473,473,Pakistan,Pakistan
Pakistan,Australia,Australia,Pakistan,18 runs,Lahore,11/4/1987,ODI # 475,475,Pakistan,Pakistan
Pakistan,England,England,Pakistan,2 wickets,Lahore,11/18/1987,ODI # 478,478,Pakistan,Pakistan
Pakistan,England,England,Pakistan,23 runs,Karachi,11/20/1987,ODI # 479,479,Pakistan,Pakistan
Pakistan,England,England,Pakistan,98 runs,Peshawar,11/22/1987,ODI # 480,480,Pakistan,Pakistan
West Indies,Pakistan,West Indies,Pakistan,47 runs,Kingston,3/12/1988,ODI # 506,506,West Indies,Pakistan
West Indies,Pakistan,West Indies,Pakistan,5 wickets,St John's,3/15/1988,ODI # 507,507,West Indies,Pakistan
West Indies,Pakistan,West Indies,Pakistan,50 runs,Port of Spain,3/18/1988,ODI # 509,509,West Indies,Pakistan
West Indies,Pakistan,West Indies,Pakistan,7 wickets,Port of Spain,3/20/1988,ODI # 511,511,West Indies,Pakistan
West Indies,Pakistan,West Indies,Pakistan,7 wickets,Georgetown,3/30/1988,ODI # 515,515,West Indies,Pakistan
Pakistan,Australia,Pakistan,Australia,,Lahore,10/14/1988,ODI # 522,522,Pakistan,Pakistan
Pakistan,West Indies,Pakistan,West Indies,84 runs,Sharjah,10/18/1988,ODI # 524,524,United Arab Emirates,Pakistan
India,Pakistan,Pakistan,India,34 runs,Sharjah,10/19/1988,ODI # 525,525,United Arab Emirates,Pakistan
Pakistan,West Indies,West Indies,Pakistan,11 runs,Sharjah,10/22/1988,ODI # 527,527,United Arab Emirates,Pakistan
Pakistan,Sri Lanka,Sri Lanka,Pakistan,5 wickets,Dhaka,10/27/1988,ODI # 528,528,Bangladesh,Pakistan
Bangladesh,Pakistan,Pakistan,Bangladesh,173 runs,Chattogram,10/29/1988,ODI # 531,531,Bangladesh,Pakistan
India,Pakistan,India,Pakistan,4 wickets,Dhaka,10/31/1988,ODI # 532,532,Bangladesh,Pakistan
Pakistan,West Indies,West Indies,Pakistan,89 runs,Adelaide,12/10/1988,ODI # 535,535,Australia,Pakistan
Australia,Pakistan,Australia,Pakistan,9 wickets,Adelaide,12/11/1988,ODI # 537,537,Australia,Pakistan
Pakistan,West Indies,West Indies,Pakistan,17 runs,Hobart,12/17/1988,ODI # 542,542,Australia,Pakistan
Pakistan,West Indies,West Indies,Pakistan,7 wickets,Perth,1/1/1989,ODI # 544,544,Australia,Pakistan
Australia,Pakistan,Pakistan,Australia,38 runs,Perth,1/2/1989,ODI # 545,545,Australia,Pakistan
Pakistan,West Indies,Pakistan,West Indies,55 runs,Brisbane,1/7/1989,ODI # 547,547,Australia,Pakistan
Australia,Pakistan,Australia,Pakistan,5 wickets,Brisbane,1/8/1989,ODI # 548,548,Australia,Pakistan
Australia,Pakistan,Australia,Pakistan,6 runs,Melbourne,1/10/1989,ODI # 549,549,Australia,Pakistan
New Zealand,Pakistan,New Zealand,Pakistan,8 wickets,Dunedin,2/6/1989,ODI # 554,554,New Zealand,Pakistan
New Zealand,Pakistan,New Zealand,Pakistan,7 wickets,Christchurch,3/4/1989,ODI # 555,555,New Zealand,Pakistan
New Zealand,Pakistan,New Zealand,Pakistan,6 wickets,Wellington,3/8/1989,ODI # 557,557,New Zealand,Pakistan
New Zealand,Pakistan,Pakistan,New Zealand,7 wickets,Auckland,3/11/1989,ODI # 559,559,New Zealand,Pakistan
New Zealand,Pakistan,New Zealand,Pakistan,7 wickets,Hamilton,3/14/1989,ODI # 561,561,New Zealand,Pakistan
Pakistan,Sri Lanka,Pakistan,Sri Lanka,30 runs,Sharjah,3/23/1989,ODI # 564,564,United Arab Emirates,Pakistan
Pakistan,Sri Lanka,Pakistan,Sri Lanka,7 wickets,Sharjah,3/24/1989,ODI # 565,565,United Arab Emirates,Pakistan
Pakistan,West Indies,Pakistan,West Indies,11 runs,Sharjah,10/14/1989,ODI # 570,570,United Arab Emirates,Pakistan
India,Pakistan,Pakistan,India,6 wickets,Sharjah,10/15/1989,ODI # 572,572,United Arab Emirates,Pakistan
Pakistan,West Indies,Pakistan,West Indies,57 runs,Sharjah,10/17/1989,ODI # 574,574,United Arab Emirates,Pakistan
India,Pakistan,Pakistan,India,38 runs,Sharjah,10/20/1989,ODI # 577,577,United Arab Emirates,Pakistan
England,Pakistan,England,Pakistan,4 wickets,Cuttack,10/22/1989,ODI # 579,579,India,Pakistan
Australia,Pakistan,Pakistan,Australia,66 runs,Brabourne,10/23/1989,ODI # 581,581,India,Pakistan
Pakistan,West Indies,West Indies,Pakistan,6 wickets,Jalandhar,10/25/1989,ODI # 584,584,India,Pakistan
Pakistan,Sri Lanka,Pakistan,Sri Lanka,6 runs,Lucknow,10/27/1989,ODI # 588,588,India,Pakistan
India,Pakistan,Pakistan,India,77 runs,Eden Gardens,10/28/1989,ODI # 589,589,India,Pakistan
England,Pakistan,Pakistan,England,6 wickets,Nagpur,10/30/1989,ODI # 590,590,India,Pakistan
Pakistan,West Indies,Pakistan,West Indies,4 wickets,Eden Gardens,11/1/1989,ODI # 592,592,India,Pakistan
Pakistan,India,Pakistan,India,7 runs,Gujranwala,12/18/1989,ODI # 593,593,Pakistan,Pakistan
Pakistan,India,no result,Pakistan,,Karachi,12/20/1989,ODI # 594,594,Pakistan,Pakistan
Pakistan,India,Pakistan,India,38 runs,Lahore,12/22/1989,ODI # 595,595,Pakistan,Pakistan
Pakistan,Sri Lanka,Sri Lanka,Pakistan,3 wickets,Perth,12/31/1989,ODI # 598,598,Australia,Pakistan
Australia,Pakistan,Australia,Pakistan,7 wickets,Melbourne,1/3/1990,ODI # 599,599,Australia,Pakistan
Pakistan,Sri Lanka,Pakistan,Sri Lanka,5 wickets,Brisbane,2/10/1990,ODI # 601,601,Australia,Pakistan
Australia,Pakistan,Australia,Pakistan,67 runs,Brisbane,2/11/1990,ODI # 602,602,Australia,Pakistan
Australia,Pakistan,Pakistan,Australia,5 wickets,Sydney,2/13/1990,ODI # 603,603,Australia,Pakistan
Pakistan,Sri Lanka,Pakistan,Sri Lanka,6 wickets,Hobart,2/15/1990,ODI # 605,605,Australia,Pakistan
Pakistan,Sri Lanka,Pakistan,Sri Lanka,27 runs,Adelaide,2/17/1990,ODI # 606,606,Australia,Pakistan
Australia,Pakistan,Pakistan,Australia,2 runs,Sydney,2/20/1990,ODI # 609,609,Australia,Pakistan
Australia,Pakistan,Australia,Pakistan,7 wickets,Melbourne,2/23/1990,ODI # 610,610,Australia,Pakistan
Australia,Pakistan,Australia,Pakistan,69 runs,Sydney,2/25/1990,ODI # 611,611,Australia,Pakistan
India,Pakistan,Pakistan,India,26 runs,Sharjah,4/27/1990,ODI # 625,625,United Arab Emirates,Pakistan
Pakistan,Sri Lanka,Pakistan,Sri Lanka,90 runs,Sharjah,4/29/1990,ODI # 627,627,United Arab Emirates,Pakistan
New Zealand,Pakistan,Pakistan,New Zealand,8 wickets,Sharjah,5/1/1990,ODI # 629,629,United Arab Emirates,Pakistan
Australia,Pakistan,Pakistan,Australia,36 runs,Sharjah,5/4/1990,ODI # 631,631,United Arab Emirates,Pakistan
Pakistan,New Zealand,Pakistan,New Zealand,19 runs,Lahore,11/2/1990,ODI # 636,636,Pakistan,Pakistan
Pakistan,New Zealand,Pakistan,New Zealand,8 wickets,Peshawar,11/4/1990,ODI # 637,637,Pakistan,Pakistan
Pakistan,New Zealand,Pakistan,New Zealand,105 runs,Sialkot,11/6/1990,ODI # 638,638,Pakistan,Pakistan
Pakistan,West Indies,Pakistan,West Indies,6 runs,Karachi,11/9/1990,ODI # 639,639,Pakistan,Pakistan
Pakistan,West Indies,Pakistan,West Indies,5 wickets,Lahore,11/11/1990,ODI # 640,640,Pakistan,Pakistan
Pakistan,West Indies,Pakistan,West Indies,31 runs,Multan,11/13/1990,ODI # 641,641,Pakistan,Pakistan
Pakistan,Sri Lanka,Sri Lanka,Pakistan,6 wickets,Sharjah,12/20/1990,ODI # 655,655,United Arab Emirates,Pakistan
Pakistan,Sri Lanka,Pakistan,Sri Lanka,50 runs,Sharjah,12/21/1990,ODI # 656,656,United Arab Emirates,Pakistan
Pakistan,West Indies,West Indies,Pakistan,1 wicket,Sharjah,10/17/1991,ODI # 679,679,United Arab Emirates,Pakistan
India,Pakistan,India,Pakistan,60 runs,Sharjah,10/18/1991,ODI # 680,680,United Arab Emirates,Pakistan
Pakistan,West Indies,Pakistan,West Indies,1 run,Sharjah,10/21/1991,ODI # 682,682,United Arab Emirates,Pakistan
India,Pakistan,Pakistan,India,4 runs,Sharjah,10/23/1991,ODI # 684,684,United Arab Emirates,Pakistan
India,Pakistan,Pakistan,India,72 runs,Sharjah,10/25/1991,ODI # 685,685,United Arab Emirates,Pakistan
Pakistan,West Indies,West Indies,Pakistan,24 runs,Karachi,11/20/1991,ODI # 689,689,Pakistan,Pakistan
Pakistan,West Indies,tied,Pakistan,,Lahore,11/22/1991,ODI # 690,690,Pakistan,Pakistan
Pakistan,West Indies,West Indies,Pakistan,17 runs,Faisalabad,11/24/1991,ODI # 691,691,Pakistan,Pakistan
Pakistan,Sri Lanka,Pakistan,Sri Lanka,8 wickets,Sargodha,1/10/1992,ODI # 700,700,Pakistan,Pakistan
Pakistan,Sri Lanka,Pakistan,Sri Lanka,29 runs,Karachi,1/13/1992,ODI # 704,704,Pakistan,Pakistan
Pakistan,Sri Lanka,Pakistan,Sri Lanka,59 runs,Hyderabad (Sind),1/15/1992,ODI # 706,706,India,Pakistan
Pakistan,Sri Lanka,Sri Lanka,Pakistan,4 wickets,Multan,1/17/1992,ODI # 708,708,Pakistan,Pakistan
Pakistan,Sri Lanka,Pakistan,Sri Lanka,117 runs,Rawalpindi,1/19/1992,ODI # 710,710,Pakistan,Pakistan
Pakistan,West Indies,West Indies,Pakistan,10 wickets,Melbourne,2/23/1992,ODI # 717,717,Australia,Pakistan
Pakistan,Zimbabwe,Pakistan,Zimbabwe,53 runs,Hobart,2/27/1992,ODI # 720,720,Australia,Pakistan
England,Pakistan,no result,England,,Adelaide,3/1/1992,ODI # 726,726,Australia,Pakistan
India,Pakistan,India,Pakistan,43 runs,Sydney,3/4/1992,ODI # 729,729,Australia,Pakistan
Pakistan,South Africa,South Africa,Pakistan,20 runs,Brisbane,3/8/1992,ODI # 735,735,Australia,Pakistan
Australia,Pakistan,Pakistan,Australia,48 runs,Perth,3/11/1992,ODI # 739,739,Australia,Pakistan
Pakistan,Sri Lanka,Pakistan,Sri Lanka,4 wickets,Perth,3/15/1992,ODI # 746,746,Australia,Pakistan
New Zealand,Pakistan,Pakistan,New Zealand,7 wickets,Christchurch,3/18/1992,ODI # 747,747,New Zealand,Pakistan
New Zealand,Pakistan,Pakistan,New Zealand,4 wickets,Auckland,3/21/1992,ODI # 750,750,New Zealand,Pakistan
England,Pakistan,Pakistan,England,22 runs,Melbourne,3/25/1992,ODI # 752,752,Australia,Pakistan
England,Pakistan,England,Pakistan,79 runs,Lord's,5/20/1992,ODI # 756,756,England,Pakistan
England,Pakistan,England,Pakistan,39 runs,The Oval,5/22/1992,ODI # 757,757,England,Pakistan
England,Pakistan,England,Pakistan,198 runs,Nottingham,8/20/1992,ODI # 759,759,England,Pakistan
England,Pakistan,Pakistan,England,3 runs,Lord's,8/22/1992,ODI # 760,760,England,Pakistan
England,Pakistan,England,Pakistan,6 wickets,Manchester,8/24/1992,ODI # 761,761,England,Pakistan
Pakistan,West Indies,Pakistan,West Indies,5 wickets,Perth,12/4/1992,ODI # 767,767,Australia,Pakistan
Australia,Pakistan,tied,Australia,,Hobart,12/10/1992,ODI # 773,773,Australia,Pakistan
Pakistan,West Indies,West Indies,Pakistan,4 runs,Adelaide,12/12/1992,ODI # 775,775,Australia,Pakistan
Australia,Pakistan,Australia,Pakistan,8 wickets,Adelaide,12/13/1992,ODI # 777,777,Australia,Pakistan
Pakistan,West Indies,West Indies,Pakistan,133 runs,Sydney,12/17/1992,ODI # 782,782,Australia,Pakistan
New Zealand,Pakistan,Pakistan,New Zealand,50 runs,Wellington,12/26/1992,ODI # 785,785,New Zealand,Pakistan
New Zealand,Pakistan,New Zealand,Pakistan,6 wickets,Napier,12/28/1992,ODI # 786,786,New Zealand,Pakistan
New Zealand,Pakistan,New Zealand,Pakistan,6 wickets,Auckland,12/30/1992,ODI # 787,787,New Zealand,Pakistan
Pakistan,West Indies,West Indies,Pakistan,9 wickets,Brisbane,1/9/1993,ODI # 788,788,Australia,Pakistan
Australia,Pakistan,Australia,Pakistan,32 runs,Melbourne,1/12/1993,ODI # 790,790,Australia,Pakistan
Australia,Pakistan,Australia,Pakistan,23 runs,Sydney,1/14/1993,ODI # 791,791,Australia,Pakistan
Pakistan,Zimbabwe,Pakistan,Zimbabwe,49 runs,Sharjah,2/1/1993,ODI # 796,796,United Arab Emirates,Pakistan
Pakistan,Sri Lanka,Pakistan,Sri Lanka,8 wickets,Sharjah,2/2/1993,ODI # 797,797,United Arab Emirates,Pakistan
Pakistan,Sri Lanka,Pakistan,Sri Lanka,114 runs,Sharjah,2/4/1993,ODI # 799,799,United Arab Emirates,Pakistan
South Africa,Pakistan,Pakistan,South Africa,10 runs,Durban,2/9/1993,ODI # 800,800,South Africa,Pakistan
Pakistan,West Indies,West Indies,Pakistan,8 wickets,Johannesburg,2/13/1993,ODI # 802,802,South Africa,Pakistan
South Africa,Pakistan,Pakistan,South Africa,9 runs,East London,2/15/1993,ODI # 803,803,South Africa,Pakistan
Pakistan,West Indies,West Indies,Pakistan,124 runs,Durban,2/19/1993,ODI # 805,805,South Africa,Pakistan
South Africa,Pakistan,Pakistan,South Africa,22 runs,Centurion,2/21/1993,ODI # 806,806,South Africa,Pakistan
Pakistan,West Indies,West Indies,Pakistan,7 wickets,Cape Town,2/25/1993,ODI # 808,808,South Africa,Pakistan
Pakistan,West Indies,West Indies,Pakistan,5 wickets,Johannesburg,2/27/1993,ODI # 810,810,South Africa,Pakistan
Zimbabwe,Pakistan,Pakistan,Zimbabwe,7 wickets,Harare,3/2/1993,ODI # 812,812,Zimbabwe,Pakistan
West Indies,Pakistan,West Indies,Pakistan,4 wickets,Kingston,3/23/1993,ODI # 821,821,West Indies,Pakistan
West Indies,Pakistan,West Indies,Pakistan,5 wickets,Port of Spain,3/26/1993,ODI # 824,824,West Indies,Pakistan
West Indies,Pakistan,Pakistan,West Indies,7 wickets,Port of Spain,3/27/1993,ODI # 826,826,West Indies,Pakistan
West Indies,Pakistan,Pakistan,West Indies,38 runs,Kingstown,3/30/1993,ODI # 828,828,West Indies,Pakistan
West Indies,Pakistan,tied,West Indies,,Georgetown,4/3/1993,ODI # 829,829,West Indies,Pakistan
Pakistan,West Indies,West Indies,Pakistan,39 runs,Sharjah,10/29/1993,ODI # 840,840,United Arab Emirates,Pakistan
Pakistan,Sri Lanka,Pakistan,Sri Lanka,114 runs,Sharjah,10/30/1993,ODI # 841,841,United Arab Emirates,Pakistan
Pakistan,West Indies,Pakistan,West Indies,5 wickets,Sharjah,11/1/1993,ODI # 842,842,United Arab Emirates,Pakistan
Pakistan,Sri Lanka,Pakistan,Sri Lanka,2 wickets,Sharjah,11/2/1993,ODI # 843,843,United Arab Emirates,Pakistan
Pakistan,West Indies,West Indies,Pakistan,6 wickets,Sharjah,11/5/1993,ODI # 845,845,United Arab Emirates,Pakistan
Pakistan,Zimbabwe,Pakistan,Zimbabwe,7 wickets,Karachi,12/24/1993,ODI # 867,867,Pakistan,Pakistan
Pakistan,Zimbabwe,Pakistan,Zimbabwe,6 wickets,Rawalpindi,12/25/1993,ODI # 868,868,Pakistan,Pakistan
Pakistan,Zimbabwe,Pakistan,Zimbabwe,75 runs,Lahore,12/27/1993,ODI # 869,869,Pakistan,Pakistan
New Zealand,Pakistan,Pakistan,New Zealand,5 wickets,Dunedin,3/3/1994,ODI # 889,889,New Zealand,Pakistan
New Zealand,Pakistan,Pakistan,New Zealand,36 runs,Auckland,3/6/1994,ODI # 891,891,New Zealand,Pakistan
New Zealand,Pakistan,Pakistan,New Zealand,11 runs,Wellington,3/9/1994,ODI # 893,893,New Zealand,Pakistan
New Zealand,Pakistan,tied,New Zealand,,Auckland,3/13/1994,ODI # 894,894,New Zealand,Pakistan
New Zealand,Pakistan,New Zealand,Pakistan,7 wickets,Christchurch,3/16/1994,ODI # 895,895,New Zealand,Pakistan
India,Pakistan,Pakistan,India,6 wickets,Sharjah,4/15/1994,ODI # 906,906,United Arab Emirates,Pakistan
U.A.E.,Pakistan,Pakistan,U.A.E.,9 wickets,Sharjah,4/17/1994,ODI # 908,908,United Arab Emirates,Pakistan
New Zealand,Pakistan,Pakistan,New Zealand,62 runs,Sharjah,4/20/1994,ODI # 911,911,United Arab Emirates,Pakistan
India,Pakistan,Pakistan,India,39 runs,Sharjah,4/22/1994,ODI # 912,912,United Arab Emirates,Pakistan
Sri Lanka,Pakistan,Pakistan,Sri Lanka,9 wickets,Colombo (RPS),8/3/1994,ODI # 914,914,Sri Lanka,Pakistan
Sri Lanka,Pakistan,Sri Lanka,Pakistan,7 wickets,Colombo (RPS),8/6/1994,ODI # 915,915,Sri Lanka,Pakistan
Sri Lanka,Pakistan,Pakistan,Sri Lanka,19 runs,Colombo (SSC),8/7/1994,ODI # 916,916,Sri Lanka,Pakistan
Sri Lanka,Pakistan,Pakistan,Sri Lanka,5 wickets,Colombo (SSC),8/22/1994,ODI # 917,917,Sri Lanka,Pakistan
Sri Lanka,Pakistan,Pakistan,Sri Lanka,27 runs,Colombo (RPS),8/24/1994,ODI # 918,918,Sri Lanka,Pakistan
Australia,Pakistan,Australia,Pakistan,28 runs,Colombo (SSC),9/7/1994,ODI # 923,923,Sri Lanka,Pakistan
Sri Lanka,Pakistan,Sri Lanka,Pakistan,7 wickets,Colombo (SSC),9/11/1994,ODI # 925,925,Sri Lanka,Pakistan
Pakistan,Australia,Australia,Pakistan,7 wickets,Multan,10/14/1994,ODI # 929,929,Pakistan,Pakistan
Pakistan,South Africa,Pakistan,South Africa,8 wickets,Karachi,10/16/1994,ODI # 930,930,Pakistan,Pakistan
Pakistan,South Africa,Pakistan,South Africa,39 runs,Rawalpindi,10/20/1994,ODI # 934,934,Pakistan,Pakistan
Pakistan,Australia,Pakistan,Australia,9 wickets,Rawalpindi,10/22/1994,ODI # 935,935,Pakistan,Pakistan
Pakistan,South Africa,Pakistan,South Africa,6 wickets,Faisalabad,10/28/1994,ODI # 940,940,Pakistan,Pakistan
Pakistan,Australia,Australia,Pakistan,64 runs,Lahore,10/30/1994,ODI # 942,942,Pakistan,Pakistan
Pakistan,Sri Lanka,Pakistan,Sri Lanka,6 wickets,Durban,12/2/1994,ODI # 953,953,South Africa,Pakistan
Pakistan,Sri Lanka,Pakistan,Sri Lanka,12 runs,Centurion,12/4/1994,ODI # 954,954,South Africa,Pakistan
South Africa,Pakistan,South Africa,Pakistan,7 wickets,Johannesburg,12/10/1994,ODI # 959,959,South Africa,Pakistan
New Zealand,Pakistan,Pakistan,New Zealand,5 wickets,Gqeberha,12/13/1994,ODI # 961,961,South Africa,Pakistan
South Africa,Pakistan,Pakistan,South Africa,8 wickets,Durban,12/17/1994,ODI # 964,964,South Africa,Pakistan
New Zealand,Pakistan,Pakistan,New Zealand,5 wickets,East London,12/19/1994,ODI # 966,966,South Africa,Pakistan
South Africa,Pakistan,South Africa,Pakistan,37 runs,Cape Town,1/10/1995,ODI # 970,970,South Africa,Pakistan
South Africa,Pakistan,South Africa,Pakistan,157 runs,Johannesburg,1/12/1995,ODI # 971,971,South Africa,Pakistan
Zimbabwe,Pakistan,tied,Zimbabwe,,Harare,2/22/1995,ODI # 980,980,Zimbabwe,Pakistan
Zimbabwe,Pakistan,Pakistan,Zimbabwe,4 wickets,Harare,2/25/1995,ODI # 982,982,Zimbabwe,Pakistan
Zimbabwe,Pakistan,Zimbabwe,Pakistan,74 runs,Harare,2/26/1995,ODI # 984,984,Zimbabwe,Pakistan
India,Pakistan,Pakistan,India,97 runs,Sharjah,4/7/1995,ODI # 995,995,United Arab Emirates,Pakistan
Bangladesh,Pakistan,Pakistan,Bangladesh,6 wickets,Sharjah,4/8/1995,ODI # 996,996,United Arab Emirates,Pakistan
Pakistan,Sri Lanka,Sri Lanka,Pakistan,5 wickets,Sharjah,4/11/1995,ODI # 998,998,United Arab Emirates,Pakistan
Pakistan,Sri Lanka,Pakistan,Sri Lanka,9 wickets,Gujranwala,9/29/1995,ODI # 1003,1003,Pakistan,Pakistan
Pakistan,Sri Lanka,Sri Lanka,Pakistan,49 runs,Faisalabad,10/1/1995,ODI # 1004,1004,Pakistan,Pakistan
Pakistan,Sri Lanka,Sri Lanka,Pakistan,4 wickets,Rawalpindi,10/3/1995,ODI # 1005,1005,Pakistan,Pakistan
Pakistan,Sri Lanka,Pakistan,Sri Lanka,82 runs,Sharjah,10/12/1995,ODI # 1007,1007,United Arab Emirates,Pakistan
Pakistan,West Indies,Pakistan,West Indies,15 runs,Sharjah,10/13/1995,ODI # 1008,1008,United Arab Emirates,Pakistan
Pakistan,West Indies,West Indies,Pakistan,4 wickets,Sharjah,10/15/1995,ODI # 1009,1009,United Arab Emirates,Pakistan
Pakistan,Sri Lanka,Sri Lanka,Pakistan,8 wickets,Sharjah,10/17/1995,ODI # 1011,1011,United Arab Emirates,Pakistan
New Zealand,Pakistan,Pakistan,New Zealand,20 runs,Dunedin,12/15/1995,ODI # 1020,1020,New Zealand,Pakistan
New Zealand,Pakistan,New Zealand,Pakistan,1 wicket,Christchurch,12/17/1995,ODI # 1022,1022,New Zealand,Pakistan
New Zealand,Pakistan,Pakistan,New Zealand,54 runs,Wellington,12/20/1995,ODI # 1025,1025,New Zealand,Pakistan
New Zealand,Pakistan,New Zealand,Pakistan,32 runs,Auckland,12/23/1995,ODI # 1027,1027,New Zealand,Pakistan
Pakistan,U.A.E.,Pakistan,U.A.E.,9 wickets,Gujranwala,2/24/1996,ODI # 1059,1059,Pakistan,Pakistan
Pakistan,Netherlands,Pakistan,Netherlands,8 wickets,Lahore,2/26/1996,ODI # 1062,1062,Pakistan,Pakistan
Pakistan,South Africa,South Africa,Pakistan,5 wickets,Karachi,2/29/1996,ODI # 1067,1067,Pakistan,Pakistan
Pakistan,England,Pakistan,England,7 wickets,Karachi,3/3/1996,ODI # 1071,1071,Pakistan,Pakistan
Pakistan,New Zealand,Pakistan,New Zealand,46 runs,Lahore,3/6/1996,ODI # 1076,1076,Pakistan,Pakistan
India,Pakistan,India,Pakistan,39 runs,Bengaluru,3/9/1996,ODI # 1078,1078,India,Pakistan
Pakistan,Sri Lanka,no result,Pakistan,,Singapore,4/1/1996,ODI # 1087,1087,Singapore,Pakistan
Pakistan,Sri Lanka,Sri Lanka,Pakistan,34 runs,Singapore,4/2/1996,ODI # 1088,1088,Singapore,Pakistan
India,Pakistan,Pakistan,India,8 wickets,Singapore,4/5/1996,ODI # 1091,1091,Singapore,Pakistan
Pakistan,Sri Lanka,Pakistan,Sri Lanka,43 runs,Singapore,4/7/1996,ODI # 1093,1093,Singapore,Pakistan
India,Pakistan,Pakistan,India,38 runs,Sharjah,4/12/1996,ODI # 1094,1094,United Arab Emirates,Pakistan
Pakistan,South Africa,South Africa,Pakistan,143 runs,Sharjah,4/13/1996,ODI # 1095,1095,United Arab Emirates,Pakistan
India,Pakistan,India,Pakistan,28 runs,Sharjah,4/15/1996,ODI # 1098,1098,United Arab Emirates,Pakistan
Pakistan,South Africa,South Africa,Pakistan,8 wickets,Sharjah,4/16/1996,ODI # 1099,1099,United Arab Emirates,Pakistan
England,Pakistan,England,Pakistan,5 wickets,Manchester,8/29/1996,ODI # 1107,1107,England,Pakistan
England,Pakistan,England,Pakistan,107 runs,Birmingham,8/31/1996,ODI # 1109,1109,England,Pakistan
England,Pakistan,Pakistan,England,2 wickets,Nottingham,9/1/1996,ODI # 1111,1111,England,Pakistan
India,Pakistan,India,Pakistan,8 wickets,Toronto,9/16/1996,ODI # 1115,1115,Canada,Pakistan
India,Pakistan,Pakistan,India,2 wickets,Toronto,9/17/1996,ODI # 1116,1116,Canada,Pakistan
India,Pakistan,India,Pakistan,55 runs,Toronto,9/18/1996,ODI # 1117,1117,Canada,Pakistan
India,Pakistan,Pakistan,India,97 runs,Toronto,9/21/1996,ODI # 1118,1118,Canada,Pakistan
India,Pakistan,Pakistan,India,52 runs,Toronto,9/23/1996,ODI # 1119,1119,Canada,Pakistan
Pakistan,South Africa,South Africa,Pakistan,62 runs,Nairobi (Gym),9/29/1996,ODI # 1121,1121,Kenya,Pakistan
Kenya,Pakistan,Pakistan,Kenya,4 wickets,Nairobi (Aga),10/2/1996,ODI # 1123,1123,Kenya,Pakistan
Pakistan,Sri Lanka,Pakistan,Sri Lanka,82 runs,Nairobi (Gym),10/4/1996,ODI # 1125,1125,Kenya,Pakistan
Pakistan,South Africa,South Africa,Pakistan,7 wickets,Nairobi (Gym),10/6/1996,ODI # 1126,1126,Kenya,Pakistan
Pakistan,Zimbabwe,Pakistan,Zimbabwe,3 wickets,Quetta,10/30/1996,ODI # 1133,1133,Pakistan,Pakistan
Pakistan,Zimbabwe,Pakistan,Zimbabwe,9 wickets,Lahore,11/1/1996,ODI # 1135,1135,Pakistan,Pakistan
Pakistan,Zimbabwe,Pakistan,Zimbabwe,78 runs,Peshawar,11/3/1996,ODI # 1136,1136,Pakistan,Pakistan
Pakistan,Sri Lanka,Sri Lanka,Pakistan,75 runs,Sharjah,11/8/1996,ODI # 1140,1140,United Arab Emirates,Pakistan
New Zealand,Pakistan,Pakistan,New Zealand,4 wickets,Sharjah,11/10/1996,ODI # 1141,1141,United Arab Emirates,Pakistan
Pakistan,Sri Lanka,Pakistan,Sri Lanka,8 wickets,Sharjah,11/12/1996,ODI # 1143,1143,United Arab Emirates,Pakistan
New Zealand,Pakistan,Pakistan,New Zealand,4 wickets,Sharjah,11/13/1996,ODI # 1144,1144,United Arab Emirates,Pakistan
New Zealand,Pakistan,Pakistan,New Zealand,41 runs,Sharjah,11/15/1996,ODI # 1145,1145,United Arab Emirates,Pakistan
Pakistan,New Zealand,Pakistan,New Zealand,11 runs,Gujranwala,12/4/1996,ODI # 1146,1146,Pakistan,Pakistan
Pakistan,New Zealand,Pakistan,New Zealand,46 runs,Sialkot,12/6/1996,ODI # 1148,1148,Pakistan,Pakistan
Pakistan,New Zealand,New Zealand,Pakistan,7 wickets,Karachi,12/8/1996,ODI # 1150,1150,Pakistan,Pakistan
Australia,Pakistan,Pakistan,Australia,12 runs,Adelaide,12/15/1996,ODI # 1152,1152,Australia,Pakistan
Pakistan,West Indies,West Indies,Pakistan,7 wickets,Adelaide,12/17/1996,ODI # 1154,1154,Australia,Pakistan
Australia,Pakistan,Pakistan,Australia,4 wickets,Sydney,1/1/1997,ODI # 1155,1155,Australia,Pakistan
Pakistan,West Indies,West Indies,Pakistan,6 wickets,Brisbane,1/3/1997,ODI # 1157,1157,Australia,Pakistan
Australia,Pakistan,Pakistan,Australia,29 runs,Hobart,1/7/1997,ODI # 1160,1160,Australia,Pakistan
Pakistan,West Indies,West Indies,Pakistan,5 wickets,Perth,1/10/1997,ODI # 1161,1161,Australia,Pakistan
Pakistan,West Indies,Pakistan,West Indies,8 wickets,Sydney,1/14/1997,ODI # 1163,1163,Australia,Pakistan
Australia,Pakistan,Australia,Pakistan,3 wickets,Melbourne,1/16/1997,ODI # 1164,1164,Australia,Pakistan
Pakistan,West Indies,Pakistan,West Indies,4 wickets,Sydney,1/18/1997,ODI # 1165,1165,Australia,Pakistan
Pakistan,West Indies,Pakistan,West Indies,62 runs,Melbourne,1/20/1997,ODI # 1166,1166,Australia,Pakistan
Pakistan,Sri Lanka,Sri Lanka,Pakistan,19 runs,Sharjah,4/4/1997,ODI # 1190,1190,United Arab Emirates,Pakistan
Pakistan,Zimbabwe,Pakistan,Zimbabwe,93 runs,Sharjah,4/6/1997,ODI # 1192,1192,United Arab Emirates,Pakistan
Pakistan,Sri Lanka,Sri Lanka,Pakistan,51 runs,Sharjah,4/7/1997,ODI # 1193,1193,United Arab Emirates,Pakistan
Pakistan,Zimbabwe,Pakistan,Zimbabwe,32 runs,Sharjah,4/9/1997,ODI # 1196,1196,United Arab Emirates,Pakistan
Pakistan,Sri Lanka,Sri Lanka,Pakistan,4 wickets,Sharjah,4/11/1997,ODI # 1198,1198,United Arab Emirates,Pakistan
New Zealand,Pakistan,New Zealand,Pakistan,22 runs,Mohali,5/9/1997,ODI # 1204,1204,India,Pakistan
Pakistan,Sri Lanka,Pakistan,Sri Lanka,30 runs,Gwalior,5/12/1997,ODI # 1205,1205,India,Pakistan
India,Pakistan,Pakistan,India,35 runs,Chennai,5/21/1997,ODI # 1209,1209,India,Pakistan
Pakistan,Sri Lanka,Sri Lanka,Pakistan,115 runs,Mohali,5/24/1997,ODI # 1212,1212,India,Pakistan
Pakistan,Sri Lanka,Sri Lanka,Pakistan,85 runs,Eden Gardens,5/27/1997,ODI # 1214,1214,India,Pakistan
Sri Lanka,Pakistan,Sri Lanka,Pakistan,15 runs,Colombo (RPS),7/14/1997,ODI # 1216,1216,Sri Lanka,Pakistan
Bangladesh,Pakistan,Pakistan,Bangladesh,109 runs,Colombo (RPS),7/16/1997,ODI # 1217,1217,Sri Lanka,Pakistan
India,Pakistan,no result,India,,Colombo (SSC),7/20/1997,ODI # 1219,1219,Sri Lanka,Pakistan
India,Pakistan,India,Pakistan,20 runs,Toronto,9/13/1997,ODI # 1227,1227,Canada,Pakistan
India,Pakistan,India,Pakistan,7 wickets,Toronto,9/14/1997,ODI # 1228,1228,Canada,Pakistan
India,Pakistan,no result,India,,Toronto,9/17/1997,ODI # 1229,1229,Canada,Pakistan
India,Pakistan,India,Pakistan,34 runs,Toronto,9/18/1997,ODI # 1230,1230,Canada,Pakistan
India,Pakistan,India,Pakistan,7 wickets,Toronto,9/20/1997,ODI # 1231,1231,Canada,Pakistan
India,Pakistan,Pakistan,India,5 wickets,Toronto,9/21/1997,ODI # 1232,1232,Canada,Pakistan
Pakistan,India,Pakistan,India,5 wickets,Hyderabad (Sind),9/28/1997,ODI # 1233,1233,India,Pakistan
Pakistan,India,India,Pakistan,4 wickets,Karachi,9/30/1997,ODI # 1234,1234,Pakistan,Pakistan
Pakistan,India,Pakistan,India,9 wickets,Lahore,10/2/1997,ODI # 1236,1236,Pakistan,Pakistan
Pakistan,South Africa,South Africa,Pakistan,9 runs,Lahore,11/2/1997,ODI # 1248,1248,Pakistan,Pakistan
Pakistan,West Indies,Pakistan,West Indies,8 wickets,Lahore,11/4/1997,ODI # 1250,1250,Pakistan,Pakistan
Pakistan,Sri Lanka,Sri Lanka,Pakistan,8 wickets,Lahore,11/5/1997,ODI # 1251,1251,Pakistan,Pakistan
Pakistan,West Indies,West Indies,Pakistan,43 runs,Sharjah,12/12/1997,ODI # 1260,1260,United Arab Emirates,Pakistan
India,Pakistan,Pakistan,India,4 wickets,Sharjah,12/14/1997,ODI # 1262,1262,United Arab Emirates,Pakistan
England,Pakistan,England,Pakistan,8 runs,Sharjah,12/15/1997,ODI # 1263,1263,United Arab Emirates,Pakistan
India,Pakistan,India,Pakistan,18 runs,Dhaka,1/11/1998,ODI # 1273,1273,Bangladesh,Pakistan
Bangladesh,Pakistan,Pakistan,Bangladesh,9 wickets,Dhaka,1/12/1998,ODI # 1274,1274,Bangladesh,Pakistan
India,Pakistan,India,Pakistan,8 wickets,Dhaka,1/14/1998,ODI # 1276,1276,Bangladesh,Pakistan
India,Pakistan,Pakistan,India,6 wickets,Dhaka,1/16/1998,ODI # 1277,1277,Bangladesh,Pakistan
India,Pakistan,India,Pakistan,3 wickets,Dhaka,1/18/1998,ODI # 1279,1279,Bangladesh,Pakistan
Zimbabwe,Pakistan,Pakistan,Zimbabwe,4 wickets,Harare,3/28/1998,ODI # 1297,1297,Zimbabwe,Pakistan
Zimbabwe,Pakistan,Pakistan,Zimbabwe,4 wickets,Harare,3/29/1998,ODI # 1298,1298,Zimbabwe,Pakistan
South Africa,Pakistan,South Africa,Pakistan,52 runs,Durban,4/3/1998,ODI # 1303,1303,South Africa,Pakistan
Pakistan,Sri Lanka,Pakistan,Sri Lanka,4 wickets,Kimberley,4/7/1998,ODI # 1309,1309,South Africa,Pakistan
Pakistan,Sri Lanka,Pakistan,Sri Lanka,110 runs,Paarl,4/9/1998,ODI # 1312,1312,South Africa,Pakistan
South Africa,Pakistan,South Africa,Pakistan,3 wickets,East London,4/11/1998,ODI # 1314,1314,South Africa,Pakistan
Pakistan,Sri Lanka,Sri Lanka,Pakistan,115 runs,Benoni,4/15/1998,ODI # 1317,1317,South Africa,Pakistan
South Africa,Pakistan,South Africa,Pakistan,7 wickets,Centurion,4/17/1998,ODI # 1318,1318,South Africa,Pakistan
South Africa,Pakistan,South Africa,Pakistan,9 wickets,Cape Town,4/23/1998,ODI # 1326,1326,South Africa,Pakistan
India,Pakistan,India,Pakistan,6 wickets,Toronto,9/12/1998,ODI # 1349,1349,Canada,Pakistan
India,Pakistan,Pakistan,India,51 runs,Toronto,9/13/1998,ODI # 1350,1350,Canada,Pakistan
India,Pakistan,Pakistan,India,77 runs,Toronto,9/16/1998,ODI # 1351,1351,Canada,Pakistan
India,Pakistan,Pakistan,India,134 runs,Toronto,9/19/1998,ODI # 1352,1352,Canada,Pakistan
India,Pakistan,Pakistan,India,5 wickets,Toronto,9/20/1998,ODI # 1353,1353,Canada,Pakistan
Pakistan,West Indies,West Indies,Pakistan,30 runs,Dhaka,10/29/1998,ODI # 1361,1361,Bangladesh,Pakistan
Pakistan,Australia,Australia,Pakistan,86 runs,Karachi,11/6/1998,ODI # 1365,1365,Pakistan,Pakistan
Pakistan,Australia,Australia,Pakistan,5 wickets,Peshawar,11/8/1998,ODI # 1368,1368,Pakistan,Pakistan
Pakistan,Australia,Australia,Pakistan,6 wickets,Lahore,11/10/1998,ODI # 1371,1371,Pakistan,Pakistan
Pakistan,Zimbabwe,Pakistan,Zimbabwe,4 wickets,Gujranwala,11/20/1998,ODI # 1375,1375,Pakistan,Pakistan
Pakistan,Zimbabwe,Zimbabwe,Pakistan,6 wickets,Sheikhupura,11/22/1998,ODI # 1376,1376,Pakistan,Pakistan
Pakistan,Zimbabwe,Pakistan,Zimbabwe,111 runs,Rawalpindi,11/24/1998,ODI # 1377,1377,Pakistan,Pakistan
Bangladesh,Pakistan,Pakistan,Bangladesh,152 runs,Dhaka,3/16/1999,ODI # 1410,1410,Bangladesh,Pakistan
Pakistan,Sri Lanka,Pakistan,Sri Lanka,9 runs,Jamshedpur,3/19/1999,ODI # 1411,1411,India,Pakistan
India,Pakistan,Pakistan,India,143 runs,Jaipur,3/24/1999,ODI # 1417,1417,India,Pakistan
Pakistan,Sri Lanka,Sri Lanka,Pakistan,12 runs,Visakhapatnam,3/27/1999,ODI # 1423,1423,India,Pakistan
India,Pakistan,Pakistan,India,7 wickets,Mohali,4/1/1999,ODI # 1427,1427,India,Pakistan
India,Pakistan,Pakistan,India,123 runs,Bengaluru,4/4/1999,ODI # 1428,1428,India,Pakistan
England,Pakistan,Pakistan,England,90 runs,Sharjah,4/7/1999,ODI # 1429,1429,United Arab Emirates,Pakistan
India,Pakistan,Pakistan,India,116 runs,Sharjah,4/8/1999,ODI # 1430,1430,United Arab Emirates,Pakistan
England,Pakistan,England,Pakistan,62 runs,Sharjah,4/12/1999,ODI # 1434,1434,United Arab Emirates,Pakistan
India,Pakistan,India,Pakistan,6 wickets,Sharjah,4/13/1999,ODI # 1435,1435,United Arab Emirates,Pakistan
India,Pakistan,Pakistan,India,8 wickets,Sharjah,4/16/1999,ODI # 1437,1437,United Arab Emirates,Pakistan
Pakistan,West Indies,Pakistan,West Indies,27 runs,Bristol,5/16/1999,ODI # 1447,1447,England,Pakistan
Pakistan,Scotland,Pakistan,Scotland,94 runs,Chester-le-Street,5/20/1999,ODI # 1453,1453,England,Pakistan
Australia,Pakistan,Pakistan,Australia,10 runs,Leeds,5/23/1999,ODI # 1458,1458,England,Pakistan
New Zealand,Pakistan,Pakistan,New Zealand,62 runs,Derby,5/28/1999,ODI # 1466,1466,England,Pakistan
Bangladesh,Pakistan,Bangladesh,Pakistan,62 runs,Northampton,5/31/1999,ODI # 1471,1471,England,Pakistan
Pakistan,South Africa,South Africa,Pakistan,3 wickets,Nottingham,6/5/1999,ODI # 1474,1474,England,Pakistan
India,Pakistan,India,Pakistan,47 runs,Manchester,6/8/1999,ODI # 1476,1476,England,Pakistan
Pakistan,Zimbabwe,Pakistan,Zimbabwe,148 runs,The Oval,6/11/1999,ODI # 1479,1479,England,Pakistan
New Zealand,Pakistan,Pakistan,New Zealand,9 wickets,Manchester,6/16/1999,ODI # 1482,1482,England,Pakistan
Australia,Pakistan,Australia,Pakistan,8 wickets,Lord's,6/20/1999,ODI # 1484,1484,England,Pakistan
Pakistan,West Indies,Pakistan,West Indies,15 runs,Toronto,9/16/1999,ODI # 1500,1500,Canada,Pakistan
Pakistan,West Indies,Pakistan,West Indies,42 runs,Toronto,9/18/1999,ODI # 1501,1501,Canada,Pakistan
Pakistan,West Indies,Pakistan,West Indies,7 wickets,Toronto,9/19/1999,ODI # 1502,1502,Canada,Pakistan
Pakistan,West Indies,Pakistan,West Indies,130 runs,Sharjah,10/14/1999,ODI # 1513,1513,United Arab Emirates,Pakistan
Pakistan,Sri Lanka,tied,Pakistan,,Sharjah,10/15/1999,ODI # 1514,1514,United Arab Emirates,Pakistan
Pakistan,Sri Lanka,Pakistan,Sri Lanka,118 runs,Sharjah,10/18/1999,ODI # 1516,1516,United Arab Emirates,Pakistan
Pakistan,West Indies,Pakistan,West Indies,138 runs,Sharjah,10/19/1999,ODI # 1517,1517,United Arab Emirates,Pakistan
Pakistan,Sri Lanka,Pakistan,Sri Lanka,88 runs,Sharjah,10/22/1999,ODI # 1519,1519,United Arab Emirates,Pakistan
Australia,Pakistan,Pakistan,Australia,45 runs,Brisbane,1/9/2000,ODI # 1536,1536,Australia,Pakistan
India,Pakistan,Pakistan,India,2 wickets,Brisbane,1/10/2000,ODI # 1537,1537,Australia,Pakistan
Australia,Pakistan,Australia,Pakistan,6 wickets,Melbourne,1/16/2000,ODI # 1541,1541,Australia,Pakistan
Australia,Pakistan,Australia,Pakistan,81 runs,Sydney,1/19/2000,ODI # 1542,1542,Australia,Pakistan
India,Pakistan,Pakistan,India,32 runs,Hobart,1/21/2000,ODI # 1543,1543,Australia,Pakistan
Australia,Pakistan,Australia,Pakistan,15 runs,Melbourne,1/23/2000,ODI # 1545,1545,Australia,Pakistan
India,Pakistan,India,Pakistan,48 runs,Adelaide,1/25/2000,ODI # 1547,1547,Australia,Pakistan
India,Pakistan,Pakistan,India,104 runs,Perth,1/28/2000,ODI # 1550,1550,Australia,Pakistan
Australia,Pakistan,Australia,Pakistan,6 wickets,Melbourne,2/2/2000,ODI # 1554,1554,Australia,Pakistan
Australia,Pakistan,Australia,Pakistan,152 runs,Sydney,2/4/2000,ODI # 1556,1556,Australia,Pakistan
Pakistan,Sri Lanka,Sri Lanka,Pakistan,29 runs,Karachi,2/13/2000,ODI # 1559,1559,Pakistan,Pakistan
Pakistan,Sri Lanka,Sri Lanka,Pakistan,34 runs,Gujranwala,2/16/2000,ODI # 1561,1561,Pakistan,Pakistan
Pakistan,Sri Lanka,Sri Lanka,Pakistan,104 runs,Lahore,2/19/2000,ODI # 1566,1566,Pakistan,Pakistan
India,Pakistan,India,Pakistan,5 wickets,Sharjah,3/23/2000,ODI # 1578,1578,United Arab Emirates,Pakistan
Pakistan,South Africa,South Africa,Pakistan,3 wickets,Sharjah,3/24/2000,ODI # 1579,1579,United Arab Emirates,Pakistan
India,Pakistan,Pakistan,India,98 runs,Sharjah,3/26/2000,ODI # 1580,1580,United Arab Emirates,Pakistan
Pakistan,South Africa,Pakistan,South Africa,67 runs,Sharjah,3/28/2000,ODI # 1582,1582,United Arab Emirates,Pakistan
Pakistan,South Africa,Pakistan,South Africa,16 runs,Sharjah,3/31/2000,ODI # 1583,1583,United Arab Emirates,Pakistan
Pakistan,Zimbabwe,Pakistan,Zimbabwe,5 wickets,St John's,4/5/2000,ODI # 1586,1586,West Indies,Pakistan
West Indies,Pakistan,West Indies,Pakistan,96 runs,Kingstown,4/12/2000,ODI # 1588,1588,West Indies,Pakistan
Pakistan,Zimbabwe,Pakistan,Zimbabwe,6 wickets,St George's,4/15/2000,ODI # 1590,1590,West Indies,Pakistan
West Indies,Pakistan,West Indies,Pakistan,17 runs,St George's,4/16/2000,ODI # 1592,1592,West Indies,Pakistan
West Indies,Pakistan,Pakistan,West Indies,17 runs,Bridgetown,4/19/2000,ODI # 1593,1593,West Indies,Pakistan
West Indies,Pakistan,West Indies,Pakistan,60 runs,Port of Spain,4/22/2000,ODI # 1594,1594,West Indies,Pakistan
West Indies,Pakistan,Pakistan,West Indies,4 wickets,Port of Spain,4/23/2000,ODI # 1595,1595,West Indies,Pakistan
Bangladesh,Pakistan,Pakistan,Bangladesh,233 runs,Dhaka,6/2/2000,ODI # 1599,1599,Bangladesh,Pakistan
India,Pakistan,Pakistan,India,44 runs,Dhaka,6/3/2000,ODI # 1600,1600,Bangladesh,Pakistan
Pakistan,Sri Lanka,Pakistan,Sri Lanka,7 wickets,Dhaka,6/5/2000,ODI # 1601,1601,Bangladesh,Pakistan
Pakistan,Sri Lanka,Pakistan,Sri Lanka,39 runs,Dhaka,6/7/2000,ODI # 1602,1602,Bangladesh,Pakistan
Sri Lanka,Pakistan,Sri Lanka,Pakistan,5 wickets,Galle,7/5/2000,ODI # 1603,1603,Sri Lanka,Pakistan
Pakistan,South Africa,South Africa,Pakistan,18 runs,Colombo (RPS),7/8/2000,ODI # 1606,1606,Sri Lanka,Pakistan
Sri Lanka,Pakistan,Sri Lanka,Pakistan,6 wickets,Colombo (RPS),7/9/2000,ODI # 1608,1608,Sri Lanka,Pakistan
Pakistan,South Africa,South Africa,Pakistan,7 wickets,Colombo (SSC),7/12/2000,ODI # 1612,1612,Sri Lanka,Pakistan
New Zealand,Pakistan,Pakistan,New Zealand,12 runs,Singapore,8/20/2000,ODI # 1623,1623,Singapore,Pakistan
Pakistan,South Africa,Pakistan,South Africa,28 runs,Singapore,8/23/2000,ODI # 1624,1624,Singapore,Pakistan
Pakistan,South Africa,South Africa,Pakistan,93 runs,Singapore,8/27/2000,ODI # 1626,1626,Singapore,Pakistan
Pakistan,Sri Lanka,Pakistan,Sri Lanka,9 wickets,Nairobi (Gym),10/8/2000,ODI # 1634,1634,Kenya,Pakistan
New Zealand,Pakistan,New Zealand,Pakistan,4 wickets,Nairobi (Gym),10/11/2000,ODI # 1637,1637,Kenya,Pakistan
Pakistan,England,England,Pakistan,5 wickets,Karachi,10/24/2000,ODI # 1645,1645,Pakistan,Pakistan
Pakistan,England,Pakistan,England,8 wickets,Lahore,10/27/2000,ODI # 1649,1649,Pakistan,Pakistan
Pakistan,England,Pakistan,England,6 wickets,Rawalpindi,10/30/2000,ODI # 1653,1653,Pakistan,Pakistan
New Zealand,Pakistan,Pakistan,New Zealand,6 wickets,Auckland,2/17/2001,ODI # 1689,1689,New Zealand,Pakistan
New Zealand,Pakistan,New Zealand,Pakistan,6 wickets,Napier,2/20/2001,ODI # 1690,1690,New Zealand,Pakistan
New Zealand,Pakistan,Pakistan,New Zealand,28 runs,Wellington,2/22/2001,ODI # 1691,1691,New Zealand,Pakistan
New Zealand,Pakistan,New Zealand,Pakistan,138 runs,Christchurch,2/25/2001,ODI # 1692,1692,New Zealand,Pakistan
New Zealand,Pakistan,New Zealand,Pakistan,4 wickets,Dunedin,2/28/2001,ODI # 1693,1693,New Zealand,Pakistan
Pakistan,Sri Lanka,Pakistan,Sri Lanka,16 runs,Sharjah,4/8/2001,ODI # 1704,1704,United Arab Emirates,Pakistan
New Zealand,Pakistan,Pakistan,New Zealand,8 wickets,Sharjah,4/12/2001,ODI # 1707,1707,United Arab Emirates,Pakistan
Pakistan,Sri Lanka,Pakistan,Sri Lanka,28 runs,Sharjah,4/13/2001,ODI # 1708,1708,United Arab Emirates,Pakistan
New Zealand,Pakistan,Pakistan,New Zealand,7 wickets,Sharjah,4/15/2001,ODI # 1709,1709,United Arab Emirates,Pakistan
Pakistan,Sri Lanka,Sri Lanka,Pakistan,77 runs,Sharjah,4/20/2001,ODI # 1711,1711,United Arab Emirates,Pakistan
England,Pakistan,Pakistan,England,108 runs,Birmingham,6/7/2001,ODI # 1719,1719,England,Pakistan
Australia,Pakistan,Australia,Pakistan,7 wickets,Cardiff,6/9/2001,ODI # 1720,1720,Wales,Pakistan
England,Pakistan,Pakistan,England,2 runs,Lord's,6/12/2001,ODI # 1722,1722,England,Pakistan
England,Pakistan,Pakistan,England,,Leeds,6/17/2001,ODI # 1724,1724,England,Pakistan
Australia,Pakistan,Pakistan,Australia,36 runs,Nottingham,6/19/2001,ODI # 1725,1725,England,Pakistan
Australia,Pakistan,Australia,Pakistan,9 wickets,Lord's,6/23/2001,ODI # 1728,1728,England,Pakistan
Pakistan,Sri Lanka,Sri Lanka,Pakistan,7 wickets,Sharjah,10/27/2001,ODI # 1767,1767,United Arab Emirates,Pakistan
Pakistan,Zimbabwe,Pakistan,Zimbabwe,106 runs,Sharjah,10/28/2001,ODI # 1768,1768,United Arab Emirates,Pakistan
Pakistan,Zimbabwe,Pakistan,Zimbabwe,29 runs,Sharjah,10/31/2001,ODI # 1770,1770,United Arab Emirates,Pakistan
Pakistan,Sri Lanka,Pakistan,Sri Lanka,7 wickets,Sharjah,11/2/2001,ODI # 1771,1771,United Arab Emirates,Pakistan
Pakistan,Sri Lanka,Pakistan,Sri Lanka,5 wickets,Sharjah,11/4/2001,ODI # 1772,1772,United Arab Emirates,Pakistan
Bangladesh,Pakistan,Pakistan,Bangladesh,49 runs,Chattogram,1/22/2002,ODI # 1790,1790,Bangladesh,Pakistan
Bangladesh,Pakistan,Pakistan,Bangladesh,72 runs,Dhaka,1/24/2002,ODI # 1793,1793,Bangladesh,Pakistan
Bangladesh,Pakistan,Pakistan,Bangladesh,8 wickets,Dhaka,1/25/2002,ODI # 1794,1794,Bangladesh,Pakistan
Pakistan,West Indies,Pakistan,West Indies,4 wickets,Sharjah,2/14/2002,ODI # 1807,1807,United Arab Emirates,Pakistan
Pakistan,West Indies,Pakistan,West Indies,51 runs,Sharjah,2/15/2002,ODI # 1808,1808,United Arab Emirates,Pakistan
Pakistan,West Indies,West Indies,Pakistan,110 runs,Sharjah,2/17/2002,ODI # 1810,1810,United Arab Emirates,Pakistan
Pakistan,Sri Lanka,Sri Lanka,Pakistan,41 runs,Sharjah,4/8/2002,ODI # 1825,1825,United Arab Emirates,Pakistan
New Zealand,Pakistan,Pakistan,New Zealand,51 runs,Sharjah,4/11/2002,ODI # 1828,1828,United Arab Emirates,Pakistan
Pakistan,Sri Lanka,Sri Lanka,Pakistan,9 runs,Sharjah,4/12/2002,ODI # 1829,1829,United Arab Emirates,Pakistan
New Zealand,Pakistan,Pakistan,New Zealand,8 wickets,Sharjah,4/15/2002,ODI # 1831,1831,United Arab Emirates,Pakistan
Pakistan,Sri Lanka,Pakistan,Sri Lanka,217 runs,Sharjah,4/17/2002,ODI # 1832,1832,United Arab Emirates,Pakistan
Pakistan,New Zealand,Pakistan,New Zealand,153 runs,Karachi,4/21/2002,ODI # 1833,1833,Pakistan,Pakistan
Pakistan,New Zealand,Pakistan,New Zealand,3 wickets,Rawalpindi,4/24/2002,ODI # 1834,1834,Pakistan,Pakistan
Pakistan,New Zealand,Pakistan,New Zealand,66 runs,Lahore,4/27/2002,ODI # 1835,1835,Pakistan,Pakistan
Australia,Pakistan,Australia,Pakistan,7 wickets,Melbourne (Docklands),6/12/2002,ODI # 1842,1842,Australia,Pakistan
Australia,Pakistan,Pakistan,Australia,2 wickets,Melbourne (Docklands),6/15/2002,ODI # 1844,1844,Australia,Pakistan
Australia,Pakistan,Pakistan,Australia,91 runs,Brisbane,6/19/2002,ODI # 1846,1846,Australia,Pakistan
Pakistan,South Africa,South Africa,Pakistan,54 runs,Tangier,8/12/2002,ODI # 1860,1860,Morocco,Pakistan
Pakistan,Sri Lanka,Pakistan,Sri Lanka,28 runs,Tangier,8/14/2002,ODI # 1861,1861,Morocco,Pakistan
Pakistan,Sri Lanka,Sri Lanka,Pakistan,39 runs,Tangier,8/17/2002,ODI # 1863,1863,Morocco,Pakistan
Pakistan,South Africa,South Africa,Pakistan,8 runs,Tangier,8/18/2002,ODI # 1864,1864,Morocco,Pakistan
Kenya,Pakistan,Pakistan,Kenya,4 wickets,Nairobi (Gym),8/29/2002,ODI # 1867,1867,Kenya,Pakistan
Australia,Pakistan,Australia,Pakistan,224 runs,Nairobi (Gym),8/30/2002,ODI # 1868,1868,Kenya,Pakistan
Kenya,Pakistan,Pakistan,Kenya,7 wickets,Nairobi (Gym),9/1/2002,ODI # 1869,1869,Kenya,Pakistan
Australia,Pakistan,Australia,Pakistan,9 wickets,Nairobi (Gym),9/4/2002,ODI # 1871,1871,Kenya,Pakistan
Australia,Pakistan,no result,Australia,,Nairobi (Gym),9/7/2002,ODI # 1873,1873,Kenya,Pakistan
Sri Lanka,Pakistan,Sri Lanka,Pakistan,8 wickets,Colombo (RPS),9/12/2002,ODI # 1874,1874,Sri Lanka,Pakistan
Netherlands,Pakistan,Pakistan,Netherlands,9 wickets,Colombo (SSC),9/21/2002,ODI # 1883,1883,Sri Lanka,Pakistan
Zimbabwe,Pakistan,Pakistan,Zimbabwe,7 runs,Bulawayo,11/23/2002,ODI # 1899,1899,Zimbabwe,Pakistan
Zimbabwe,Pakistan,Pakistan,Zimbabwe,104 runs,Bulawayo,11/24/2002,ODI # 1901,1901,Zimbabwe,Pakistan
Zimbabwe,Pakistan,Pakistan,Zimbabwe,48 runs,Harare,11/27/2002,ODI # 1902,1902,Zimbabwe,Pakistan
Zimbabwe,Pakistan,Pakistan,Zimbabwe,8 wickets,Harare,11/30/2002,ODI # 1906,1906,Zimbabwe,Pakistan
Zimbabwe,Pakistan,Pakistan,Zimbabwe,70 runs,Harare,12/1/2002,ODI # 1907,1907,Zimbabwe,Pakistan
South Africa,Pakistan,South Africa,Pakistan,132 runs,Durban,12/8/2002,ODI # 1914,1914,South Africa,Pakistan
South Africa,Pakistan,Pakistan,South Africa,182 runs,Gqeberha,12/11/2002,ODI # 1916,1916,South Africa,Pakistan
South Africa,Pakistan,South Africa,Pakistan,62 runs,East London,12/13/2002,ODI # 1918,1918,South Africa,Pakistan
South Africa,Pakistan,South Africa,Pakistan,9 wickets,Paarl,12/16/2002,ODI # 1921,1921,South Africa,Pakistan
South Africa,Pakistan,South Africa,Pakistan,34 runs,Cape Town,12/18/2002,ODI # 1923,1923,South Africa,Pakistan
Australia,Pakistan,Australia,Pakistan,82 runs,Johannesburg,2/11/2003,ODI # 1945,1945,South Africa,Pakistan
Namibia,Pakistan,Pakistan,Namibia,171 runs,Kimberley,2/16/2003,ODI # 1954,1954,South Africa,Pakistan
England,Pakistan,England,Pakistan,112 runs,Cape Town,2/22/2003,ODI # 1962,1962,South Africa,Pakistan
Netherlands,Pakistan,Pakistan,Netherlands,97 runs,Paarl,2/25/2003,ODI # 1967,1967,South Africa,Pakistan
India,Pakistan,India,Pakistan,6 wickets,Centurion,3/1/2003,ODI # 1975,1975,South Africa,Pakistan
Zimbabwe,Pakistan,no result,Zimbabwe,,Bulawayo,3/4/2003,ODI # 1980,1980,Zimbabwe,Pakistan
Pakistan,Zimbabwe,Pakistan,Zimbabwe,68 runs,Sharjah,4/3/2003,ODI # 1994,1994,United Arab Emirates,Pakistan
Pakistan,Sri Lanka,Pakistan,Sri Lanka,7 wickets,Sharjah,4/4/2003,ODI # 1995,1995,United Arab Emirates,Pakistan
Kenya,Pakistan,Pakistan,Kenya,143 runs,Sharjah,4/8/2003,ODI # 1999,1999,United Arab Emirates,Pakistan
Pakistan,Zimbabwe,Pakistan,Zimbabwe,8 wickets,Sharjah,4/10/2003,ODI # 2000,2000,United Arab Emirates,Pakistan
Sri Lanka,Pakistan,Pakistan,Sri Lanka,79 runs,Dambulla,5/10/2003,ODI # 2008,2008,Sri Lanka,Pakistan
New Zealand,Pakistan,New Zealand,Pakistan,7 wickets,Dambulla,5/11/2003,ODI # 2009,2009,Sri Lanka,Pakistan
Sri Lanka,Pakistan,Sri Lanka,Pakistan,12 runs,Dambulla,5/18/2003,ODI # 2012,2012,Sri Lanka,Pakistan
New Zealand,Pakistan,Pakistan,New Zealand,22 runs,Dambulla,5/20/2003,ODI # 2015,2015,Sri Lanka,Pakistan
New Zealand,Pakistan,New Zealand,Pakistan,4 wickets,Dambulla,5/23/2003,ODI # 2017,2017,Sri Lanka,Pakistan
England,Pakistan,Pakistan,England,2 wickets,Manchester,6/17/2003,ODI # 2025,2025,England,Pakistan
England,Pakistan,England,Pakistan,7 wickets,The Oval,6/20/2003,ODI # 2026,2026,England,Pakistan
England,Pakistan,England,Pakistan,4 wickets,Lord's,6/22/2003,ODI # 2027,2027,England,Pakistan
Pakistan,Bangladesh,Pakistan,Bangladesh,137 runs,Multan,9/9/2003,ODI # 2041,2041,Pakistan,Pakistan
Pakistan,Bangladesh,Pakistan,Bangladesh,74 runs,Faisalabad,9/12/2003,ODI # 2042,2042,Pakistan,Pakistan
Pakistan,Bangladesh,Pakistan,Bangladesh,42 runs,Lahore,9/15/2003,ODI # 2043,2043,Pakistan,Pakistan
Pakistan,Bangladesh,Pakistan,Bangladesh,5 wickets,Rawalpindi,9/18/2003,ODI # 2044,2044,Pakistan,Pakistan
Pakistan,Bangladesh,Pakistan,Bangladesh,58 runs,Karachi,9/21/2003,ODI # 2045,2045,Pakistan,Pakistan
Pakistan,South Africa,Pakistan,South Africa,8 runs,Lahore,10/3/2003,ODI # 2046,2046,Pakistan,Pakistan
Pakistan,South Africa,Pakistan,South Africa,42 runs,Lahore,10/5/2003,ODI # 2047,2047,Pakistan,Pakistan
Pakistan,South Africa,South Africa,Pakistan,13 runs,Faisalabad,10/7/2003,ODI # 2048,2048,Pakistan,Pakistan
Pakistan,South Africa,South Africa,Pakistan,6 wickets,Rawalpindi,10/10/2003,ODI # 2049,2049,Pakistan,Pakistan
Pakistan,South Africa,South Africa,Pakistan,7 wickets,Rawalpindi,10/12/2003,ODI # 2050,2050,Pakistan,Pakistan
Pakistan,New Zealand,Pakistan,New Zealand,3 wickets,Lahore,11/29/2003,ODI # 2068,2068,Pakistan,Pakistan
Pakistan,New Zealand,Pakistan,New Zealand,124 runs,Lahore,12/1/2003,ODI # 2071,2071,Pakistan,Pakistan
Pakistan,New Zealand,Pakistan,New Zealand,51 runs,Faisalabad,12/3/2003,ODI # 2072,2072,Pakistan,Pakistan
Pakistan,New Zealand,Pakistan,New Zealand,7 wickets,Rawalpindi,12/5/2003,ODI # 2073,2073,Pakistan,Pakistan
Pakistan,New Zealand,Pakistan,New Zealand,49 runs,Rawalpindi,12/7/2003,ODI # 2074,2074,Pakistan,Pakistan
New Zealand,Pakistan,New Zealand,Pakistan,4 wickets,Auckland,1/3/2004,ODI # 2075,2075,New Zealand,Pakistan
New Zealand,Pakistan,Pakistan,New Zealand,6 wickets,Queenstown,1/7/2004,ODI # 2076,2076,New Zealand,Pakistan
New Zealand,Pakistan,New Zealand,Pakistan,7 wickets,Christchurch,1/10/2004,ODI # 2078,2078,New Zealand,Pakistan
New Zealand,Pakistan,New Zealand,Pakistan,8 wickets,Napier,1/14/2004,ODI # 2081,2081,New Zealand,Pakistan
New Zealand,Pakistan,New Zealand,Pakistan,4 runs,Wellington,1/17/2004,ODI # 2083,2083,New Zealand,Pakistan
Pakistan,India,India,Pakistan,5 runs,Karachi,3/13/2004,ODI # 2112,2112,Pakistan,Pakistan
Pakistan,India,Pakistan,India,12 runs,Rawalpindi,3/16/2004,ODI # 2114,2114,Pakistan,Pakistan
Pakistan,India,Pakistan,India,4 wickets,Peshawar,3/19/2004,ODI # 2115,2115,Pakistan,Pakistan
Pakistan,India,India,Pakistan,5 wickets,Lahore,3/21/2004,ODI # 2116,2116,Pakistan,Pakistan
Pakistan,India,India,Pakistan,40 runs,Lahore,3/24/2004,ODI # 2117,2117,Pakistan,Pakistan
Bangladesh,Pakistan,Pakistan,Bangladesh,76 runs,Colombo (SSC),7/17/2004,ODI # 2145,2145,Sri Lanka,Pakistan
Hong Kong,Pakistan,Pakistan,Hong Kong,173 runs,Colombo (SSC),7/18/2004,ODI # 2147,2147,Sri Lanka,Pakistan
Sri Lanka,Pakistan,Sri Lanka,Pakistan,7 wickets,Colombo (RPS),7/21/2004,ODI # 2150,2150,Sri Lanka,Pakistan
India,Pakistan,Pakistan,India,59 runs,Colombo (RPS),7/25/2004,ODI # 2152,2152,Sri Lanka,Pakistan
Bangladesh,Pakistan,Pakistan,Bangladesh,6 wickets,Colombo (RPS),7/29/2004,ODI # 2154,2154,Sri Lanka,Pakistan
India,Pakistan,Pakistan,India,66 runs,Amstelveen,8/21/2004,ODI # 2157,2157,Netherlands,Pakistan
Australia,Pakistan,Australia,Pakistan,17 runs,Amstelveen,8/28/2004,ODI # 2162,2162,Netherlands,Pakistan
Australia,Pakistan,Australia,Pakistan,10 runs,Lord's,9/4/2004,ODI # 2166,2166,England,Pakistan
Kenya,Pakistan,Pakistan,Kenya,7 wickets,Birmingham,200409-14,ODI # 2174,2174,England,Pakistan
India,Pakistan,Pakistan,India,3 wickets,Birmingham,9/19/2004,ODI # 2179,2179,England,Pakistan
Pakistan,West Indies,West Indies,Pakistan,7 wickets,Southampton,9/22/2004,ODI # 2181,2181,England,Pakistan
Pakistan,Zimbabwe,Pakistan,Zimbabwe,144 runs,Multan,9/30/2004,ODI # 2183,2183,Pakistan,Pakistan
Pakistan,Zimbabwe,Pakistan,Zimbabwe,3 wickets,Peshawar,10/3/2004,ODI # 2184,2184,Pakistan,Pakistan
Pakistan,Sri Lanka,Pakistan,Sri Lanka,8 wickets,Karachi,10/6/2004,ODI # 2185,2185,Pakistan,Pakistan
Pakistan,Sri Lanka,Pakistan,Sri Lanka,6 wickets,Lahore,10/14/2004,ODI # 2187,2187,Pakistan,Pakistan
Pakistan,Sri Lanka,Sri Lanka,Pakistan,119 runs,Lahore,10/16/2004,ODI # 2188,2188,Pakistan,Pakistan
India,Pakistan,Pakistan,India,6 wickets,Eden Gardens,11/13/2004,ODI # 2192,2192,India,Pakistan
Australia,Pakistan,Australia,Pakistan,4 wickets,Hobart,1/16/2005,ODI # 2205,2205,Australia,Pakistan
Pakistan,West Indies,Pakistan,West Indies,6 wickets,Brisbane,1/19/2005,ODI # 2206,2206,Australia,Pakistan
Australia,Pakistan,Australia,Pakistan,9 wickets,Sydney,1/23/2005,ODI # 2209,2209,Australia,Pakistan
Pakistan,West Indies,West Indies,Pakistan,58 runs,Adelaide,1/28/2005,ODI # 2213,2213,Australia,Pakistan
Australia,Pakistan,Pakistan,Australia,3 wickets,Perth,1/30/2005,ODI # 2215,2215,Australia,Pakistan
Pakistan,West Indies,Pakistan,West Indies,30 runs,Perth,2/1/2005,ODI # 2218,2218,Australia,Pakistan
Australia,Pakistan,Australia,Pakistan,18 runs,Melbourne,2/4/2005,ODI # 2220,2220,Australia,Pakistan
Australia,Pakistan,Australia,Pakistan,31 runs,Sydney,2/6/2005,ODI # 2222,2222,Australia,Pakistan
India,Pakistan,India,Pakistan,87 runs,Kochi,4/2/2005,ODI # 2235,2235,India,Pakistan
India,Pakistan,India,Pakistan,58 runs,Visakhapatnam,4/5/2005,ODI # 2236,2236,India,Pakistan
India,Pakistan,Pakistan,India,106 runs,Jamshedpur,4/9/2005,ODI # 2237,2237,India,Pakistan
India,Pakistan,Pakistan,India,3 wickets,Ahmedabad,4/12/2005,ODI # 2238,2238,India,Pakistan
India,Pakistan,Pakistan,India,5 wickets,Kanpur,4/15/2005,ODI # 2239,2239,India,Pakistan
India,Pakistan,Pakistan,India,159 runs,Delhi,4/17/2005,ODI # 2240,2240,India,Pakistan
West Indies,Pakistan,Pakistan,West Indies,59 runs,Kingstown,5/18/2005,ODI # 2246,2246,West Indies,Pakistan
West Indies,Pakistan,Pakistan,West Indies,40 runs,Gros Islet,5/21/2005,ODI # 2247,2247,West Indies,Pakistan
West Indies,Pakistan,Pakistan,West Indies,22 runs,Gros Islet,5/22/2005,ODI # 2248,2248,West Indies,Pakistan
Pakistan,England,England,Pakistan,42 runs,Lahore,12/10/2005,ODI # 2304,2304,Pakistan,Pakistan
Pakistan,England,Pakistan,England,7 wickets,Lahore,12/12/2005,ODI # 2305,2305,Pakistan,Pakistan
Pakistan,England,Pakistan,England,165 runs,Karachi,12/15/2005,ODI # 2306,2306,Pakistan,Pakistan
Pakistan,England,Pakistan,England,13 runs,Rawalpindi,12/19/2005,ODI # 2307,2307,Pakistan,Pakistan
Pakistan,England,England,Pakistan,6 runs,Rawalpindi,12/21/2005,ODI # 2308,2308,Pakistan,Pakistan
Pakistan,India,Pakistan,India,7 runs,Peshawar,2/6/2006,ODI # 2324,2324,Pakistan,Pakistan
Pakistan,India,India,Pakistan,7 wickets,Rawalpindi,2/11/2006,ODI # 2327,2327,Pakistan,Pakistan
Pakistan,India,India,Pakistan,5 wickets,Lahore,2/13/2006,ODI # 2329,2329,Pakistan,Pakistan
Pakistan,India,India,Pakistan,5 wickets,Multan,2/16/2006,ODI # 2331,2331,Pakistan,Pakistan
Pakistan,India,India,Pakistan,8 wickets,Karachi,2/19/2006,ODI # 2333,2333,Pakistan,Pakistan
Sri Lanka,Pakistan,no result,Sri Lanka,,Colombo (RPS),3/17/2006,ODI # 2351,2351,Sri Lanka,Pakistan
Sri Lanka,Pakistan,Pakistan,Sri Lanka,4 wickets,Colombo (RPS),3/19/2006,ODI # 2352,2352,Sri Lanka,Pakistan
Sri Lanka,Pakistan,Pakistan,Sri Lanka,4 wickets,Colombo (SSC),3/22/2006,ODI # 2354,2354,Sri Lanka,Pakistan
India,Pakistan,Pakistan,India,6 wickets,Abu Dhabi,4/18/2006,ODI # 2363,2363,United Arab Emirates,Pakistan
India,Pakistan,India,Pakistan,51 runs,Abu Dhabi,4/19/2006,ODI # 2364,2364,United Arab Emirates,Pakistan
Scotland,Pakistan,Pakistan,Scotland,5 wickets,Edinburgh,6/27/2006,ODI # 2387,2387,Scotland,Pakistan
England,Pakistan,no result,England,,Cardiff,8/30/2006,ODI # 2408,2408,Wales,Pakistan
England,Pakistan,Pakistan,England,7 wickets,Lord's,9/2/2006,ODI # 2409,2409,England,Pakistan
England,Pakistan,Pakistan,England,2 wickets,Southampton,9/5/2006,ODI # 2410,2410,England,Pakistan
England,Pakistan,England,Pakistan,8 wickets,Nottingham,9/8/2006,ODI # 2411,2411,England,Pakistan
England,Pakistan,England,Pakistan,3 wickets,Birmingham,9/10/2006,ODI # 2412,2412,England,Pakistan
Pakistan,Sri Lanka,Pakistan,Sri Lanka,4 wickets,Jaipur,10/17/2006,ODI # 2431,2431,India,Pakistan
New Zealand,Pakistan,New Zealand,Pakistan,51 runs,Mohali,10/25/2006,ODI # 2436,2436,India,Pakistan
Pakistan,South Africa,South Africa,Pakistan,124 runs,Mohali,10/27/2006,ODI # 2438,2438,India,Pakistan
Pakistan,West Indies,Pakistan,West Indies,2 wickets,Faisalabad,12/7/2006,ODI # 2460,2460,Pakistan,Pakistan
Pakistan,West Indies,Pakistan,West Indies,7 wickets,Lahore,12/10/2006,ODI # 2463,2463,Pakistan,Pakistan
Pakistan,West Indies,West Indies,Pakistan,7 wickets,Multan,12/13/2006,ODI # 2464,2464,Pakistan,Pakistan
Pakistan,West Indies,Pakistan,West Indies,7 wickets,Karachi,12/16/2006,ODI # 2466,2466,Pakistan,Pakistan
South Africa,Pakistan,South Africa,Pakistan,164 runs,Centurion,2/4/2007,ODI # 2506,2506,South Africa,Pakistan
South Africa,Pakistan,Pakistan,South Africa,141 runs,Durban,2/7/2007,ODI # 2513,2513,South Africa,Pakistan
South Africa,Pakistan,no result,South Africa,,Gqeberha,2/9/2007,ODI # 2517,2517,South Africa,Pakistan
South Africa,Pakistan,South Africa,Pakistan,10 wickets,Cape Town,2/11/2007,ODI # 2521,2521,South Africa,Pakistan
South Africa,Pakistan,South Africa,Pakistan,9 wickets,Johannesburg,2/14/2007,ODI # 2523,2523,South Africa,Pakistan
West Indies,Pakistan,West Indies,Pakistan,54 runs,Kingston,3/13/2007,ODI # 2531,2531,West Indies,Pakistan
Ireland,Pakistan,Ireland,Pakistan,3 wickets,Kingston,3/17/2007,ODI # 2539,2539,West Indies,Pakistan
Pakistan,Zimbabwe,Pakistan,Zimbabwe,93 runs,Kingston,3/21/2007,ODI # 2547,2547,West Indies,Pakistan
Pakistan,Sri Lanka,Pakistan,Sri Lanka,5 wickets,Abu Dhabi,5/18/2007,ODI # 2584,2584,United Arab Emirates,Pakistan
Pakistan,Sri Lanka,Pakistan,Sri Lanka,98 runs,Abu Dhabi,5/20/2007,ODI # 2585,2585,United Arab Emirates,Pakistan
Pakistan,Sri Lanka,Sri Lanka,Pakistan,115 runs,Abu Dhabi,5/22/2007,ODI # 2586,2586,United Arab Emirates,Pakistan
Pakistan,South Africa,South Africa,Pakistan,45 runs,Lahore,10/18/2007,ODI # 2633,2633,Pakistan,Pakistan
Pakistan,South Africa,Pakistan,South Africa,25 runs,Lahore,10/20/2007,ODI # 2635,2635,Pakistan,Pakistan
Pakistan,South Africa,Pakistan,South Africa,6 wickets,Faisalabad,10/23/2007,ODI # 2637,2637,Pakistan,Pakistan
Pakistan,South Africa,South Africa,Pakistan,7 wickets,Multan,10/26/2007,ODI # 2639,2639,Pakistan,Pakistan
Pakistan,South Africa,South Africa,Pakistan,14 runs,Lahore,10/29/2007,ODI # 2642,2642,Pakistan,Pakistan
India,Pakistan,India,Pakistan,5 wickets,Guwahati,11/5/2007,ODI # 2643,2643,India,Pakistan
India,Pakistan,Pakistan,India,4 wickets,Mohali,11/8/2007,ODI # 2644,2644,India,Pakistan
India,Pakistan,India,Pakistan,46 runs,Kanpur,11/11/2007,ODI # 2645,2645,India,Pakistan
India,Pakistan,India,Pakistan,6 wickets,Gwalior,11/15/2007,ODI # 2646,2646,India,Pakistan
India,Pakistan,Pakistan,India,31 runs,Jaipur,11/18/2007,ODI # 2647,2647,India,Pakistan
Pakistan,Zimbabwe,Pakistan,Zimbabwe,104 runs,Karachi,1/21/2008,ODI # 2662,2662,Pakistan,Pakistan
Pakistan,Zimbabwe,Pakistan,Zimbabwe,5 wickets,Hyderabad (Sind),1/24/2008,ODI # 2663,2663,India,Pakistan
Pakistan,Zimbabwe,Pakistan,Zimbabwe,37 runs,Multan,1/27/2008,ODI # 2665,2665,Pakistan,Pakistan
Pakistan,Zimbabwe,Pakistan,Zimbabwe,7 wickets,Faisalabad,1/30/2008,ODI # 2667,2667,Pakistan,Pakistan
Pakistan,Zimbabwe,Pakistan,Zimbabwe,7 wickets,Sheikhupura,2/2/2008,ODI # 2669,2669,Pakistan,Pakistan
Pakistan,Bangladesh,Pakistan,Bangladesh,152 runs,Lahore,4/8/2008,ODI # 2696,2696,Pakistan,Pakistan
Pakistan,Bangladesh,Pakistan,Bangladesh,7 wickets,Faisalabad,4/11/2008,ODI # 2698,2698,Pakistan,Pakistan
Pakistan,Bangladesh,Pakistan,Bangladesh,23 runs,Lahore,4/13/2008,ODI # 2700,2700,Pakistan,Pakistan
Pakistan,Bangladesh,Pakistan,Bangladesh,7 wickets,Multan,4/16/2008,ODI # 2702,2702,Pakistan,Pakistan
Pakistan,Bangladesh,Pakistan,Bangladesh,150 runs,Karachi,4/19/2008,ODI # 2703,2703,Pakistan,Pakistan
Bangladesh,Pakistan,Pakistan,Bangladesh,70 runs,Mirpur,6/8/2008,ODI # 2704,2704,Bangladesh,Pakistan
India,Pakistan,India,Pakistan,140 runs,Mirpur,6/10/2008,ODI # 2705,2705,Bangladesh,Pakistan
India,Pakistan,Pakistan,India,25 runs,Mirpur,6/14/2008,ODI # 2707,2707,Bangladesh,Pakistan
Pakistan,Hong Kong,Pakistan,Hong Kong,155 runs,Karachi,6/24/2008,ODI # 2712,2712,Pakistan,Pakistan
Pakistan,India,India,Pakistan,6 wickets,Karachi,6/26/2008,ODI # 2717,2717,Pakistan,Pakistan
Pakistan,Sri Lanka,Sri Lanka,Pakistan,64 runs,Karachi,6/29/2008,ODI # 2723,2723,Pakistan,Pakistan
Pakistan,India,Pakistan,India,8 wickets,Karachi,7/2/2008,ODI # 2730,2730,Pakistan,Pakistan
Pakistan,Bangladesh,Pakistan,Bangladesh,10 wickets,Karachi,7/4/2008,ODI # 2733,2733,Pakistan,Pakistan
Pakistan,West Indies,Pakistan,West Indies,4 wickets,Abu Dhabi,11/12/2008,ODI # 2773,2773,United Arab Emirates,Pakistan
Pakistan,West Indies,Pakistan,West Indies,24 runs,Abu Dhabi,11/14/2008,ODI # 2775,2775,United Arab Emirates,Pakistan
Pakistan,West Indies,Pakistan,West Indies,31 runs,Abu Dhabi,11/16/2008,ODI # 2776,2776,United Arab Emirates,Pakistan
Pakistan,Sri Lanka,Pakistan,Sri Lanka,8 wickets,Karachi,1/20/2009,ODI # 2798,2798,Pakistan,Pakistan
Pakistan,Sri Lanka,Sri Lanka,Pakistan,129 runs,Karachi,1/21/2009,ODI # 2800,2800,Pakistan,Pakistan
Pakistan,Sri Lanka,Sri Lanka,Pakistan,234 runs,Lahore,1/24/2009,ODI # 2803,2803,Pakistan,Pakistan
Australia,Pakistan,Pakistan,Australia,4 wickets,Dubai (DSC),4/22/2009,ODI # 2845,2845,United Arab Emirates,Pakistan
Australia,Pakistan,Australia,Pakistan,6 wickets,Dubai (DSC),4/24/2009,ODI # 2846,2846,United Arab Emirates,Pakistan
Australia,Pakistan,Australia,Pakistan,27 runs,Abu Dhabi,4/27/2009,ODI # 2847,2847,United Arab Emirates,Pakistan
Australia,Pakistan,Australia,Pakistan,8 wickets,Abu Dhabi,5/1/2009,ODI # 2848,2848,United Arab Emirates,Pakistan
Australia,Pakistan,Pakistan,Australia,7 wickets,Abu Dhabi,5/3/2009,ODI # 2849,2849,United Arab Emirates,Pakistan
Sri Lanka,Pakistan,Sri Lanka,Pakistan,36 runs,Dambulla,7/30/2009,ODI # 2864,2864,Sri Lanka,Pakistan
Sri Lanka,Pakistan,Sri Lanka,Pakistan,6 wickets,Dambulla,8/1/2009,ODI # 2866,2866,Sri Lanka,Pakistan
Sri Lanka,Pakistan,Sri Lanka,Pakistan,6 wickets,Dambulla,8/3/2009,ODI # 2867,2867,Sri Lanka,Pakistan
Sri Lanka,Pakistan,Pakistan,Sri Lanka,146 runs,Colombo (RPS),8/7/2009,ODI # 2868,2868,Sri Lanka,Pakistan
Sri Lanka,Pakistan,Pakistan,Sri Lanka,132 runs,Colombo (RPS),8/9/2009,ODI # 2870,2870,Sri Lanka,Pakistan
Pakistan,West Indies,Pakistan,West Indies,5 wickets,Johannesburg,9/23/2009,ODI # 2894,2894,South Africa,Pakistan
India,Pakistan,Pakistan,India,54 runs,Centurion,9/26/2009,ODI # 2898,2898,South Africa,Pakistan
Australia,Pakistan,Australia,Pakistan,2 wickets,Centurion,9/30/2009,ODI # 2903,2903,South Africa,Pakistan
New Zealand,Pakistan,New Zealand,Pakistan,5 wickets,Johannesburg,10/3/2009,ODI # 2906,2906,South Africa,Pakistan
New Zealand,Pakistan,Pakistan,New Zealand,138 runs,Abu Dhabi,11/3/2009,ODI # 2921,2921,United Arab Emirates,Pakistan
New Zealand,Pakistan,New Zealand,Pakistan,64 runs,Abu Dhabi,11/6/2009,ODI # 2924,2924,United Arab Emirates,Pakistan
New Zealand,Pakistan,New Zealand,Pakistan,7 runs,Abu Dhabi,11/9/2009,ODI # 2927,2927,United Arab Emirates,Pakistan
Australia,Pakistan,Australia,Pakistan,5 wickets,Brisbane,1/22/2010,ODI # 2944,2944,Australia,Pakistan
Australia,Pakistan,Australia,Pakistan,140 runs,Sydney,1/24/2010,ODI # 2945,2945,Australia,Pakistan
Australia,Pakistan,Australia,Pakistan,40 runs,Adelaide,1/26/2010,ODI # 2946,2946,Australia,Pakistan
Australia,Pakistan,Australia,Pakistan,135 runs,Perth,1/29/2010,ODI # 2947,2947,Australia,Pakistan
Australia,Pakistan,Australia,Pakistan,2 wickets,Perth,1/31/2010,ODI # 2948,2948,Australia,Pakistan
Sri Lanka,Pakistan,Sri Lanka,Pakistan,16 runs,Dambulla,6/15/2010,ODI # 2991,2991,Sri Lanka,Pakistan
India,Pakistan,India,Pakistan,3 wickets,Dambulla,6/19/2010,ODI # 2996,2996,Sri Lanka,Pakistan
Bangladesh,Pakistan,Pakistan,Bangladesh,139 runs,Dambulla,6/21/2010,ODI # 2998,2998,Sri Lanka,Pakistan
England,Pakistan,England,Pakistan,24 runs,Chester-le-Street,9/10/2010,ODI # 3043,3043,England,Pakistan
England,Pakistan,England,Pakistan,4 wickets,Leeds,9/12/2010,ODI # 3044,3044,England,Pakistan
England,Pakistan,Pakistan,England,23 runs,The Oval,9/17/2010,ODI # 3045,3045,England,Pakistan
England,Pakistan,Pakistan,England,38 runs,Lord's,9/20/2010,ODI # 3046,3046,England,Pakistan
England,Pakistan,England,Pakistan,121 runs,Southampton,9/22/2010,ODI # 3047,3047,England,Pakistan
Pakistan,South Africa,South Africa,Pakistan,8 wickets,Abu Dhabi,10/29/2010,ODI # 3062,3062,United Arab Emirates,Pakistan
Pakistan,South Africa,Pakistan,South Africa,1 wicket,Abu Dhabi,10/31/2010,ODI # 3063,3063,United Arab Emirates,Pakistan
Pakistan,South Africa,South Africa,Pakistan,2 runs,Dubai (DSC),11/2/2010,ODI # 3064,3064,United Arab Emirates,Pakistan
Pakistan,South Africa,Pakistan,South Africa,1 wicket,Dubai (DSC),11/5/2010,ODI # 3067,3067,United Arab Emirates,Pakistan
Pakistan,South Africa,South Africa,Pakistan,57 runs,Dubai (DSC),11/8/2010,ODI # 3069,3069,United Arab Emirates,Pakistan
New Zealand,Pakistan,New Zealand,Pakistan,9 wickets,Wellington,1/22/2011,ODI # 3085,3085,New Zealand,Pakistan
New Zealand,Pakistan,no result,New Zealand,,Queenstown,1/26/2011,ODI # 3088,3088,New Zealand,Pakistan
New Zealand,Pakistan,Pakistan,New Zealand,43 runs,Christchurch,1/29/2011,ODI # 3090,3090,New Zealand,Pakistan
New Zealand,Pakistan,Pakistan,New Zealand,2 wickets,Napier,2/1/2011,ODI # 3093,3093,New Zealand,Pakistan
New Zealand,Pakistan,Pakistan,New Zealand,41 runs,Hamilton,2/3/2011,ODI # 3095,3095,New Zealand,Pakistan
New Zealand,Pakistan,New Zealand,Pakistan,57 runs,Auckland,2/5/2011,ODI # 3097,3097,New Zealand,Pakistan
Kenya,Pakistan,Pakistan,Kenya,205 runs,Hambantota,2/23/2011,ODI # 3105,3105,Sri Lanka,Pakistan
Sri Lanka,Pakistan,Pakistan,Sri Lanka,11 runs,Colombo (RPS),2/26/2011,ODI # 3109,3109,Sri Lanka,Pakistan
Canada,Pakistan,Pakistan,Canada,46 runs,Colombo (RPS),3/3/2011,ODI # 3116,3116,Sri Lanka,Pakistan
New Zealand,Pakistan,New Zealand,Pakistan,110 runs,Pallekele,3/8/2011,ODI # 3123,3123,Sri Lanka,Pakistan
Pakistan,Zimbabwe,Pakistan,Zimbabwe,7 wickets,Pallekele,3/14/2011,ODI # 3132,3132,Sri Lanka,Pakistan
Australia,Pakistan,Pakistan,Australia,4 wickets,Colombo (RPS),3/19/2011,ODI # 3139,3139,Sri Lanka,Pakistan
Pakistan,West Indies,Pakistan,West Indies,10 wickets,Mirpur,3/23/2011,ODI # 3142,3142,Bangladesh,Pakistan
India,Pakistan,India,Pakistan,29 runs,Mohali,3/30/2011,ODI # 3147,3147,India,Pakistan
West Indies,Pakistan,Pakistan,West Indies,8 wickets,Gros Islet,4/23/2011,ODI # 3152,3152,West Indies,Pakistan
West Indies,Pakistan,Pakistan,West Indies,7 wickets,Gros Islet,4/25/2011,ODI # 3153,3153,West Indies,Pakistan
West Indies,Pakistan,Pakistan,West Indies,3 wickets,Bridgetown,4/28/2011,ODI # 3154,3154,West Indies,Pakistan
West Indies,Pakistan,West Indies,Pakistan,1 run,Bridgetown,5/2/2011,ODI # 3155,3155,West Indies,Pakistan
West Indies,Pakistan,West Indies,Pakistan,10 wickets,Providence,5/5/2011,ODI # 3156,3156,West Indies,Pakistan
Ireland,Pakistan,Pakistan,Ireland,7 wickets,Belfast,5/28/2011,ODI # 3157,3157,Northern Ireland,Pakistan
Ireland,Pakistan,Pakistan,Ireland,5 wickets,Belfast,5/30/2011,ODI # 3158,3158,Northern Ireland,Pakistan
Zimbabwe,Pakistan,Pakistan,Zimbabwe,5 runs,Bulawayo,9/8/2011,ODI # 3188,3188,Zimbabwe,Pakistan
Zimbabwe,Pakistan,Pakistan,Zimbabwe,10 wickets,Harare,9/11/2011,ODI # 3190,3190,Zimbabwe,Pakistan
Zimbabwe,Pakistan,Pakistan,Zimbabwe,28 runs,Harare,9/14/2011,ODI # 3194,3194,Zimbabwe,Pakistan
Pakistan,Sri Lanka,Pakistan,Sri Lanka,8 wickets,Dubai (DSC),11/11/2011,ODI # 3212,3212,United Arab Emirates,Pakistan
Pakistan,Sri Lanka,Sri Lanka,Pakistan,25 runs,Dubai (DSC),11/14/2011,ODI # 3213,3213,United Arab Emirates,Pakistan
Pakistan,Sri Lanka,Pakistan,Sri Lanka,21 runs,Dubai (DSC),11/18/2011,ODI # 3214,3214,United Arab Emirates,Pakistan
Pakistan,Sri Lanka,Pakistan,Sri Lanka,26 runs,Sharjah,11/20/2011,ODI # 3215,3215,United Arab Emirates,Pakistan
Pakistan,Sri Lanka,Pakistan,Sri Lanka,3 wickets,Abu Dhabi,11/23/2011,ODI # 3216,3216,United Arab Emirates,Pakistan
Bangladesh,Pakistan,Pakistan,Bangladesh,5 wickets,Mirpur,12/1/2011,ODI # 3218,3218,Bangladesh,Pakistan
Bangladesh,Pakistan,Pakistan,Bangladesh,76 runs,Mirpur,12/3/2011,ODI # 3220,3220,Bangladesh,Pakistan
Bangladesh,Pakistan,Pakistan,Bangladesh,58 runs,Chattogram,12/6/2011,ODI # 3222,3222,Bangladesh,Pakistan
Afghanistan,Pakistan,Pakistan,Afghanistan,7 wickets,Sharjah,2/10/2012,ODI # 3236,3236,United Arab Emirates,Pakistan
England,Pakistan,England,Pakistan,130 runs,Abu Dhabi,2/13/2012,ODI # 3238,3238,United Arab Emirates,Pakistan
England,Pakistan,England,Pakistan,20 runs,Abu Dhabi,2/15/2012,ODI # 3240,3240,United Arab Emirates,Pakistan
England,Pakistan,England,Pakistan,9 wickets,Dubai (DSC),2/18/2012,ODI # 3243,3243,United Arab Emirates,Pakistan
England,Pakistan,England,Pakistan,4 wickets,Dubai (DSC),2/21/2012,ODI # 3247,3247,United Arab Emirates,Pakistan
Bangladesh,Pakistan,Pakistan,Bangladesh,21 runs,Mirpur,3/11/2012,ODI # 3258,3258,Bangladesh,Pakistan
Pakistan,Sri Lanka,Pakistan,Sri Lanka,6 wickets,Mirpur,3/15/2012,ODI # 3260,3260,Bangladesh,Pakistan
India,Pakistan,India,Pakistan,6 wickets,Mirpur,3/18/2012,ODI # 3263,3263,Bangladesh,Pakistan
Bangladesh,Pakistan,Pakistan,Bangladesh,2 runs,Mirpur,3/22/2012,ODI # 3267,3267,Bangladesh,Pakistan
Sri Lanka,Pakistan,Pakistan,Sri Lanka,6 wickets,Pallekele,6/7/2012,ODI # 3272,3272,Sri Lanka,Pakistan
Sri Lanka,Pakistan,Sri Lanka,Pakistan,76 runs,Pallekele,6/9/2012,ODI # 3273,3273,Sri Lanka,Pakistan
Sri Lanka,Pakistan,no result,Sri Lanka,,Colombo (RPS),6/13/2012,ODI # 3274,3274,Sri Lanka,Pakistan
Sri Lanka,Pakistan,Sri Lanka,Pakistan,44 runs,Colombo (RPS),6/16/2012,ODI # 3275,3275,Sri Lanka,Pakistan
Sri Lanka,Pakistan,Sri Lanka,Pakistan,2 wickets,Colombo (RPS),6/18/2012,ODI # 3277,3277,Sri Lanka,Pakistan
Australia,Pakistan,Australia,Pakistan,4 wickets,Sharjah,8/28/2012,ODI # 3299,3299,United Arab Emirates,Pakistan
Australia,Pakistan,Pakistan,Australia,7 wickets,Abu Dhabi,8/31/2012,ODI # 3301,3301,United Arab Emirates,Pakistan
Australia,Pakistan,Australia,Pakistan,3 wickets,Sharjah,9/3/2012,ODI # 3303,3303,United Arab Emirates,Pakistan
India,Pakistan,Pakistan,India,6 wickets,Chennai,12/30/2012,ODI # 3314,3314,India,Pakistan
India,Pakistan,Pakistan,India,85 runs,Eden Gardens,1/3/2013,ODI # 3315,3315,India,Pakistan
India,Pakistan,India,Pakistan,10 runs,Delhi,1/6/2013,ODI # 3316,3316,India,Pakistan
South Africa,Pakistan,South Africa,Pakistan,125 runs,Bloemfontein,3/10/2013,ODI # 3343,3343,South Africa,Pakistan
South Africa,Pakistan,Pakistan,South Africa,6 wickets,Centurion,3/15/2013,ODI # 3346,3346,South Africa,Pakistan
South Africa,Pakistan,South Africa,Pakistan,34 runs,Johannesburg,3/17/2013,ODI # 3347,3347,South Africa,Pakistan
South Africa,Pakistan,Pakistan,South Africa,3 wickets,Durban,3/21/2013,ODI # 3348,3348,South Africa,Pakistan
South Africa,Pakistan,South Africa,Pakistan,6 wickets,Benoni,3/24/2013,ODI # 3350,3350,South Africa,Pakistan
Scotland,Pakistan,Pakistan,Scotland,96 runs,Edinburgh,5/17/2013,ODI # 3356,3356,Scotland,Pakistan
Ireland,Pakistan,tied,Ireland,,Dublin,5/23/2013,ODI # 3357,3357,Ireland,Pakistan
Ireland,Pakistan,Pakistan,Ireland,2 wickets,Dublin,5/26/2013,ODI # 3358,3358,Ireland,Pakistan
Pakistan,West Indies,West Indies,Pakistan,2 wickets,The Oval,6/7/2013,ODI # 3364,3364,England,Pakistan
Pakistan,South Africa,South Africa,Pakistan,67 runs,Birmingham,6/10/2013,ODI # 3367,3367,England,Pakistan
India,Pakistan,India,Pakistan,8 wickets,Birmingham,6/15/2013,ODI # 3372,3372,England,Pakistan
West Indies,Pakistan,Pakistan,West Indies,126 runs,Providence,7/14/2013,ODI # 3389,3389,West Indies,Pakistan
West Indies,Pakistan,West Indies,Pakistan,37 runs,Providence,7/16/2013,ODI # 3390,3390,West Indies,Pakistan
West Indies,Pakistan,tied,West Indies,,Gros Islet,7/19/2013,ODI # 3391,3391,West Indies,Pakistan
West Indies,Pakistan,Pakistan,West Indies,6 wickets,Gros Islet,7/21/2013,ODI # 3393,3393,West Indies,Pakistan
West Indies,Pakistan,Pakistan,West Indies,4 wickets,Gros Islet,7/24/2013,ODI # 3396,3396,West Indies,Pakistan
Zimbabwe,Pakistan,Zimbabwe,Pakistan,7 wickets,Harare,8/27/2013,ODI # 3404,3404,Zimbabwe,Pakistan
Zimbabwe,Pakistan,Pakistan,Zimbabwe,90 runs,Harare,8/29/2013,ODI # 3406,3406,Zimbabwe,Pakistan
Zimbabwe,Pakistan,Pakistan,Zimbabwe,108 runs,Harare,8/31/2013,ODI # 3408,3408,Zimbabwe,Pakistan
Pakistan,South Africa,South Africa,Pakistan,1 run,Sharjah,10/30/2013,ODI # 3425,3425,United Arab Emirates,Pakistan
Pakistan,South Africa,Pakistan,South Africa,66 runs,Dubai (DSC),11/1/2013,ODI # 3427,3427,United Arab Emirates,Pakistan
Pakistan,South Africa,South Africa,Pakistan,68 runs,Abu Dhabi,11/6/2013,ODI # 3430,3430,United Arab Emirates,Pakistan
Pakistan,South Africa,South Africa,Pakistan,28 runs,Abu Dhabi,11/8/2013,ODI # 3431,3431,United Arab Emirates,Pakistan
Pakistan,South Africa,South Africa,Pakistan,117 runs,Sharjah,11/11/2013,ODI # 3433,3433,United Arab Emirates,Pakistan
South Africa,Pakistan,Pakistan,South Africa,23 runs,Cape Town,11/24/2013,ODI # 3438,3438,South Africa,Pakistan
South Africa,Pakistan,Pakistan,South Africa,1 run,Gqeberha,11/27/2013,ODI # 3440,3440,South Africa,Pakistan
South Africa,Pakistan,South Africa,Pakistan,4 wickets,Centurion,11/30/2013,ODI # 3441,3441,South Africa,Pakistan
Pakistan,Sri Lanka,Pakistan,Sri Lanka,11 runs,Sharjah,12/18/2013,ODI # 3445,3445,United Arab Emirates,Pakistan
Pakistan,Sri Lanka,Sri Lanka,Pakistan,2 wickets,Dubai (DSC),12/20/2013,ODI # 3446,3446,United Arab Emirates,Pakistan
Pakistan,Sri Lanka,Pakistan,Sri Lanka,113 runs,Sharjah,12/22/2013,ODI # 3447,3447,United Arab Emirates,Pakistan
Pakistan,Sri Lanka,Pakistan,Sri Lanka,8 wickets,Abu Dhabi,12/25/2013,ODI # 3448,3448,United Arab Emirates,Pakistan
Pakistan,Sri Lanka,Sri Lanka,Pakistan,2 wickets,Abu Dhabi,12/27/2013,ODI # 3450,3450,United Arab Emirates,Pakistan
Pakistan,Sri Lanka,Sri Lanka,Pakistan,12 runs,Fatullah,2/25/2014,ODI # 3473,3473,Bangladesh,Pakistan
Afghanistan,Pakistan,Pakistan,Afghanistan,72 runs,Fatullah,2/27/2014,ODI # 3475,3475,Bangladesh,Pakistan
India,Pakistan,Pakistan,India,1 wicket,Mirpur,3/2/2014,ODI # 3479,3479,Bangladesh,Pakistan
Bangladesh,Pakistan,Pakistan,Bangladesh,3 wickets,Mirpur,3/4/2014,ODI # 3482,3482,Bangladesh,Pakistan
Pakistan,Sri Lanka,Sri Lanka,Pakistan,5 wickets,Mirpur,3/8/2014,ODI # 3486,3486,Bangladesh,Pakistan
Sri Lanka,Pakistan,Pakistan,Sri Lanka,4 wickets,Hambantota,8/23/2014,ODI # 3512,3512,Sri Lanka,Pakistan
Sri Lanka,Pakistan,Sri Lanka,Pakistan,77 runs,Hambantota,8/26/2014,ODI # 3515,3515,Sri Lanka,Pakistan
Sri Lanka,Pakistan,Sri Lanka,Pakistan,7 wickets,Dambulla,8/30/2014,ODI # 3519,3519,Sri Lanka,Pakistan
Australia,Pakistan,Australia,Pakistan,93 runs,Sharjah,10/7/2014,ODI # 3530,3530,United Arab Emirates,Pakistan
Australia,Pakistan,Australia,Pakistan,5 wickets,Dubai (DSC),10/10/2014,ODI # 3532,3532,United Arab Emirates,Pakistan
Australia,Pakistan,Australia,Pakistan,1 run,Abu Dhabi,10/12/2014,ODI # 3534,3534,United Arab Emirates,Pakistan
New Zealand,Pakistan,Pakistan,New Zealand,3 wickets,Dubai (DSC),12/8/2014,ODI # 3564,3564,United Arab Emirates,Pakistan
New Zealand,Pakistan,New Zealand,Pakistan,4 wickets,Sharjah,12/12/2014,ODI # 3566,3566,United Arab Emirates,Pakistan
New Zealand,Pakistan,Pakistan,New Zealand,147 runs,Sharjah,12/14/2014,ODI # 3568,3568,United Arab Emirates,Pakistan
New Zealand,Pakistan,New Zealand,Pakistan,7 runs,Abu Dhabi,12/17/2014,ODI # 3570,3570,United Arab Emirates,Pakistan
New Zealand,Pakistan,New Zealand,Pakistan,68 runs,Abu Dhabi,12/19/2014,ODI # 3571,3571,United Arab Emirates,Pakistan
New Zealand,Pakistan,New Zealand,Pakistan,7 wickets,Wellington,1/31/2015,ODI # 3596,3596,New Zealand,Pakistan
New Zealand,Pakistan,New Zealand,Pakistan,119 runs,Napier,2/3/2015,ODI # 3598,3598,New Zealand,Pakistan
India,Pakistan,India,Pakistan,76 runs,Adelaide,2/15/2015,ODI # 3602,3602,Australia,Pakistan
Pakistan,West Indies,West Indies,Pakistan,150 runs,Christchurch,2/21/2015,ODI # 3608,3608,New Zealand,Pakistan
Pakistan,Zimbabwe,Pakistan,Zimbabwe,20 runs,Brisbane,3/1/2015,ODI # 3620,3620,Australia,Pakistan
Pakistan,U.A.E.,Pakistan,U.A.E.,129 runs,Napier,3/4/2015,ODI # 3622,3622,New Zealand,Pakistan
Pakistan,South Africa,Pakistan,South Africa,29 runs,Auckland,3/7/2015,ODI # 3626,3626,New Zealand,Pakistan
Ireland,Pakistan,Pakistan,Ireland,7 wickets,Adelaide,3/15/2015,ODI # 3639,3639,Australia,Pakistan
Australia,Pakistan,Australia,Pakistan,6 wickets,Adelaide,3/20/2015,ODI # 3642,3642,Australia,Pakistan
Bangladesh,Pakistan,Bangladesh,Pakistan,79 runs,Mirpur,4/17/2015,ODI # 3647,3647,Bangladesh,Pakistan
Bangladesh,Pakistan,Bangladesh,Pakistan,7 wickets,Mirpur,4/19/2015,ODI # 3648,3648,Bangladesh,Pakistan
Bangladesh,Pakistan,Bangladesh,Pakistan,8 wickets,Mirpur,4/22/2015,ODI # 3649,3649,Bangladesh,Pakistan
Pakistan,Zimbabwe,Pakistan,Zimbabwe,41 runs,Lahore,5/26/2015,ODI # 3651,3651,Pakistan,Pakistan
Pakistan,Zimbabwe,Pakistan,Zimbabwe,6 wickets,Lahore,5/29/2015,ODI # 3652,3652,Pakistan,Pakistan
Pakistan,Zimbabwe,no result,Pakistan,,Lahore,5/31/2015,ODI # 3653,3653,Pakistan,Pakistan
Sri Lanka,Pakistan,Pakistan,Sri Lanka,6 wickets,Dambulla,7/11/2015,ODI # 3664,3664,Sri Lanka,Pakistan
Sri Lanka,Pakistan,Sri Lanka,Pakistan,2 wickets,Pallekele,7/15/2015,ODI # 3669,3669,Sri Lanka,Pakistan
Sri Lanka,Pakistan,Pakistan,Sri Lanka,135 runs,Colombo (RPS),7/19/2015,ODI # 3670,3670,Sri Lanka,Pakistan
Sri Lanka,Pakistan,Pakistan,Sri Lanka,7 wickets,Colombo (RPS),7/22/2015,ODI # 3671,3671,Sri Lanka,Pakistan
Sri Lanka,Pakistan,Sri Lanka,Pakistan,165 runs,Hambantota,7/26/2015,ODI # 3672,3672,Sri Lanka,Pakistan
Zimbabwe,Pakistan,Pakistan,Zimbabwe,131 runs,Harare,10/1/2015,ODI # 3685,3685,Zimbabwe,Pakistan
Zimbabwe,Pakistan,Zimbabwe,Pakistan,5 runs,Harare,10/3/2015,ODI # 3686,3686,Zimbabwe,Pakistan
Zimbabwe,Pakistan,Pakistan,Zimbabwe,7 wickets,Harare,10/5/2015,ODI # 3687,3687,Zimbabwe,Pakistan
England,Pakistan,Pakistan,England,6 wickets,Abu Dhabi,11/11/2015,ODI # 3707,3707,United Arab Emirates,Pakistan
England,Pakistan,England,Pakistan,95 runs,Abu Dhabi,11/13/2015,ODI # 3708,3708,United Arab Emirates,Pakistan
England,Pakistan,England,Pakistan,6 wickets,Sharjah,11/17/2015,ODI # 3710,3710,United Arab Emirates,Pakistan
England,Pakistan,England,Pakistan,84 runs,Dubai (DSC),11/20/2015,ODI # 3712,3712,United Arab Emirates,Pakistan
New Zealand,Pakistan,New Zealand,Pakistan,70 runs,Wellington,1/25/2016,ODI # 3728,3728,New Zealand,Pakistan
New Zealand,Pakistan,New Zealand,Pakistan,3 wickets,Auckland,1/31/2016,ODI # 3730,3730,New Zealand,Pakistan
Ireland,Pakistan,Pakistan,Ireland,255 runs,Dublin (Malahide),8/18/2016,ODI # 3767,3767,Ireland,Pakistan
England,Pakistan,England,Pakistan,44 runs,Southampton,8/24/2016,ODI # 3770,3770,England,Pakistan
England,Pakistan,England,Pakistan,4 wickets,Lord's,8/27/2016,ODI # 3771,3771,England,Pakistan
England,Pakistan,England,Pakistan,169 runs,Nottingham,8/30/2016,ODI # 3773,3773,England,Pakistan
England,Pakistan,England,Pakistan,4 wickets,Leeds,9/1/2016,ODI # 3775,3775,England,Pakistan
England,Pakistan,Pakistan,England,4 wickets,Cardiff,9/4/2016,ODI # 3777,3777,Wales,Pakistan
Pakistan,West Indies,Pakistan,West Indies,111 runs,Sharjah,9/30/2016,ODI # 3784,3784,United Arab Emirates,Pakistan
Pakistan,West Indies,Pakistan,West Indies,59 runs,Sharjah,10/2/2016,ODI # 3788,3788,United Arab Emirates,Pakistan
Pakistan,West Indies,Pakistan,West Indies,136 runs,Abu Dhabi,10/5/2016,ODI # 3789,3789,United Arab Emirates,Pakistan
Australia,Pakistan,Australia,Pakistan,92 runs,Brisbane,1/13/2017,ODI # 3817,3817,Australia,Pakistan
Australia,Pakistan,Pakistan,Australia,6 wickets,Melbourne,1/15/2017,ODI # 3818,3818,Australia,Pakistan
Australia,Pakistan,Australia,Pakistan,7 wickets,Perth,1/19/2017,ODI # 3820,3820,Australia,Pakistan
Australia,Pakistan,Australia,Pakistan,86 runs,Sydney,1/22/2017,ODI # 3822,3822,Australia,Pakistan
Australia,Pakistan,Australia,Pakistan,57 runs,Adelaide,1/26/2017,ODI # 3826,3826,Australia,Pakistan
West Indies,Pakistan,West Indies,Pakistan,4 wickets,Providence,4/7/2017,ODI # 3861,3861,West Indies,Pakistan
West Indies,Pakistan,Pakistan,West Indies,74 runs,Providence,4/9/2017,ODI # 3862,3862,West Indies,Pakistan
West Indies,Pakistan,Pakistan,West Indies,6 wickets,Providence,4/11/2017,ODI # 3863,3863,West Indies,Pakistan
India,Pakistan,India,Pakistan,124 runs,Birmingham,6/4/2017,ODI # 3878,3878,England,Pakistan
Pakistan,South Africa,Pakistan,South Africa,19 runs,Birmingham,6/7/2017,ODI # 3881,3881,England,Pakistan
Pakistan,Sri Lanka,Pakistan,Sri Lanka,3 wickets,Cardiff,6/12/2017,ODI # 3888,3888,Wales,Pakistan
England,Pakistan,Pakistan,England,8 wickets,Cardiff,6/14/2017,ODI # 3889,3889,Wales,Pakistan
India,Pakistan,Pakistan,India,180 runs,The Oval,6/18/2017,ODI # 3894,3894,England,Pakistan
Pakistan,Sri Lanka,Pakistan,Sri Lanka,83 runs,Dubai (DSC),10/13/2017,ODI # 3922,3922,United Arab Emirates,Pakistan
Pakistan,Sri Lanka,Pakistan,Sri Lanka,32 runs,Abu Dhabi,10/16/2017,ODI # 3924,3924,United Arab Emirates,Pakistan
Pakistan,Sri Lanka,Pakistan,Sri Lanka,7 wickets,Abu Dhabi,10/18/2017,ODI # 3926,3926,United Arab Emirates,Pakistan
Pakistan,Sri Lanka,Pakistan,Sri Lanka,7 wickets,Sharjah,10/20/2017,ODI # 3927,3927,United Arab Emirates,Pakistan
Pakistan,Sri Lanka,Pakistan,Sri Lanka,9 wickets,Sharjah,10/23/2017,ODI # 3930,3930,United Arab Emirates,Pakistan
New Zealand,Pakistan,New Zealand,Pakistan,61 runs,Wellington,1/6/2018,ODI # 3946,3946,New Zealand,Pakistan
New Zealand,Pakistan,New Zealand,Pakistan,8 wickets,Nelson,1/9/2018,ODI # 3947,3947,New Zealand,Pakistan
New Zealand,Pakistan,New Zealand,Pakistan,183 runs,Dunedin,1/13/2018,ODI # 3949,3949,New Zealand,Pakistan
New Zealand,Pakistan,New Zealand,Pakistan,5 wickets,Hamilton,1/16/2018,ODI # 3953,3953,New Zealand,Pakistan
New Zealand,Pakistan,New Zealand,Pakistan,15 runs,Wellington,1/19/2018,ODI # 3957,3957,New Zealand,Pakistan
Zimbabwe,Pakistan,Pakistan,Zimbabwe,201 runs,Bulawayo,7/13/2018,ODI # 4015,4015,Zimbabwe,Pakistan
Zimbabwe,Pakistan,Pakistan,Zimbabwe,9 wickets,Bulawayo,7/16/2018,ODI # 4017,4017,Zimbabwe,Pakistan
Zimbabwe,Pakistan,Pakistan,Zimbabwe,9 wickets,Bulawayo,7/18/2018,ODI # 4019,4019,Zimbabwe,Pakistan
Zimbabwe,Pakistan,Pakistan,Zimbabwe,244 runs,Bulawayo,7/20/2018,ODI # 4020,4020,Zimbabwe,Pakistan
Zimbabwe,Pakistan,Pakistan,Zimbabwe,131 runs,Bulawayo,7/22/2018,ODI # 4021,4021,Zimbabwe,Pakistan
Hong Kong,Pakistan,Pakistan,Hong Kong,8 wickets,Dubai (DSC),9/16/2018,ODI # 4037,4037,United Arab Emirates,Pakistan
India,Pakistan,India,Pakistan,8 wickets,Dubai (DSC),9/19/2018,ODI # 4040,4040,United Arab Emirates,Pakistan
Afghanistan,Pakistan,Pakistan,Afghanistan,3 wickets,Abu Dhabi,9/21/2018,ODI # 4043,4043,United Arab Emirates,Pakistan
India,Pakistan,India,Pakistan,9 wickets,Dubai (DSC),9/23/2018,ODI # 4044,4044,United Arab Emirates,Pakistan
Bangladesh,Pakistan,Bangladesh,Pakistan,37 runs,Abu Dhabi,9/26/2018,ODI # 4047,4047,United Arab Emirates,Pakistan
New Zealand,Pakistan,New Zealand,Pakistan,47 runs,Abu Dhabi,11/7/2018,ODI # 4066,4066,United Arab Emirates,Pakistan
New Zealand,Pakistan,Pakistan,New Zealand,6 wickets,Abu Dhabi,11/9/2018,ODI # 4068,4068,United Arab Emirates,Pakistan
New Zealand,Pakistan,no result,New Zealand,,Dubai (DSC),11/11/2018,ODI # 4070,4070,United Arab Emirates,Pakistan
South Africa,Pakistan,Pakistan,South Africa,5 wickets,Gqeberha,1/19/2019,ODI # 4080,4080,South Africa,Pakistan
South Africa,Pakistan,South Africa,Pakistan,5 wickets,Durban,1/22/2019,ODI # 4081,4081,South Africa,Pakistan
South Africa,Pakistan,South Africa,Pakistan,13 runs,Centurion,1/25/2019,ODI # 4084,4084,South Africa,Pakistan
South Africa,Pakistan,Pakistan,South Africa,8 wickets,Johannesburg,1/27/2019,ODI # 4087,4087,South Africa,Pakistan
South Africa,Pakistan,South Africa,Pakistan,7 wickets,Cape Town,1/30/2019,ODI # 4090,4090,South Africa,Pakistan
Australia,Pakistan,Australia,Pakistan,8 wickets,Sharjah,3/22/2019,ODI # 4116,4116,United Arab Emirates,Pakistan
Australia,Pakistan,Australia,Pakistan,8 wickets,Sharjah,3/24/2019,ODI # 4117,4117,United Arab Emirates,Pakistan
Australia,Pakistan,Australia,Pakistan,80 runs,Abu Dhabi,3/27/2019,ODI # 4118,4118,United Arab Emirates,Pakistan
Australia,Pakistan,Australia,Pakistan,6 runs,Dubai (DSC),3/29/2019,ODI # 4119,4119,United Arab Emirates,Pakistan
Australia,Pakistan,Australia,Pakistan,20 runs,Dubai (DSC),3/31/2019,ODI # 4120,4120,United Arab Emirates,Pakistan
England,Pakistan,no result,England,,The Oval,5/8/2019,ODI # 4130,4130,England,Pakistan
England,Pakistan,England,Pakistan,12 runs,Southampton,5/11/2019,ODI # 4133,4133,England,Pakistan
England,Pakistan,England,Pakistan,6 wickets,Bristol,5/14/2019,ODI # 4135,4135,England,Pakistan
England,Pakistan,England,Pakistan,3 wickets,Nottingham,5/17/2019,ODI # 4138,4138,England,Pakistan
England,Pakistan,England,Pakistan,54 runs,Leeds,5/19/2019,ODI # 4140,4140,England,Pakistan
Pakistan,West Indies,West Indies,Pakistan,7 wickets,Nottingham,5/31/2019,ODI # 4144,4144,England,Pakistan
England,Pakistan,Pakistan,England,14 runs,Nottingham,6/3/2019,ODI # 4148,4148,England,Pakistan
Australia,Pakistan,Australia,Pakistan,41 runs,Taunton,6/12/2019,ODI # 4157,4157,England,Pakistan
India,Pakistan,India,Pakistan,89 runs,Manchester,6/16/2019,ODI # 4161,4161,England,Pakistan
Pakistan,South Africa,Pakistan,South Africa,49 runs,Lord's,6/23/2019,ODI # 4171,4171,England,Pakistan
New Zealand,Pakistan,Pakistan,New Zealand,6 wickets,Birmingham,6/26/2019,ODI # 4174,4174,England,Pakistan
Afghanistan,Pakistan,Pakistan,Afghanistan,3 wickets,Leeds,6/29/2019,ODI # 4177,4177,England,Pakistan
Bangladesh,Pakistan,Pakistan,Bangladesh,94 runs,Lord's,7/5/2019,ODI # 4186,4186,England,Pakistan
Pakistan,Sri Lanka,Pakistan,Sri Lanka,67 runs,Karachi,9/30/2019,ODI # 4211,4211,Pakistan,Pakistan
Pakistan,Sri Lanka,Pakistan,Sri Lanka,5 wickets,Karachi,10/2/2019,ODI # 4212,4212,Pakistan,Pakistan
Pakistan,Zimbabwe,Pakistan,Zimbabwe,26 runs,Rawalpindi,10/30/2020,ODI # 4262,4262,Pakistan,Pakistan
Pakistan,Zimbabwe,Pakistan,Zimbabwe,6 wickets,Rawalpindi,11/1/2020,ODI # 4263,4263,Pakistan,Pakistan
Pakistan,Zimbabwe,tied,Pakistan,,Rawalpindi,11/3/2020,ODI # 4264,4264,Pakistan,Pakistan
South Africa,Pakistan,Pakistan,South Africa,3 wickets,Centurion,4/2/2021,ODI # 4285,4285,South Africa,Pakistan
South Africa,Pakistan,South Africa,Pakistan,17 runs,Johannesburg,4/4/2021,ODI # 4286,4286,South Africa,Pakistan
South Africa,Pakistan,Pakistan,South Africa,28 runs,Centurion,4/7/2021,ODI # 4287,4287,South Africa,Pakistan
England,Pakistan,England,Pakistan,9 wickets,Cardiff,7/8/2021,ODI # 4299,4299,Wales,Pakistan
England,Pakistan,England,Pakistan,52 runs,Lord's,7/10/2021,ODI # 4300,4300,England,Pakistan
England,Pakistan,England,Pakistan,3 wickets,Birmingham,7/13/2021,ODI # 4303,4303,England,Pakistan
Pakistan,Australia,Australia,Pakistan,88 runs,Lahore,3/29/2022,ODI # 4379,4379,Pakistan,Pakistan
Pakistan,Australia,Pakistan,Australia,6 wickets,Lahore,3/31/2022,ODI # 4380,4380,Pakistan,Pakistan
Pakistan,Australia,Pakistan,Australia,9 wickets,Lahore,4/2/2022,ODI # 4382,4382,Pakistan,Pakistan
Pakistan,West Indies,Pakistan,West Indies,5 wickets,Multan,6/8/2022,ODI # 4401,4401,Pakistan,Pakistan
Pakistan,West Indies,Pakistan,West Indies,120 runs,Multan,6/10/2022,ODI # 4405,4405,Pakistan,Pakistan
Pakistan,West Indies,Pakistan,West Indies,53 runs,Multan,6/12/2022,ODI # 4407,4407,Pakistan,Pakistan
Netherlands,Pakistan,Pakistan,Netherlands,16 runs,Rotterdam,8/16/2022,ODI # 4448,4448,Netherlands,Pakistan
Netherlands,Pakistan,Pakistan,Netherlands,7 wickets,Rotterdam,8/18/2022,ODI # 4452,4452,Netherlands,Pakistan
Netherlands,Pakistan,Pakistan,Netherlands,9 runs,Rotterdam,8/21/2022,ODI # 4455,4455,Netherlands,Pakistan
